"PPSORT","CMA","AGE","SEX","RACE"
464446,933,"a20_24","f","ao_oesao"
390505,933,"a70_74","m","eo_weo_German"
816912,933,"a40_44","m","eo_bio_Irish"
249668,933,"a35_39","m","eo_oweo"
716308,933,"a45_49","f","onao_Canadian"
547424,933,"a70_74","m","eo_fo"
412211,933,"a15_19","m","ao_esao_Chinese"
524448,933,"a15_19","m","eo_bio_English"
313100,933,"a50_54","m","eo_bio_Scottish"
743375,933,"a5_9","m","eo_fo"
537678,933,"a50_54","m","eo_bio_Irish"
822109,933,"a50_54","m","eo_bio_Scottish"
753477,933,"a45_49","m","eo_weo_Dutch"
918921,933,"a30_34","m","eo_bio_English"
612298,933,"a50_54","f","eo_neo"
711823,933,"a15_19","f","eo_eeo_Russian"
887151,933,"a55_59","m","eo_obio"
666579,933,"a60_64","f","eo_bio_Scottish"
212951,933,"a50_54","f","eo_neo"
235575,933,"a15_19","m","ao_esao_Chinese"
365558,933,"a75_79","f","eo_bio_Scottish"
378309,933,"a60_64","f","eo_bio_English"
806957,933,"a15_19","f","eo_seo_Spanish"
12883,933,"a60_64","m","onao_Canadian"
132090,933,"a45_49","m","eo_weo_German"
67041,933,"a15_19","m","onao_Canadian"
78121,933,"a60_64","m","eo_bio_English"
556906,933,"a15_19","m","oo"
763751,933,"a50_54","f","ao_esao_Chinese"
200597,933,"a20_24","f","eo_obio"
481552,933,"a85_","f","eo_bio_Irish"
777572,933,"a50_54","f","eo_bio_Scottish"
514525,933,"a20_24","f","ao_oesao"
347955,933,"a40_44","f","ao_esao_Chinese"
867415,933,"a40_44","m","eo_bio_Irish"
510046,933,"a5_9","f","onao_Canadian"
16309,933,"a5_9","f","eo_bio_English"
483671,933,"a15_19","f","eo_eeo_Russian"
147550,933,"a70_74","f","eo_neo"
497930,933,"a5_9","m","eo_bio_Scottish"
597104,933,"a15_19","m","ao_wcameo"
484531,933,"a10_14","f","onao_Canadian"
870753,933,"a5_9","m","onao_Canadian"
314147,933,"a75_79","f","eo_bio_English"
631354,933,"a30_34","m","onao_Canadian"
71467,933,"a30_34","f","eo_bio_Irish"
567512,933,"a25_29","m","eo_obio"
696499,933,"a45_49","f","eo_weo_German"
859609,933,"a15_19","m","onao_Canadian"
327768,933,"a40_44","f","eo_weo_Dutch"
501853,933,"a80_84","f","eo_neo"
598156,933,"a55_59","m","eo_bio_Scottish"
694134,933,"a25_29","m","eo_bio_English"
43695,933,"a60_64","f","eo_seo_Italian"
188971,933,"a60_64","f","eo_eeo_Ukrainian"
445072,933,"a45_49","f","onao"
257029,933,"a40_44","m","eo_bio_Scottish"
101623,933,"a35_39","f","eo_weo_German"
526938,933,"a45_49","m","onao"
370960,933,"a60_64","m","eo_oweo"
712078,933,"a15_19","m","eo_obio"
918632,933,"a15_19","f","oco"
219316,933,"a20_24","m","ao_esao_Chinese"
526102,933,"a30_34","m","eo_weo_Dutch"
680347,933,"a15_19","m","onao_Canadian"
88914,933,"a60_64","m","eo_eeo_Polish"
231044,933,"a15_19","f","ao_esao_Chinese"
473378,933,"a50_54","f","eo_eeo_Ukrainian"
439584,933,"a70_74","m","eo_weo_German"
501883,933,"a50_54","m","eo_oeeo"
147157,933,"a35_39","f","eo_eeo_Ukrainian"
910591,933,"a70_74","m","eo_bio_Scottish"
410518,933,"a20_24","m","eo_fo"
715981,933,"a40_44","m","naao"
446711,933,"a65_69","f","eo_weo_German"
381383,933,"a20_24","m","ao_esao_Chinese"
103822,933,"a70_74","m","eo_fo"
548006,933,"a15_19","m","eo_oeo"
59839,933,"a60_64","m","onao"
837779,933,"a55_59","m","eo_weo_Dutch"
12168,933,"a30_34","f","eo_oeeo"
923939,933,"a25_29","f","eo_bio_English"
332404,933,"a40_44","f","eo_weo_German"
248264,933,"a25_29","m","onao_Canadian"
379793,933,"a65_69","f","eo_oweo"
605042,933,"a45_49","m","onao"
209022,933,"a30_34","f","eo_weo_Dutch"
689864,933,"a10_14","m","onao_Canadian"
518428,933,"a5_9","m","onao_Canadian"
737941,933,"a25_29","m","eo_weo_Dutch"
232056,933,"a20_24","f","eo_weo_Dutch"
33483,933,"a55_59","m","eo_weo_German"
922316,933,"a10_14","m","eo_bio_English"
566755,933,"a65_69","f","eo_eeo_Russian"
601556,933,"a55_59","m","eo_oweo"
912208,933,"a35_39","m","eo_bio_Irish"
159441,933,"a20_24","f","eo_weo_Dutch"
414496,933,"a55_59","f","eo_bio_English"
344265,933,"a60_64","f","ao_esao_Chinese"
713888,933,"a10_14","m","ao_esao_Chinese"
634341,933,"a70_74","f","eo_weo_German"
550132,933,"a65_69","m","eo_bio_English"
213796,933,"a30_34","m","ao_oesao"
153538,933,"a65_69","m","eo_bio_Irish"
423814,933,"a85_","m","eo_bio_English"
715698,933,"a60_64","f","eo_weo_German"
723858,933,"a15_19","m","eo_bio_English"
907820,933,"a40_44","m","onao_Canadian"
178426,933,"a45_49","m","eo_seo_Italian"
875627,933,"a60_64","f","onao"
460037,933,"a30_34","f","eo_bio_Scottish"
870888,933,"a40_44","f","eo_obio"
318450,933,"a30_34","m","onao_Canadian"
54632,933,"a5_9","m","eo_weo_Dutch"
664749,933,"a55_59","m","eo_bio_English"
484576,933,"a30_34","f","eo_bio_Irish"
233472,933,"a50_54","f","eo_weo_German"
223678,933,"a55_59","m","eo_neo"
822378,933,"a25_29","m","eo_bio_English"
69956,933,"a65_69","m","eo_obio"
737810,933,"a20_24","m","eo_weo_German"
119919,933,"a15_19","m","onao_Canadian"
808704,933,"a10_14","m","eo_bio_English"
8677,933,"a25_29","m","eo_bio_Irish"
612088,933,"a5_9","f","eo_weo_Dutch"
685426,933,"a65_69","m","eo_bio_English"
265148,933,"a50_54","m","eo_bio_Scottish"
430523,933,"a0_4","m","onao_Canadian"
683257,933,"a10_14","f","eo_eeo_Russian"
128050,933,"a5_9","m","ao_wcameo"
368525,933,"a70_74","f","onao_Canadian"
587842,933,"a55_59","f","eo_bio_English"
323659,933,"a10_14","m","eo_bio_English"
177090,933,"a5_9","f","onao_Canadian"
729393,933,"a15_19","m","eo_seo_Spanish"
632638,933,"a10_14","f","onao_Canadian"
465583,933,"a55_59","m","eo_bio_English"
190034,933,"a25_29","m","naao"
454287,933,"a60_64","m","eo_bio_Irish"
233391,933,"a20_24","m","eo_neo"
502204,933,"a45_49","f","eo_neo"
929288,933,"a20_24","m","eo_neo"
818873,933,"a0_4","f","onao_Canadian"
513855,933,"a45_49","f","eo_bio_English"
44337,933,"a65_69","f","eo_bio_English"
142242,933,"a40_44","m","eo_weo_German"
623756,933,"a15_19","f","eo_weo_German"
262821,933,"a60_64","f","eo_obio"
681551,933,"a0_4","f","eo_eeo_Hungarian"
603147,933,"a55_59","f","eo_fo"
717336,933,"a40_44","f","eo_bio_English"
559938,933,"a15_19","m","eo_weo_Dutch"
804743,933,"a5_9","f","eo_bio_English"
274903,933,"a55_59","f","eo_neo"
302672,933,"a55_59","f","eo_weo_German"
732471,933,"a55_59","m","eo_weo_German"
873132,933,"a80_84","m","eo_weo_German"
592454,933,"a20_24","m","onao_Canadian"
552277,933,"a25_29","m","eo_weo_Dutch"
173569,933,"a50_54","f","eo_weo_German"
560786,933,"a80_84","f","eo_weo_Dutch"
892886,933,"a50_54","m","eo_weo_Dutch"
462227,933,"a50_54","m","eo_weo_German"
808591,933,"a55_59","m","oo"
625240,933,"a5_9","f","onao_Canadian"
314302,933,"a65_69","f","eo_bio_Scottish"
191027,933,"a15_19","m","onao_Canadian"
19880,933,"a10_14","m","naao"
916931,933,"a15_19","f","ao_oesao"
696487,933,"a50_54","m","eo_bio_English"
493890,933,"a40_44","m","ao_esao_Filipino"
561162,933,"a55_59","f","eo_weo_German"
428652,933,"a0_4","f","naao"
500,933,"a65_69","m","eo_bio_Scottish"
847057,933,"a55_59","f","eo_eeo_Russian"
578106,933,"a40_44","m","eo_weo_German"
648037,933,"a45_49","f","eo_bio_English"
164849,933,"a50_54","f","eo_bio_Scottish"
78083,933,"a0_4","f","eo_bio_Irish"
104804,933,"a0_4","f","eo_eeo_Russian"
307915,933,"a5_9","m","ao_wcameo"
609066,933,"a55_59","m","eo_weo_Dutch"
717469,933,"a50_54","m","onao_Canadian"
420708,933,"a0_4","m","naao"
427655,933,"a75_79","m","eo_eeo_Russian"
551516,933,"a75_79","m","eo_eeo_Ukrainian"
474575,933,"a45_49","m","eo_weo_German"
581468,933,"a10_14","m","eo_eeo_Hungarian"
859049,933,"a15_19","f","eo_weo_German"
171901,933,"a40_44","m","onao"
704305,933,"a5_9","m","onao"
215822,933,"a30_34","f","eo_weo_German"
147782,933,"a30_34","f","ao_esao_Chinese"
740548,933,"a0_4","f","onao_Canadian"
894807,933,"a60_64","f","eo_bio_Scottish"
59925,933,"a55_59","m","eo_weo_German"
697527,933,"a50_54","m","eo_seo_Italian"
671715,933,"a25_29","f","ao_esao_Filipino"
86771,933,"a30_34","f","eo_bio_Scottish"
209164,933,"a15_19","m","eo_bio_Scottish"
396663,933,"a20_24","f","eo_weo_German"
532090,933,"a50_54","m","eo_bio_English"
73970,933,"a10_14","m","onao_Canadian"
554192,933,"a15_19","m","ao_esao_Chinese"
178371,933,"a15_19","m","ao_esao_Chinese"
513493,933,"a30_34","f","onao_Canadian"
769231,933,"a10_14","m","onao_Canadian"
556136,933,"a35_39","m","eo_bio_English"
881867,933,"a45_49","f","eo_bio_English"
856121,933,"a50_54","m","eo_obio"
396328,933,"a60_64","m","eo_bio_Irish"
910044,933,"a5_9","m","ao_esao_Chinese"
617674,933,"a80_84","f","eo_weo_German"
184356,933,"a50_54","m","eo_obio"
154371,933,"a5_9","m","eo_bio_Scottish"
219056,933,"a45_49","m","eo_oeeo"
453196,933,"a10_14","m","eo_bio_English"
392678,933,"a35_39","m","eo_oweo"
292290,933,"a40_44","f","eo_weo_German"
851640,933,"a60_64","m","eo_bio_English"
902086,933,"a20_24","m","eo_weo_Dutch"
684515,933,"a45_49","m","eo_weo_German"
326283,933,"a0_4","m","ao_esao_Chinese"
758138,933,"a55_59","f","eo_eeo_Russian"
541120,933,"a70_74","f","eo_fo"
821540,933,"a5_9","f","eo_weo_German"
916567,933,"a50_54","m","eo_seo_Spanish"
636950,933,"a20_24","m","onao_Canadian"
873959,933,"a70_74","f","eo_weo_Dutch"
52440,933,"a50_54","f","eo_bio_Scottish"
275847,933,"a40_44","m","eo_fo"
901348,933,"a50_54","m","eo_neo"
500152,933,"a55_59","f","eo_weo_German"
634907,933,"a10_14","f","eo_eeo_Russian"
799633,933,"a10_14","m","eo_weo_German"
759885,933,"a25_29","m","eo_bio_Irish"
682813,933,"a85_","f","eo_obio"
177483,933,"a35_39","m","eo_fo"
226334,933,"a55_59","m","ao_wcameo"
680917,933,"a5_9","m","ao_esao_Chinese"
898135,933,"a40_44","m","eo_weo_Dutch"
130225,933,"a60_64","f","eo_weo_German"
330456,933,"a55_59","m","eo_eeo_Russian"
425449,933,"a50_54","m","eo_bio_Irish"
439136,933,"a45_49","f","eo_oeeo"
702181,933,"a50_54","f","eo_obio"
278997,933,"a55_59","f","eo_weo_German"
1504,933,"a20_24","f","eo_neo"
166215,933,"a30_34","m","oco"
232173,933,"a55_59","f","onao"
884899,933,"a75_79","f","eo_neo"
342331,933,"a5_9","f","onao_Canadian"
460033,933,"a30_34","f","eo_weo_Dutch"
128633,933,"a55_59","m","eo_weo_Dutch"
33175,933,"a35_39","f","eo_bio_English"
892122,933,"a10_14","f","onao_Canadian"
11554,933,"a35_39","m","onao_Canadian"
205147,933,"a40_44","m","ao_esao_Filipino"
130655,933,"a55_59","f","eo_weo_German"
905895,933,"a60_64","f","eo_bio_Scottish"
513079,933,"a55_59","m","onao_Canadian"
919312,933,"a20_24","m","eo_fo"
235691,933,"a45_49","f","eo_weo_German"
816914,933,"a45_49","m","eo_fo"
918530,933,"a60_64","m","eo_eeo_Ukrainian"
531577,933,"a55_59","f","onao_Canadian"
322957,933,"a10_14","m","eo_eeo_Ukrainian"
732688,933,"a20_24","f","onao_Canadian"
550041,933,"a55_59","m","ao_esao_Chinese"
553510,933,"a55_59","m","eo_bio_Irish"
435399,933,"a5_9","f","eo_weo_Dutch"
714172,933,"a20_24","f","eo_weo_Dutch"
534874,933,"a40_44","m","eo_eeo_Polish"
317773,933,"a0_4","f","eo_oeeo"
479344,933,"a15_19","m","ao_wcameo"
718690,933,"a30_34","m","eo_bio_English"
568459,933,"a60_64","m","eo_bio_Irish"
796829,933,"a50_54","f","eo_weo_Dutch"
666844,933,"a0_4","m","naao"
277329,933,"a45_49","m","onao_Canadian"
684467,933,"a50_54","m","eo_weo_German"
455505,933,"a50_54","f","eo_bio_English"
887266,933,"a50_54","m","eo_seo_Italian"
74736,933,"a60_64","m","eo_eeo_Russian"
873165,933,"a5_9","f","eo_oeeo"
867622,933,"a40_44","m","eo_eeo_Ukrainian"
430573,933,"a55_59","m","eo_fo"
713516,933,"a20_24","f","onao_Canadian"
439283,933,"a20_24","f","eo_bio_Irish"
357651,933,"a15_19","f","eo_bio_English"
5287,933,"a50_54","f","eo_bio_Irish"
740864,933,"a40_44","f","onao_Canadian"
68461,933,"a50_54","f","eo_neo"
585009,933,"a55_59","f","eo_bio_Scottish"
537117,933,"a45_49","m","eo_neo"
696393,933,"a60_64","f","eo_bio_English"
249097,933,"a60_64","m","eo_weo_German"
584272,933,"a45_49","m","eo_weo_German"
817364,933,"a60_64","f","eo_weo_Dutch"
697452,933,"a50_54","f","eo_weo_German"
192112,933,"a30_34","f","eo_bio_English"
115261,933,"a45_49","m","ao_wcameo"
394660,933,"a0_4","f","ao_esao_Chinese"
210850,933,"a15_19","f","onao_Canadian"
412168,933,"a30_34","m","onao_Canadian"
242799,933,"a45_49","f","eo_bio_Irish"
674383,933,"a25_29","m","eo_bio_Irish"
824074,933,"a55_59","m","eo_weo_German"
500364,933,"a40_44","f","naao"
490658,933,"a15_19","m","eo_weo_German"
726539,933,"a5_9","m","eo_bio_English"
557397,933,"a65_69","m","eo_bio_Scottish"
534241,933,"a70_74","f","eo_bio_English"
328994,933,"a30_34","f","eo_oeeo"
424380,933,"a50_54","f","eo_weo_German"
411777,933,"a60_64","f","eo_weo_German"
681055,933,"a50_54","m","eo_weo_German"
696419,933,"a70_74","m","eo_bio_English"
747247,933,"a65_69","f","eo_weo_Dutch"
359305,933,"a65_69","f","onao_Canadian"
131840,933,"a20_24","f","ao_esao_Chinese"
785440,933,"a75_79","m","eo_bio_Scottish"
140204,933,"a10_14","f","oco"
495196,933,"a20_24","f","onao_Canadian"
16612,933,"a30_34","m","eo_fo"
330128,933,"a35_39","m","eo_weo_German"
568745,933,"a50_54","f","eo_obio"
197512,933,"a60_64","f","ao_wcameo"
349889,933,"a75_79","m","eo_oweo"
849858,933,"a75_79","f","eo_eeo_Ukrainian"
741424,933,"a5_9","f","onao_Canadian"
410944,933,"a60_64","f","eo_weo_Dutch"
317550,933,"a30_34","m","eo_seo_Italian"
111690,933,"a10_14","m","onao_Canadian"
547731,933,"a20_24","f","eo_bio_English"
94736,933,"a25_29","f","ao_oesao"
50076,933,"a20_24","m","ao_oesao"
854258,933,"a60_64","f","eo_bio_Scottish"
643076,933,"a25_29","f","eo_weo_Dutch"
364425,933,"a40_44","m","onao_Canadian"
884232,933,"a20_24","f","eo_weo_Dutch"
391872,933,"a60_64","f","onao"
441889,933,"a50_54","f","ao_esao_Chinese"
289142,933,"a45_49","m","eo_eeo_Russian"
251326,933,"a70_74","f","eo_weo_German"
40180,933,"a55_59","m","eo_bio_Scottish"
613816,933,"a10_14","f","ao_esao_Filipino"
426474,933,"a50_54","f","eo_bio_Scottish"
878095,933,"a15_19","f","eo_bio_Scottish"
317629,933,"a60_64","f","eo_bio_Irish"
481801,933,"a80_84","m","eo_bio_English"
913633,933,"a0_4","m","onao_Canadian"
315242,933,"a5_9","m","eo_eeo_Ukrainian"
856935,933,"a55_59","f","eo_eeo_Hungarian"
771654,933,"a10_14","f","eo_bio_English"
252757,933,"a15_19","m","onao_Canadian"
541167,933,"a60_64","m","eo_fo"
143024,933,"a55_59","m","eo_weo_Dutch"
539242,933,"a20_24","m","onao_Canadian"
501305,933,"a0_4","m","naao"
706282,933,"a55_59","f","eo_bio_English"
363399,933,"a65_69","m","eo_eeo_Ukrainian"
797606,933,"a60_64","m","eo_bio_English"
67817,933,"a65_69","f","eo_bio_Scottish"
67623,933,"a25_29","f","onao_Canadian"
691483,933,"a75_79","m","eo_bio_Scottish"
738265,933,"a55_59","f","ao_esao_Chinese"
611973,933,"a70_74","f","eo_obio"
812670,933,"a45_49","m","onao_Canadian"
917698,933,"a55_59","f","eo_weo_German"
69660,933,"a55_59","f","eo_bio_Scottish"
376943,933,"a60_64","f","eo_weo_German"
620281,933,"a75_79","m","eo_weo_Dutch"
757877,933,"a55_59","m","eo_eeo_Russian"
702561,933,"a35_39","f","eo_fo"
280485,933,"a20_24","m","eo_weo_Dutch"
101436,933,"a50_54","m","eo_neo"
872836,933,"a15_19","m","onao_Canadian"
599557,933,"a60_64","m","eo_neo"
33224,933,"a50_54","m","onao_Canadian"
887959,933,"a0_4","m","naao"
815389,933,"a0_4","m","naao"
189738,933,"a60_64","f","eo_eeo_Russian"
560910,933,"a35_39","f","eo_weo_German"
922937,933,"a35_39","f","eo_bio_English"
924458,933,"a5_9","m","eo_eeo_Russian"
890181,933,"a50_54","f","eo_bio_English"
660316,933,"a5_9","m","eo_weo_German"
550814,933,"a80_84","f","eo_weo_German"
398558,933,"a25_29","m","eo_bio_Irish"
36234,933,"a10_14","f","eo_bio_English"
288982,933,"a15_19","f","ao_esao_Chinese"
553952,933,"a15_19","m","onao_Canadian"
578429,933,"a65_69","f","onao_Canadian"
255927,933,"a20_24","f","eo_eeo_Ukrainian"
386169,933,"a35_39","m","eo_bio_Irish"
380593,933,"a60_64","m","eo_bio_Scottish"
926151,933,"a55_59","m","onao_Canadian"
605340,933,"a30_34","m","ao_esao_Filipino"
278214,933,"a40_44","f","onao_Canadian"
75445,933,"a20_24","f","onao_Canadian"
153446,933,"a10_14","f","eo_bio_Scottish"
215753,933,"a55_59","m","eo_bio_English"
654797,933,"a35_39","f","eo_bio_Scottish"
35982,933,"a5_9","m","onao_Canadian"
123216,933,"a80_84","m","onao_Canadian"
45131,933,"a80_84","f","eo_bio_English"
619600,933,"a20_24","f","eo_weo_Dutch"
15962,933,"a55_59","f","eo_bio_Irish"
847179,933,"a65_69","f","eo_weo_German"
503780,933,"a30_34","m","eo_obio"
153969,933,"a60_64","m","ao_esao_Chinese"
32258,933,"a45_49","m","eo_bio_Irish"
344948,933,"a45_49","m","eo_bio_Scottish"
343755,933,"a60_64","f","ao_oesao"
564004,933,"a50_54","m","eo_seo_Italian"
179792,933,"a25_29","m","eo_seo_Italian"
99442,933,"a25_29","f","eo_eeo_Russian"
910140,933,"a5_9","m","onao_Canadian"
509770,933,"a55_59","m","ao_oesao"
64197,933,"a55_59","m","eo_bio_English"
802022,933,"a45_49","m","eo_weo_Dutch"
636354,933,"a0_4","f","eo_weo_German"
27929,933,"a70_74","f","onao_Canadian"
198783,933,"a60_64","m","eo_bio_Irish"
61716,933,"a55_59","m","eo_bio_Irish"
556214,933,"a35_39","f","eo_obio"
314860,933,"a25_29","m","eo_weo_Dutch"
349383,933,"a0_4","f","ao_esao_Chinese"
562510,933,"a85_","f","eo_weo_German"
855974,933,"a20_24","m","onao_Canadian"
613942,933,"a65_69","m","onao_Canadian"
682090,933,"a10_14","m","eo_bio_Scottish"
243978,933,"a65_69","f","eo_weo_German"
320990,933,"a15_19","m","onao_Canadian"
505420,933,"a10_14","m","onao_Canadian"
386991,933,"a30_34","f","eo_weo_Dutch"
332645,933,"a55_59","f","eo_weo_German"
198720,933,"a10_14","m","eo_bio_English"
35888,933,"a45_49","f","eo_weo_Dutch"
315417,933,"a5_9","m","eo_weo_Dutch"
370997,933,"a40_44","f","eo_neo"
295143,933,"a0_4","m","onao_Canadian"
392685,933,"a30_34","f","eo_weo_Dutch"
772614,933,"a20_24","m","onao_Canadian"
176970,933,"a75_79","f","eo_bio_English"
133478,933,"a0_4","f","eo_oeeo"
477935,933,"a5_9","f","eo_bio_English"
666646,933,"a60_64","m","eo_bio_Scottish"
251495,933,"a50_54","m","eo_oweo"
56107,933,"a40_44","m","eo_bio_Scottish"
878264,933,"a10_14","m","eo_weo_Dutch"
213609,933,"a60_64","f","eo_weo_German"
65187,933,"a60_64","f","eo_bio_Scottish"
449003,933,"a0_4","f","eo_weo_Dutch"
128449,933,"a60_64","f","eo_weo_Dutch"
668000,933,"a35_39","f","oco"
510789,933,"a55_59","m","onao_Canadian"
34815,933,"a40_44","f","eo_eeo_Russian"
342859,933,"a5_9","f","onao_Canadian"
176925,933,"a35_39","f","eo_oeeo"
127186,933,"a60_64","m","eo_bio_English"
776547,933,"a35_39","m","onao_Canadian"
702713,933,"a25_29","m","eo_weo_Dutch"
586620,933,"a15_19","m","onao_Canadian"
28838,933,"a45_49","m","eo_weo_German"
12567,933,"a60_64","f","eo_bio_Scottish"
347673,933,"a30_34","m","eo_weo_German"
921724,933,"a25_29","f","eo_seo_Spanish"
379483,933,"a5_9","m","eo_bio_English"
504731,933,"a0_4","f","onao_Canadian"
821309,933,"a20_24","m","eo_fo"
212640,933,"a20_24","f","onao_Canadian"
146908,933,"a60_64","m","eo_bio_English"
896014,933,"a50_54","m","oco"
868569,933,"a10_14","f","eo_fo"
454999,933,"a55_59","f","eo_weo_German"
930268,933,"a80_84","m","eo_weo_German"
445918,933,"a50_54","f","eo_neo"
648162,933,"a50_54","f","eo_fo"
821917,933,"a5_9","f","onao_Canadian"
205869,933,"a80_84","m","eo_weo_German"
275837,933,"a0_4","m","eo_weo_Dutch"
229609,933,"a40_44","m","eo_weo_German"
145508,933,"a50_54","m","eo_bio_Scottish"
232204,933,"a45_49","f","onao_Canadian"
128235,933,"a10_14","f","onao_Canadian"
86768,933,"a15_19","m","onao_Canadian"
780720,933,"a20_24","f","eo_bio_English"
581844,933,"a70_74","f","eo_bio_English"
812641,933,"a45_49","f","eo_weo_German"
82970,933,"a55_59","f","eo_weo_German"
695584,933,"a10_14","m","naao"
807517,933,"a65_69","m","eo_weo_Dutch"
265351,933,"a50_54","m","eo_bio_English"
610037,933,"a10_14","m","onao"
472623,933,"a5_9","f","eo_bio_English"
2453,933,"a55_59","f","eo_oweo"
905398,933,"a20_24","m","onao_Canadian"
581840,933,"a15_19","f","onao_Canadian"
872013,933,"a30_34","m","eo_fo"
371468,933,"a75_79","m","eo_weo_German"
619519,933,"a35_39","f","eo_weo_Dutch"
282081,933,"a0_4","m","eo_weo_Dutch"
919357,933,"a20_24","f","eo_eeo_Russian"
552243,933,"a50_54","m","eo_weo_Dutch"
587993,933,"a5_9","m","onao_Canadian"
533357,933,"a20_24","m","eo_fo"
851734,933,"a15_19","f","eo_weo_German"
581799,933,"a45_49","f","eo_eeo_Ukrainian"
816853,933,"a35_39","m","ao_wcameo"
444356,933,"a20_24","m","ao_esao_Filipino"
136066,933,"a35_39","m","onao"
289063,933,"a75_79","f","onao"
492646,933,"a10_14","f","eo_bio_English"
670740,933,"a10_14","m","eo_weo_Dutch"
24185,933,"a55_59","m","eo_oweo"
138973,933,"a0_4","m","eo_fo"
818239,933,"a10_14","m","onao"
797474,933,"a10_14","m","onao"
797474,933,"a10_14","m","onao"
243120,933,"a20_24","f","eo_eeo_Russian"
270421,933,"a60_64","f","eo_seo_Italian"
20771,933,"a10_14","f","eo_bio_English"
549750,933,"a40_44","m","eo_weo_German"
203949,933,"a10_14","m","onao"
461855,933,"a45_49","f","eo_bio_Irish"
887986,933,"a20_24","f","ao_oesao"
41258,933,"a15_19","m","eo_bio_Scottish"
915152,933,"a15_19","m","eo_weo_German"
448001,933,"a20_24","m","oo"
392559,933,"a55_59","m","eo_weo_German"
869127,933,"a45_49","m","eo_neo"
296763,933,"a55_59","m","eo_eeo_Russian"
825432,933,"a5_9","m","eo_eeo_Ukrainian"
554883,933,"a15_19","m","onao_Canadian"
674744,933,"a30_34","m","eo_obio"
256816,933,"a5_9","m","eo_weo_Dutch"
423013,933,"a35_39","m","eo_bio_English"
234969,933,"a55_59","f","eo_weo_German"
837714,933,"a0_4","m","eo_bio_Scottish"
647662,933,"a15_19","f","eo_seo_Spanish"
543335,933,"a65_69","m","eo_bio_English"
710481,933,"a55_59","f","eo_bio_Scottish"
461306,933,"a65_69","m","eo_bio_English"
490376,933,"a35_39","f","eo_eeo_Ukrainian"
51027,933,"a60_64","f","eo_weo_Dutch"
79801,933,"a0_4","m","onao_Canadian"
676465,933,"a45_49","f","eo_weo_German"
779953,933,"a20_24","m","eo_obio"
305187,933,"a15_19","m","eo_bio_Scottish"
382088,933,"a0_4","f","onao_Canadian"
374410,933,"a25_29","m","onao_Canadian"
27925,933,"a0_4","f","eo_eeo_Russian"
138936,933,"a55_59","f","eo_bio_Scottish"
288002,933,"a80_84","f","eo_fo"
805998,933,"a75_79","m","eo_bio_English"
80650,933,"a55_59","f","eo_neo"
197341,933,"a45_49","m","eo_bio_English"
746863,933,"a70_74","m","eo_weo_German"
876665,933,"a55_59","f","eo_bio_English"
491915,933,"a20_24","f","ao_oesao"
65698,933,"a55_59","m","eo_weo_German"
707404,933,"a55_59","f","eo_weo_German"
433374,933,"a30_34","f","eo_weo_German"
479355,933,"a35_39","m","eo_bio_English"
208331,933,"a50_54","m","eo_bio_Scottish"
158631,933,"a55_59","f","eo_eeo_Polish"
665646,933,"a30_34","f","eo_bio_English"
797238,933,"a85_","m","eo_weo_German"
557451,933,"a55_59","m","onao_Canadian"
388607,933,"a30_34","m","eo_bio_Scottish"
512926,933,"a50_54","m","oco"
202539,933,"a40_44","m","onao"
793698,933,"a45_49","f","eo_bio_Scottish"
104941,933,"a5_9","m","ao_wcameo"
498532,933,"a55_59","f","eo_bio_Scottish"
806483,933,"a30_34","f","eo_bio_Irish"
761720,933,"a20_24","f","eo_bio_Irish"
209048,933,"a0_4","f","onao_Canadian"
648315,933,"a45_49","m","eo_eeo_Ukrainian"
574296,933,"a50_54","m","eo_weo_Dutch"
519100,933,"a35_39","m","eo_neo"
204946,933,"a20_24","f","onao_Canadian"
863966,933,"a75_79","f","eo_eeo_Hungarian"
887518,933,"a10_14","f","eo_eeo_Russian"
647304,933,"a50_54","f","eo_weo_German"
889750,933,"a55_59","m","eo_bio_Irish"
573679,933,"a25_29","f","eo_weo_Dutch"
624650,933,"a20_24","m","ao_oesao"
121882,933,"a45_49","m","onao_Canadian"
22947,933,"a55_59","m","eo_oweo"
136827,933,"a60_64","m","onao"
1712,933,"a75_79","f","eo_bio_Scottish"
703281,933,"a10_14","f","onao_Canadian"
282380,933,"a35_39","m","eo_weo_Dutch"
442552,933,"a10_14","m","ao_oesao"
522321,933,"a70_74","m","eo_bio_English"
821169,933,"a55_59","m","eo_bio_Irish"
923048,933,"a35_39","m","eo_weo_Dutch"
443885,933,"a35_39","f","eo_weo_Dutch"
73708,933,"a5_9","f","eo_weo_Dutch"
430149,933,"a5_9","f","eo_weo_Dutch"
201977,933,"a65_69","m","eo_weo_Dutch"
246600,933,"a60_64","f","eo_bio_Scottish"
673961,933,"a15_19","f","onao_Canadian"
8104,933,"a10_14","m","onao_Canadian"
391720,933,"a35_39","m","eo_fo"
586551,933,"a30_34","m","eo_eeo_Russian"
429167,933,"a15_19","m","eo_bio_English"
180636,933,"a60_64","f","eo_weo_German"
661700,933,"a10_14","f","eo_bio_English"
305864,933,"a85_","f","eo_bio_Scottish"
622912,933,"a65_69","f","eo_weo_German"
667547,933,"a0_4","m","eo_eeo_Ukrainian"
196628,933,"a35_39","m","eo_seo_Spanish"
185681,933,"a35_39","f","eo_bio_English"
88617,933,"a35_39","m","eo_bio_Irish"
457956,933,"a10_14","m","onao_Canadian"
723950,933,"a10_14","f","onao_Canadian"
382155,933,"a30_34","f","eo_fo"
255723,933,"a55_59","f","ao_wcameo"
438643,933,"a10_14","f","onao_Canadian"
177708,933,"a5_9","m","eo_weo_Dutch"
620753,933,"a55_59","m","eo_weo_German"
516180,933,"a55_59","f","eo_bio_Scottish"
708568,933,"a65_69","m","eo_bio_Scottish"
105035,933,"a75_79","m","eo_bio_Scottish"
243053,933,"a65_69","m","eo_bio_Scottish"
270531,933,"a60_64","f","eo_bio_English"
283134,933,"a20_24","f","eo_weo_German"
427983,933,"a25_29","m","eo_bio_English"
577971,933,"a75_79","m","eo_bio_Scottish"
734701,933,"a20_24","m","eo_fo"
798340,933,"a15_19","m","ao_oesao"
655717,933,"a25_29","f","onao_Canadian"
797414,933,"a20_24","m","eo_oeeo"
553411,933,"a55_59","m","eo_weo_German"
765250,933,"a25_29","m","onao_Canadian"
854619,933,"a55_59","m","eo_weo_German"
387593,933,"a20_24","f","eo_bio_English"
592755,933,"a35_39","m","eo_bio_Irish"
739965,933,"a15_19","f","eo_bio_English"
478748,933,"a30_34","m","onao_Canadian"
401505,933,"a30_34","m","eo_bio_Scottish"
282526,933,"a15_19","f","eo_bio_Scottish"
534939,933,"a60_64","m","eo_eeo_Polish"
868670,933,"a60_64","f","eo_bio_Irish"
144483,933,"a0_4","f","eo_bio_Scottish"
666309,933,"a0_4","f","onao_Canadian"
383571,933,"a35_39","f","eo_obio"
458575,933,"a75_79","m","eo_oweo"
415395,933,"a30_34","f","eo_weo_Dutch"
801707,933,"a55_59","m","eo_seo_Italian"
25342,933,"a50_54","f","eo_seo_Spanish"
584776,933,"a45_49","f","eo_weo_Dutch"
169605,933,"a50_54","m","onao_Canadian"
773380,933,"a60_64","m","eo_oweo"
418720,933,"a25_29","m","eo_oweo"
780101,933,"a60_64","f","eo_bio_Scottish"
865873,933,"a50_54","m","eo_weo_German"
710554,933,"a75_79","m","ao_esao_Chinese"
263311,933,"a65_69","m","eo_weo_Dutch"
584431,933,"a45_49","f","eo_weo_German"
532193,933,"a70_74","m","eo_bio_Irish"
505119,933,"a75_79","f","ao_wcameo"
569402,933,"a30_34","m","eo_weo_German"
682343,933,"a35_39","f","eo_eeo_Polish"
78076,933,"a15_19","f","eo_bio_English"
139113,933,"a45_49","f","eo_bio_English"
865501,933,"a55_59","m","eo_weo_Dutch"
388030,933,"a60_64","f","eo_neo"
457551,933,"a55_59","f","eo_weo_Dutch"
101773,933,"a45_49","m","eo_weo_German"
136995,933,"a5_9","m","onao_Canadian"
262134,933,"a15_19","m","onao"
262134,933,"a15_19","m","onao"
190054,933,"a30_34","m","eo_neo"
361113,933,"a50_54","m","eo_seo_Italian"
809155,933,"a55_59","m","eo_bio_English"
544940,933,"a35_39","f","eo_weo_Dutch"
529146,933,"a55_59","m","eo_weo_German"
252506,933,"a20_24","m","onao_Canadian"
233051,933,"a55_59","f","naao"
608182,933,"a50_54","f","eo_weo_German"
834094,933,"a60_64","m","onao_Canadian"
795792,933,"a45_49","m","eo_bio_English"
128590,933,"a70_74","m","eo_bio_English"
241417,933,"a50_54","f","onao_Canadian"
677598,933,"a10_14","m","eo_oeo"
238963,933,"a25_29","f","eo_bio_Scottish"
217962,933,"a35_39","m","eo_bio_Irish"
173156,933,"a50_54","m","eo_weo_Dutch"
523253,933,"a0_4","m","eo_seo_Spanish"
288337,933,"a55_59","f","eo_bio_English"
587150,933,"a45_49","m","eo_weo_German"
272270,933,"a20_24","m","eo_bio_Irish"
510156,933,"a20_24","m","eo_bio_English"
416740,933,"a20_24","m","naao"
597682,933,"a20_24","f","eo_weo_German"
415114,933,"a50_54","m","eo_bio_Irish"
19876,933,"a45_49","m","onao_Canadian"
676153,933,"a55_59","f","eo_bio_English"
914452,933,"a55_59","m","onao_Canadian"
866029,933,"a55_59","m","onao"
845859,933,"a15_19","f","naao"
869063,933,"a30_34","m","eo_oeeo"
138862,933,"a20_24","m","onao_Canadian"
753774,933,"a55_59","f","eo_bio_Scottish"
162394,933,"a0_4","f","eo_seo_Spanish"
104105,933,"a55_59","f","eo_weo_Dutch"
32668,933,"a45_49","f","eo_seo_Italian"
903512,933,"a10_14","f","onao_Canadian"
465538,933,"a40_44","f","eo_bio_English"
826576,933,"a20_24","f","eo_bio_English"
476216,933,"a60_64","m","eo_bio_Scottish"
641974,933,"a35_39","f","onao"
655234,933,"a20_24","f","onao_Canadian"
456535,933,"a35_39","m","eo_bio_English"
604907,933,"a65_69","f","eo_eeo_Russian"
334555,933,"a25_29","f","eo_weo_Dutch"
776491,933,"a15_19","m","onao_Canadian"
440012,933,"a25_29","m","eo_weo_German"
191845,933,"a35_39","f","eo_bio_Scottish"
116781,933,"a70_74","m","eo_bio_English"
881275,933,"a0_4","m","onao_Canadian"
42826,933,"a75_79","m","eo_eeo_Ukrainian"
872687,933,"a20_24","f","onao_Canadian"
571528,933,"a50_54","m","eo_weo_German"
828307,933,"a55_59","f","eo_weo_German"
181691,933,"a10_14","f","eo_bio_English"
731441,933,"a40_44","m","eo_bio_Irish"
746280,933,"a60_64","f","eo_obio"
712265,933,"a0_4","f","eo_weo_Dutch"
585188,933,"a5_9","f","eo_bio_Irish"
857217,933,"a15_19","f","oo"
149966,933,"a45_49","m","eo_fo"
851250,933,"a5_9","m","eo_eeo_Russian"
155037,933,"a40_44","m","onao_Canadian"
767077,933,"a60_64","m","eo_weo_Dutch"
836080,933,"a50_54","f","eo_fo"
170047,933,"a0_4","m","onao_Canadian"
484653,933,"a55_59","m","eo_bio_English"
139288,933,"a5_9","f","onao_Canadian"
15053,933,"a5_9","f","eo_bio_Scottish"
679301,933,"a80_84","m","eo_bio_Scottish"
163958,933,"a50_54","m","eo_fo"
327330,933,"a60_64","m","eo_bio_Scottish"
622203,933,"a40_44","f","eo_weo_German"
907070,933,"a60_64","m","eo_bio_Scottish"
117024,933,"a55_59","f","eo_weo_German"
86867,933,"a60_64","m","eo_oweo"
497234,933,"a50_54","f","eo_weo_Dutch"
617077,933,"a35_39","f","eo_neo"
58939,933,"a65_69","f","onao_Canadian"
450583,933,"a45_49","f","eo_bio_English"
604750,933,"a40_44","m","ao_esao_Filipino"
593227,933,"a55_59","f","ao_oesao"
20719,933,"a50_54","m","eo_weo_German"
192865,933,"a0_4","m","eo_bio_English"
690111,933,"a30_34","f","eo_bio_English"
914503,933,"a45_49","m","eo_bio_Scottish"
536826,933,"a15_19","f","eo_bio_English"
516445,933,"a10_14","m","eo_weo_German"
724091,933,"a55_59","m","eo_weo_German"
661010,933,"a35_39","f","eo_bio_Irish"
54462,933,"a0_4","f","ao_wcameo"
813703,933,"a60_64","m","eo_fo"
768817,933,"a60_64","f","oco"
870023,933,"a55_59","m","eo_eeo_Ukrainian"
376446,933,"a15_19","f","eo_bio_Scottish"
572029,933,"a20_24","m","onao_Canadian"
843130,933,"a65_69","f","eo_weo_Dutch"
74774,933,"a65_69","m","eo_bio_Scottish"
796930,933,"a70_74","m","eo_seo_Spanish"
278404,933,"a10_14","f","eo_weo_Dutch"
179330,933,"a0_4","f","ao_oesao"
265396,933,"a15_19","f","ao_esao_Chinese"
385996,933,"a25_29","m","eo_bio_English"
180269,933,"a55_59","f","eo_neo"
561241,933,"a45_49","m","onao"
805037,933,"a0_4","f","onao_Canadian"
762315,933,"a55_59","f","onao"
238675,933,"a50_54","f","eo_eeo_Ukrainian"
908515,933,"a60_64","f","eo_weo_German"
219273,933,"a0_4","f","onao_Canadian"
928743,933,"a75_79","f","eo_weo_German"
250191,933,"a30_34","f","eo_weo_German"
140150,933,"a15_19","m","eo_eeo_Polish"
60514,933,"a75_79","f","eo_bio_English"
