"SERIALNO","DVISION","SPORDER","PUMA","REGION","AGE","SEX","HISP","RACE","PWGTP1"
"2018GQ0002732",5,1,51135,3,"10_19","f","not.hisp.latino","white",80
"2018GQ0006806",5,1,51175,3,"10_19","f","not.hisp.latino","white",5
"2018GQ0009870",5,1,51164,3,"20_29","m","not.hisp.latino","white",114
"2018GQ0017522",5,1,51154,3,"20_29","m","not.hisp.latino","white",11
"2018GQ0022994",5,1,51206,3,"10_19","f","not.hisp.latino","white",65
"2018GQ0027097",5,1,51087,3,"30_39","m","not.hisp.latino","white",7
"2018GQ0035230",5,1,51154,3,"20_29","m","not.hisp.latino","white",80
"2018GQ0036345",5,1,51084,3,"80_89","f","not.hisp.latino","white",11
"2018GQ0037125",5,1,51010,3,"20_29","m","not.hisp.latino","white",154
"2018GQ0038278",5,1,51110,3,"10_19","f","not.hisp.latino","white",6
"2018GQ0046244",5,1,51010,3,"30_39","m","not.hisp.latino","white",60
"2018GQ0049435",5,1,51045,3,"10_19","f","not.hisp.latino","white",84
"2018GQ0057036",5,1,51096,3,"20_29","f","not.hisp.latino","white",2
"2018GQ0057771",5,1,51095,3,"10_19","m","not.hisp.latino","white",29
"2018GQ0058033",5,1,51096,3,"20_29","m","not.hisp.latino","white",70
"2018GQ0058045",5,1,59303,3,"10_19","m","not.hisp.latino","white",67
"2018GQ0059270",5,1,51225,3,"10_19","m","not.hisp.latino","white",21
"2018GQ0062848",5,1,51246,3,"20_29","m","not.hisp.latino","white",192
"2018GQ0066195",5,1,51095,3,"10_19","f","not.hisp.latino","white",130
"2018GQ0066304",5,1,51089,3,"30_39","f","not.hisp.latino","white",41
"2018GQ0079544",5,1,51135,3,"50_59","m","not.hisp.latino","white",13
"2018GQ0080510",5,1,51040,3,"10_19","m","not.hisp.latino","white",115
"2018GQ0084782",5,1,51164,3,"50_59","f","not.hisp.latino","white",3
"2018GQ0088597",5,1,51235,3,"10_19","m","not.hisp.latino","white",16
"2018GQ0095984",5,1,4101,3,"10_19","m","not.hisp.latino","white",40
"2018GQ0100497",5,1,51040,3,"20_29","f","not.hisp.latino","white",72
"2018GQ0100895",5,1,51110,3,"10_19","f","not.hisp.latino","white",28
"2018GQ0102557",5,1,51085,3,"80_89","f","not.hisp.latino","white",74
"2018GQ0113162",5,1,51167,3,"20_29","m","not.hisp.latino","white",45
"2018GQ0121246",5,1,51206,3,"20_29","m","not.hisp.latino","white",100
"2018GQ0121299",5,1,51206,3,"10_19","m","not.hisp.latino","asian",91
"2018GQ0125539",5,1,51045,3,"20_29","m","not.hisp.latino","white",4
"2018GQ0127955",5,1,51215,3,"40_49","f","not.hisp.latino","white",7
"2018GQ0129840",5,1,51080,3,"20_29","m","not.hisp.latino","white",97
"2018GQ0138819",5,1,51206,3,"10_19","m","not.hisp.latino","white",14
"2018GQ0150280",5,1,51044,3,"70_79","f","not.hisp.latino","white",43
"2018GQ0153059",5,1,51096,3,"20_29","f","not.hisp.latino","white",7
"2018GQ0153650",5,1,51165,3,"10_19","f","not.hisp.latino","white",49
"2018HU0001025",5,1,51110,3,"60_69","m","not.hisp.latino","white",38
"2018HU0004484",5,1,59302,3,"20_29","m","not.hisp.latino","white",16
"2018HU0004762",5,2,51084,3,"30_39","f","not.hisp.latino","white",103
"2018HU0006074",5,3,51125,3,"20_29","m","not.hisp.latino","white",54
"2018HU0008619",5,2,51085,3,"60_69","m","not.hisp.latino","white",188
"2018HU0009015",5,1,51080,3,"60_69","m","not.hisp.latino","white",99
"2018HU0010205",5,4,59305,3,"10_19","m","not.hisp.latino","white",43
"2018HU0015319",5,2,51096,3,"10_19","m","not.hisp.latino","white",92
"2018HU0015624",5,1,59302,3,"50_59","f","not.hisp.latino","white",46
"2018HU0018956",5,3,59309,3,"20_29","f","not.hisp.latino","white",147
"2018HU0021859",5,1,51246,3,"30_39","f","not.hisp.latino","white",120
"2018HU0023878",5,1,51095,3,"70_79","m","not.hisp.latino","white",19
"2018HU0026581",5,2,59307,3,"60_69","f","not.hisp.latino","white",74
"2018HU0027138",5,1,59304,3,"60_69","f","not.hisp.latino","white",29
"2018HU0028241",5,1,51090,3,"30_39","m","not.hisp.latino","white",52
"2018HU0029340",5,1,51087,3,"30_39","m","not.hisp.latino","white",35
"2018HU0030735",5,1,10703,3,"60_69","m","not.hisp.latino","white",12
"2018HU0031550",5,5,51224,3,"40_49","f","not.hisp.latino","white",103
"2018HU0032662",5,3,51235,3,"10_19","m","not.hisp.latino","white",64
"2018HU0033044",5,2,59303,3,"20_29","f","not.hisp.latino","white",198
"2018HU0033502",5,2,51125,3,"70_79","f","not.hisp.latino","white",14
"2018HU0033912",5,3,59302,3,"40_49","m","not.hisp.latino","white",114
"2018HU0036397",5,1,55002,3,"50_59","m","not.hisp.latino","white",323
"2018HU0037350",5,3,59307,3,"0_9","f","not.hisp.latino","white",118
"2018HU0037544",5,4,51206,3,"20_29","m","not.hisp.latino","white",43
"2018HU0037715",5,1,51045,3,"30_39","m","not.hisp.latino","white",394
"2018HU0037727",5,4,51215,3,"0_9","f","not.hisp.latino","white",178
"2018HU0042844",5,2,59308,3,"70_79","f","not.hisp.latino","white",38
"2018HU0043003",5,1,51246,3,"70_79","f","not.hisp.latino","white",96
"2018HU0043036",5,2,51154,3,"20_29","m","not.hisp.latino","white",12
"2018HU0047993",5,2,51215,3,"60_69","f","not.hisp.latino","white",151
"2018HU0050599",5,1,51084,3,"40_49","f","not.hisp.latino","white",88
"2018HU0050693",5,2,51096,3,"50_59","f","not.hisp.latino","white",83
"2018HU0051309",5,2,51175,3,"10_19","m","not.hisp.latino","white",19
"2018HU0052952",5,2,51087,3,"30_39","f","not.hisp.latino","white",33
"2018HU0055336",5,4,51155,3,"10_19","f","not.hisp.latino","white",17
"2018HU0056087",5,1,59305,3,"70_79","f","not.hisp.latino","white",262
"2018HU0057124",5,1,51164,3,"50_59","m","not.hisp.latino","white",249
"2018HU0060625",5,1,51115,3,"30_39","m","not.hisp.latino","white",13
"2018HU0062346",5,2,4101,3,"30_39","f","not.hisp.latino","white",37
"2018HU0063332",5,1,51010,3,"60_69","m","not.hisp.latino","white",75
"2018HU0063480",5,1,51246,3,"70_79","m","not.hisp.latino","white",103
"2018HU0063928",5,3,51165,3,"10_19","m","not.hisp.latino","white",56
"2018HU0063980",5,2,51087,3,"50_59","f","not.hisp.latino","white",19
"2018HU0066195",5,2,51246,3,"30_39","f","not.hisp.latino","white",138
"2018HU0069246",5,2,51125,3,"50_59","f","not.hisp.latino","white",109
"2018HU0070122",5,3,51154,3,"0_9","f","not.hisp.latino","white",91
"2018HU0071307",5,2,51020,3,"30_39","f","not.hisp.latino","white",98
"2018HU0071490",5,3,10702,3,"0_9","m","not.hisp.latino","white",99
"2018HU0071697",5,2,4102,3,"70_79","m","not.hisp.latino","white",23
"2018HU0073417",5,2,51215,3,"50_59","m","not.hisp.latino","white",116
"2018HU0073844",5,1,51095,3,"40_49","f","not.hisp.latino","white",34
"2018HU0074415",5,4,51097,3,"10_19","m","not.hisp.latino","white",20
"2018HU0075019",5,1,51097,3,"40_49","f","not.hisp.latino","white",57
"2018HU0076929",5,4,51020,3,"0_9","m","not.hisp.latino","white",16
"2018HU0077694",5,1,59306,3,"70_79","f","not.hisp.latino","white",88
"2018HU0078207",5,1,51186,3,"30_39","m","not.hisp.latino","white",86
"2018HU0080846",5,2,51165,3,"0_9","m","not.hisp.latino","white",25
"2018HU0081819",5,1,55002,3,"30_39","m","not.hisp.latino","white",72
"2018HU0081819",5,2,55002,3,"30_39","f","not.hisp.latino","white",69
"2018HU0083802",5,3,51010,3,"30_39","m","not.hisp.latino","white",125
"2018HU0083911",5,4,59308,3,"0_9","f","not.hisp.latino","white",61
"2018HU0083976",5,3,51165,3,"0_9","f","not.hisp.latino","white",41
"2018HU0084398",5,2,59305,3,"20_29","f","not.hisp.latino","white",174
"2018HU0085133",5,1,51010,3,"30_39","f","not.hisp.latino","white",60
"2018HU0085460",5,1,51084,3,"70_79","m","not.hisp.latino","white",114
"2018HU0086760",5,1,51120,3,"50_59","f","not.hisp.latino","asian",47
"2018HU0088185",5,4,51089,3,"0_9","m","not.hisp.latino","white",63
"2018HU0093151",5,2,51020,3,"0_9","f","not.hisp.latino","white",78
"2018HU0093620",5,4,59303,3,"0_9","m","not.hisp.latino","white",115
"2018HU0093968",5,3,59305,3,"10_19","m","not.hisp.latino","white",134
"2018HU0097444",5,1,51225,3,"60_69","f","not.hisp.latino","white",19
"2018HU0101757",5,1,10701,3,"30_39","m","not.hisp.latino","white",222
"2018HU0103410",5,1,51135,3,"50_59","m","not.hisp.latino","white",23
"2018HU0107607",5,2,51095,3,"50_59","f","not.hisp.latino","white",656
"2018HU0108846",5,1,51215,3,"60_69","m","not.hisp.latino","white",127
"2018HU0109612",5,3,51244,3,"20_29","m","not.hisp.latino","white",298
"2018HU0109654",5,3,51085,3,"20_29","m","not.hisp.latino","white",80
"2018HU0109897",5,3,51120,3,"0_9","f","not.hisp.latino","white",49
"2018HU0110166",5,1,51164,3,"50_59","f","not.hisp.latino","white",22
"2018HU0112199",5,3,51097,3,"0_9","f","not.hisp.latino","white",19
"2018HU0113361",5,2,51244,3,"30_39","f","not.hisp.latino","white",31
"2018HU0115693",5,1,10701,3,"30_39","m","not.hisp.latino","white",132
"2018HU0120662",5,2,51096,3,"50_59","f","not.hisp.latino","white",113
"2018HU0127026",5,1,51120,3,"60_69","f","not.hisp.latino","white",106
"2018HU0127677",5,4,51164,3,"0_9","m","not.hisp.latino","white",116
"2018HU0129430",5,2,51125,3,"60_69","f","not.hisp.latino","white",154
"2018HU0129500",5,1,4102,3,"70_79","m","not.hisp.latino","white",78
"2018HU0129780",5,1,51110,3,"50_59","f","not.hisp.latino","white",145
"2018HU0132034",5,1,51010,3,"20_29","m","not.hisp.latino","white",131
"2018HU0132950",5,3,51040,3,"20_29","m","not.hisp.latino","white",339
"2018HU0132959",5,1,59308,3,"60_69","f","not.hisp.latino","white",55
"2018HU0137548",5,2,10702,3,"50_59","f","not.hisp.latino","white",10
"2018HU0138113",5,4,59302,3,"0_9","f","not.hisp.latino","white",11
"2018HU0139166",5,4,4102,3,"0_9","f","not.hisp.latino","white",104
"2018HU0139841",5,2,51154,3,"60_69","f","not.hisp.latino","white",138
"2018HU0142936",5,1,51084,3,"60_69","m","not.hisp.latino","white",34
"2018HU0144783",5,3,51010,3,"10_19","f","not.hisp.latino","white",138
"2018HU0146633",5,1,51045,3,"60_69","m","not.hisp.latino","white",55
"2018HU0147720",5,2,10703,3,"30_39","f","not.hisp.latino","white",94
"2018HU0149457",5,1,55001,3,"30_39","f","not.hisp.latino","white",204
"2018HU0149457",5,2,55001,3,"40_49","m","not.hisp.latino","white",190
"2018HU0151840",5,5,55002,3,"0_9","m","not.hisp.latino","white",55
"2018HU0153291",5,1,59303,3,"50_59","m","not.hisp.latino","white",68
"2018HU0153291",5,4,59303,3,"0_9","f","not.hisp.latino","white",61
"2018HU0154761",5,1,51125,3,"50_59","f","not.hisp.latino","white",24
"2018HU0154997",5,2,51186,3,"50_59","f","not.hisp.latino","white",59
"2018HU0156734",5,3,51087,3,"0_9","m","not.hisp.latino","white",14
"2018HU0157273",5,1,55001,3,"50_59","m","not.hisp.latino","white",54
"2018HU0158381",5,1,10703,3,"60_69","m","not.hisp.latino","white",97
"2018HU0159498",5,1,51096,3,"60_69","f","not.hisp.latino","white",26
"2018HU0159874",5,3,51235,3,"10_19","f","not.hisp.latino","white",62
"2018HU0160051",5,2,51225,3,"60_69","m","not.hisp.latino","white",108
"2018HU0160361",5,2,59302,3,"30_39","f","not.hisp.latino","white",108
"2018HU0163056",5,4,59305,3,"10_19","m","not.hisp.latino","white",64
"2018HU0163483",5,1,1301,3,"20_29","m","not.hisp.latino","white",33
"2018HU0165866",5,2,51154,3,"50_59","f","not.hisp.latino","white",9
"2018HU0168779",5,2,51040,3,"50_59","m","not.hisp.latino","white",30
"2018HU0170008",5,6,51206,3,"10_19","m","not.hisp.latino","white",101
"2018HU0170439",5,6,51164,3,"10_19","f","not.hisp.latino","white",59
"2018HU0171146",5,2,51096,3,"50_59","f","not.hisp.latino","white",121
"2018HU0171158",5,1,51135,3,"60_69","m","not.hisp.latino","white",32
"2018HU0173116",5,2,51206,3,"60_69","m","not.hisp.latino","white",99
"2018HU0175142",5,3,51145,3,"10_19","f","not.hisp.latino","white",3
"2018HU0178874",5,6,51110,3,"0_9","f","not.hisp.latino","white",85
"2018HU0179228",5,1,59303,3,"60_69","m","not.hisp.latino","white",126
"2018HU0179374",5,3,51215,3,"0_9","m","not.hisp.latino","white",17
"2018HU0179946",5,5,51164,3,"0_9","f","not.hisp.latino","white",58
"2018HU0181071",5,1,1301,3,"50_59","f","not.hisp.latino","white",271
"2018HU0181962",5,3,51020,3,"10_19","f","not.hisp.latino","white",55
"2018HU0182448",5,2,51167,3,"50_59","m","not.hisp.latino","white",135
"2018HU0182819",5,2,59304,3,"60_69","f","not.hisp.latino","white",61
"2018HU0184787",5,1,51020,3,"80_89","m","not.hisp.latino","white",52
"2018HU0185863",5,1,1302,3,"20_29","f","not.hisp.latino","white",21
"2018HU0186998",5,4,51115,3,"0_9","m","not.hisp.latino","white",80
"2018HU0189415",5,2,51089,3,"60_69","f","not.hisp.latino","white",105
"2018HU0190454",5,2,51206,3,"70_79","f","not.hisp.latino","white",71
"2018HU0193967",5,1,51045,3,"70_79","m","not.hisp.latino","white",14
"2018HU0195601",5,3,59308,3,"0_9","m","not.hisp.latino","asian",33
"2018HU0195643",5,1,51085,3,"50_59","m","not.hisp.latino","white",24
"2018HU0196295",5,2,51010,3,"50_59","f","not.hisp.latino","white",76
"2018HU0197758",5,1,51105,3,"60_69","m","not.hisp.latino","white",55
"2018HU0198433",5,1,59303,3,"50_59","f","not.hisp.latino","white",61
"2018HU0204084",5,1,51020,3,"70_79","f","not.hisp.latino","white",31
"2018HU0205067",5,1,59306,3,"40_49","f","not.hisp.latino","white",20
"2018HU0205488",5,2,51225,3,"30_39","m","not.hisp.latino","white",16
"2018HU0206411",5,2,51215,3,"60_69","f","not.hisp.latino","white",16
"2018HU0208987",5,1,51020,3,"70_79","f","not.hisp.latino","white",84
"2018HU0209793",5,3,51246,3,"10_19","m","not.hisp.latino","asian",62
"2018HU0211238",5,1,59303,3,"70_79","m","not.hisp.latino","white",75
"2018HU0215921",5,7,59308,3,"0_9","m","not.hisp.latino","white",143
"2018HU0219195",5,3,51110,3,"0_9","m","not.hisp.latino","white",144
"2018HU0219933",5,1,59305,3,"50_59","m","not.hisp.latino","white",19
"2018HU0220742",5,1,51087,3,"20_29","m","not.hisp.latino","white",192
"2018HU0221442",5,4,51085,3,"10_19","m","not.hisp.latino","white",203
"2018HU0221793",5,3,51120,3,"20_29","m","not.hisp.latino","two.",45
"2018HU0223004",5,2,55002,3,"40_49","f","not.hisp.latino","white",282
"2018HU0227241",5,4,10702,3,"0_9","m","not.hisp.latino","white",38
"2018HU0231354",5,2,51175,3,"10_19","f","not.hisp.latino","white",363
"2018HU0233319",5,2,51010,3,"60_69","m","not.hisp.latino","white",15
"2018HU0234001",5,3,51215,3,"30_39","f","not.hisp.latino","white",340
"2018HU0235592",5,2,51186,3,"50_59","f","not.hisp.latino","white",84
"2018HU0237052",5,1,51044,3,"50_59","m","not.hisp.latino","white",538
"2018HU0237416",5,2,51215,3,"30_39","f","not.hisp.latino","white",163
"2018HU0238364",5,1,59302,3,"30_39","m","not.hisp.latino","white",66
"2018HU0238922",5,5,51246,3,"60_69","f","not.hisp.latino","asian",85
"2018HU0239114",5,1,51164,3,"30_39","m","not.hisp.latino","white",311
"2018HU0239707",5,1,1302,3,"50_59","m","not.hisp.latino","white",247
"2018HU0240596",5,4,10703,3,"0_9","m","not.hisp.latino","white",52
"2018HU0240812",5,2,4103,3,"60_69","f","not.hisp.latino","white",129
"2018HU0242032",5,1,51125,3,"70_79","m","not.hisp.latino","white",105
"2018HU0243048",5,3,51186,3,"0_9","f","not.hisp.latino","white",60
"2018HU0246251",5,1,59302,3,"60_69","f","not.hisp.latino","white",70
"2018HU0247899",5,2,51096,3,"50_59","f","not.hisp.latino","white",64
"2018HU0248601",5,1,51235,3,"70_79","m","not.hisp.latino","white",164
"2018HU0248881",5,2,51087,3,"60_69","f","not.hisp.latino","white",32
"2018HU0250570",5,1,59304,3,"60_69","m","not.hisp.latino","white",104
"2018HU0250729",5,1,51045,3,"50_59","m","not.hisp.latino","white",43
"2018HU0251984",5,1,51080,3,"50_59","f","not.hisp.latino","white",84
"2018HU0252904",5,4,51105,3,"10_19","f","not.hisp.latino","white",208
"2018HU0253062",5,1,51120,3,"60_69","f","not.hisp.latino","white",21
"2018HU0256455",5,1,4101,3,"50_59","m","not.hisp.latino","white",31
"2018HU0256979",5,2,51235,3,"30_39","m","not.hisp.latino","white",16
"2018HU0257726",5,4,51020,3,"0_9","m","not.hisp.latino","white",31
"2018HU0258785",5,5,51045,3,"0_9","m","not.hisp.latino","white",13
"2018HU0259476",5,2,59307,3,"60_69","m","not.hisp.latino","white",17
"2018HU0259574",5,2,59302,3,"30_39","f","not.hisp.latino","asian",29
"2018HU0260986",5,1,51020,3,"60_69","m","not.hisp.latino","white",52
"2018HU0261923",5,3,51020,3,"30_39","m","not.hisp.latino","white",191
"2018HU0262352",5,2,4101,3,"30_39","m","not.hisp.latino","white",61
"2018HU0263316",5,1,51095,3,"60_69","m","not.hisp.latino","white",19
"2018HU0263345",5,1,51115,3,"50_59","m","not.hisp.latino","white",14
"2018HU0265389",5,1,51095,3,"50_59","m","not.hisp.latino","white",137
"2018HU0266056",5,2,51095,3,"30_39","m","not.hisp.latino","white",182
"2018HU0266117",5,3,51105,3,"20_29","f","not.hisp.latino","white",74
"2018HU0267731",5,3,51095,3,"0_9","f","not.hisp.latino","white",144
"2018HU0269591",5,6,59303,3,"50_59","f","not.hisp.latino","white",22
"2018HU0271940",5,3,51145,3,"10_19","m","not.hisp.latino","white",25
"2018HU0273163",5,1,59305,3,"30_39","f","not.hisp.latino","white",50
"2018HU0276702",5,5,51125,3,"50_59","m","not.hisp.latino","white",22
"2018HU0280607",5,1,59304,3,"30_39","m","not.hisp.latino","white",30
"2018HU0280805",5,1,59307,3,"20_29","m","not.hisp.latino","white",89
"2018HU0280947",5,2,51215,3,"30_39","m","not.hisp.latino","white",87
"2018HU0283246",5,6,59309,3,"0_9","m","not.hisp.latino","white",12
"2018HU0285380",5,2,51040,3,"20_29","f","not.hisp.latino","white",152
"2018HU0289015",5,3,51167,3,"0_9","m","not.hisp.latino","white",36
"2018HU0289095",5,1,51110,3,"30_39","f","not.hisp.latino","white",63
"2018HU0290520",5,1,4102,3,"40_49","m","not.hisp.latino","white",75
"2018HU0295487",5,1,51164,3,"40_49","m","not.hisp.latino","white",187
"2018HU0297841",5,2,51224,3,"50_59","f","not.hisp.latino","white",49
"2018HU0301024",5,2,51235,3,"30_39","m","not.hisp.latino","white",12
"2018HU0302088",5,4,59306,3,"0_9","m","not.hisp.latino","white",57
"2018HU0303091",5,3,55002,3,"10_19","m","not.hisp.latino","white",123
"2018HU0305353",5,3,51154,3,"10_19","f","not.hisp.latino","white",140
"2018HU0310356",5,1,59302,3,"60_69","f","not.hisp.latino","white",54
"2018HU0311254",5,1,51125,3,"50_59","f","not.hisp.latino","white",50
"2018HU0311495",5,1,51040,3,"70_79","m","not.hisp.latino","white",13
"2018HU0314622",5,1,10701,3,"70_79","m","not.hisp.latino","white",86
"2018HU0315837",5,1,51090,3,"60_69","f","not.hisp.latino","white",214
"2018HU0316882",5,3,51255,3,"0_9","f","not.hisp.latino","white",21
"2018HU0317691",5,2,51244,3,"30_39","m","not.hisp.latino","white",52
"2018HU0317961",5,4,51087,3,"10_19","m","not.hisp.latino","white",92
"2018HU0318744",5,3,1301,3,"30_39","m","not.hisp.latino","white",17
"2018HU0320513",5,1,51090,3,"20_29","m","not.hisp.latino","white",8
"2018HU0320960",5,3,59306,3,"0_9","m","not.hisp.latino","white",119
"2018HU0321095",5,5,51165,3,"0_9","m","not.hisp.latino","asian",101
"2018HU0326891",5,4,51255,3,"0_9","m","not.hisp.latino","white",63
"2018HU0327136",5,3,51044,3,"50_59","f","not.hisp.latino","white",60
"2018HU0329733",5,1,51040,3,"70_79","f","not.hisp.latino","white",9
"2018HU0331172",5,3,51090,3,"10_19","f","not.hisp.latino","white",65
"2018HU0331926",5,1,4102,3,"20_29","f","not.hisp.latino","white",111
"2018HU0334476",5,3,59305,3,"30_39","m","not.hisp.latino","white",17
"2018HU0334498",5,3,51165,3,"10_19","f","not.hisp.latino","white",98
"2018HU0334715",5,2,55002,3,"50_59","m","not.hisp.latino","white",55
"2018HU0336491",5,1,51206,3,"60_69","m","not.hisp.latino","white",188
"2018HU0337222",5,2,51105,3,"50_59","f","not.hisp.latino","white",75
"2018HU0337871",5,2,51135,3,"40_49","m","not.hisp.latino","white",273
"2018HU0339502",5,1,51045,3,"60_69","m","not.hisp.latino","white",203
"2018HU0344049",5,1,51167,3,"60_69","f","not.hisp.latino","white",58
"2018HU0344677",5,2,51167,3,"60_69","m","not.hisp.latino","white",65
"2018HU0345634",5,2,51105,3,"20_29","m","not.hisp.latino","white",55
"2018HU0347360",5,2,51095,3,"60_69","m","not.hisp.latino","white",80
"2018HU0352426",5,1,51165,3,"20_29","f","not.hisp.latino","white",22
"2018HU0353998",5,1,51206,3,"70_79","f","not.hisp.latino","white",102
"2018HU0355357",5,1,51246,3,"40_49","f","not.hisp.latino","white",186
"2018HU0361357",5,2,51080,3,"70_79","f","not.hisp.latino","white",89
"2018HU0361956",5,1,51255,3,"30_39","m","not.hisp.latino","white",117
"2018HU0362141",5,1,51105,3,"60_69","m","not.hisp.latino","white",32
"2018HU0363051",5,2,51215,3,"70_79","f","not.hisp.latino","white",103
"2018HU0363435",5,2,51120,3,"50_59","f","not.hisp.latino","white",59
"2018HU0367537",5,1,51154,3,"50_59","m","not.hisp.latino","white",78
"2018HU0368424",5,1,10703,3,"60_69","f","not.hisp.latino","white",97
"2018HU0368432",5,1,4101,3,"60_69","f","not.hisp.latino","white",85
"2018HU0368999",5,5,59308,3,"0_9","f","not.hisp.latino","white",179
"2018HU0371665",5,2,51245,3,"50_59","f","not.hisp.latino","white",71
"2018HU0374187",5,2,51040,3,"10_19","m","not.hisp.latino","white",60
"2018HU0378911",5,2,51044,3,"30_39","m","not.hisp.latino","white",51
"2018HU0378980",5,2,51095,3,"70_79","f","not.hisp.latino","white",100
"2018HU0381448",5,1,51095,3,"30_39","f","not.hisp.latino","white",15
"2018HU0382451",5,1,51120,3,"30_39","f","not.hisp.latino","white",348
"2018HU0385174",5,2,51115,3,"30_39","f","not.hisp.latino","white",43
"2018HU0387382",5,2,51115,3,"70_79","f","not.hisp.latino","white",83
"2018HU0389434",5,1,10701,3,"30_39","f","not.hisp.latino","white",141
"2018HU0390348",5,1,51084,3,"60_69","m","not.hisp.latino","white",77
"2018HU0390556",5,1,51080,3,"30_39","m","not.hisp.latino","white",19
"2018HU0392995",5,1,51020,3,"50_59","m","not.hisp.latino","white",32
"2018HU0393566",5,2,51215,3,"40_49","m","not.hisp.latino","white",181
"2018HU0394711",5,1,1301,3,"30_39","f","not.hisp.latino","white",302
"2018HU0394829",5,2,51097,3,"50_59","m","not.hisp.latino","white",70
"2018HU0395581",5,1,51244,3,"40_49","f","not.hisp.latino","white",32
"2018HU0396559",5,1,51125,3,"30_39","m","not.hisp.latino","white",85
"2018HU0398537",5,1,51096,3,"60_69","m","not.hisp.latino","white",89
"2018HU0398836",5,1,51115,3,"30_39","m","not.hisp.latino","white",193
"2018HU0400377",5,2,4102,3,"50_59","m","not.hisp.latino","white",150
"2018HU0400414",5,4,51224,3,"0_9","f","not.hisp.latino","white",232
"2018HU0401537",5,1,51084,3,"50_59","f","not.hisp.latino","white",66
"2018HU0405436",5,1,51235,3,"30_39","f","not.hisp.latino","white",72
"2018HU0406160",5,3,59304,3,"20_29","f","not.hisp.latino","white",58
"2018HU0406640",5,3,51097,3,"10_19","m","not.hisp.latino","white",111
"2018HU0407756",5,1,51080,3,"30_39","m","not.hisp.latino","white",37
"2018HU0407836",5,1,51224,3,"60_69","m","not.hisp.latino","white",28
"2018HU0411935",5,2,51145,3,"50_59","m","not.hisp.latino","white",61
"2018HU0412267",5,2,51246,3,"60_69","m","not.hisp.latino","white",49
"2018HU0412951",5,4,51155,3,"0_9","f","not.hisp.latino","white",184
"2018HU0413412",5,2,51096,3,"30_39","f","not.hisp.latino","white",60
"2018HU0414398",5,2,51145,3,"50_59","f","not.hisp.latino","white",72
"2018HU0414737",5,1,51096,3,"30_39","f","not.hisp.latino","white",173
"2018HU0416227",5,1,51105,3,"80_89","m","not.hisp.latino","white",24
"2018HU0422633",5,3,51040,3,"20_29","f","not.hisp.latino","white",329
"2018HU0423603",5,1,59308,3,"40_49","m","not.hisp.latino","white",71
"2018HU0423614",5,1,51235,3,"30_39","m","not.hisp.latino","asian",392
"2018HU0425084",5,1,55002,3,"50_59","m","not.hisp.latino","white",56
"2018HU0426444",5,1,51045,3,"40_49","m","not.hisp.latino","white",228
"2018HU0428265",5,1,51206,3,"40_49","f","not.hisp.latino","white",85
"2018HU0429333",5,1,51120,3,"60_69","m","not.hisp.latino","white",18
"2018HU0432074",5,3,51105,3,"10_19","f","not.hisp.latino","white",163
"2018HU0432718",5,2,51089,3,"50_59","f","not.hisp.latino","white",93
"2018HU0439639",5,3,51206,3,"10_19","f","not.hisp.latino","white",60
"2018HU0439907",5,5,10701,3,"0_9","m","not.hisp.latino","asian",68
"2018HU0440498",5,3,55001,3,"10_19","f","not.hisp.latino","white",124
"2018HU0440498",5,5,55001,3,"60_69","m","not.hisp.latino","white",132
"2018HU0441878",5,1,59304,3,"70_79","m","not.hisp.latino","white",10
"2018HU0442553",5,2,51040,3,"70_79","m","not.hisp.latino","white",70
"2018HU0443684",5,1,51145,3,"30_39","f","not.hisp.latino","white",57
"2018HU0444418",5,2,59302,3,"40_49","m","not.hisp.latino","white",70
"2018HU0444961",5,1,59308,3,"50_59","m","not.hisp.latino","white",41
"2018HU0445650",5,1,51167,3,"30_39","m","not.hisp.latino","white",112
"2018HU0445673",5,2,51175,3,"50_59","f","not.hisp.latino","white",80
"2018HU0448104",5,1,51186,3,"60_69","f","not.hisp.latino","white",107
"2018HU0449316",5,5,51080,3,"30_39","f","not.hisp.latino","white",12
"2018HU0450053",5,1,51225,3,"60_69","m","not.hisp.latino","white",51
"2018HU0450471",5,3,51164,3,"10_19","f","not.hisp.latino","asian",157
"2018HU0450506",5,3,51096,3,"0_9","m","not.hisp.latino","white",32
"2018HU0451046",5,1,51175,3,"60_69","m","not.hisp.latino","white",181
"2018HU0451380",5,1,51246,3,"50_59","m","not.hisp.latino","white",20
"2018HU0452478",5,2,51044,3,"20_29","f","not.hisp.latino","white",114
"2018HU0453189",5,2,59306,3,"60_69","f","not.hisp.latino","white",26
"2018HU0458900",5,2,51097,3,"70_79","f","not.hisp.latino","white",35
"2018HU0460301",5,2,59305,3,"30_39","f","not.hisp.latino","white",11
"2018HU0464192",5,2,51087,3,"30_39","m","not.hisp.latino","white",62
"2018HU0464192",5,5,51087,3,"10_19","m","not.hisp.latino","white",75
"2018HU0464592",5,1,59309,3,"30_39","f","not.hisp.latino","white",67
"2018HU0464739",5,2,51255,3,"70_79","f","not.hisp.latino","white",55
"2018HU0464750",5,2,51010,3,"30_39","m","not.hisp.latino","white",49
"2018HU0465411",5,2,51154,3,"30_39","f","not.hisp.latino","white",52
"2018HU0466285",5,2,51097,3,"10_19","m","not.hisp.latino","white",35
"2018HU0467362",5,1,10702,3,"50_59","m","not.hisp.latino","white",100
"2018HU0467617",5,1,51090,3,"60_69","f","not.hisp.latino","white",76
"2018HU0469318",5,2,4102,3,"50_59","f","not.hisp.latino","white",112
"2018HU0469343",5,2,51175,3,"70_79","m","not.hisp.latino","white",129
"2018HU0470003",5,1,51110,3,"60_69","m","not.hisp.latino","white",26
"2018HU0471140",5,2,51125,3,"50_59","m","not.hisp.latino","white",43
"2018HU0476584",5,2,1301,3,"40_49","m","not.hisp.latino","white",116
"2018HU0476584",5,3,1301,3,"10_19","f","not.hisp.latino","white",117
"2018HU0476889",5,3,51097,3,"30_39","f","not.hisp.latino","white",88
"2018HU0477950",5,1,4102,3,"60_69","m","not.hisp.latino","white",111
"2018HU0478856",5,1,59307,3,"60_69","f","not.hisp.latino","white",117
"2018HU0481872",5,4,59308,3,"10_19","m","not.hisp.latino","white",48
"2018HU0481885",5,4,10702,3,"0_9","f","not.hisp.latino","asian",28
"2018HU0482543",5,1,4103,3,"30_39","m","not.hisp.latino","white",135
"2018HU0484620",5,1,51105,3,"40_49","f","not.hisp.latino","white",3
"2018HU0487880",5,1,51080,3,"60_69","f","not.hisp.latino","white",139
"2018HU0490603",5,1,59309,3,"30_39","f","not.hisp.latino","white",186
"2018HU0492316",5,2,51154,3,"70_79","f","not.hisp.latino","white",51
"2018HU0493024",5,4,51244,3,"10_19","f","not.hisp.latino","white",158
"2018HU0493064",5,1,51105,3,"70_79","f","not.hisp.latino","white",19
"2018HU0493585",5,2,51165,3,"30_39","f","not.hisp.latino","white",65
"2018HU0494100",5,6,55001,3,"20_29","m","not.hisp.latino","white",146
"2018HU0495729",5,2,51084,3,"50_59","m","not.hisp.latino","white",115
"2018HU0497992",5,2,51245,3,"30_39","m","not.hisp.latino","white",59
"2018HU0498717",5,3,59307,3,"0_9","m","not.hisp.latino","white",184
"2018HU0501584",5,1,10702,3,"50_59","m","not.hisp.latino","white",129
"2018HU0502683",5,1,51255,3,"50_59","m","not.hisp.latino","white",16
"2018HU0503028",5,1,51010,3,"30_39","f","not.hisp.latino","white",28
"2018HU0503506",5,1,51040,3,"60_69","f","not.hisp.latino","white",25
"2018HU0507535",5,1,51020,3,"60_69","f","not.hisp.latino","white",124
"2018HU0507942",5,2,59306,3,"50_59","f","not.hisp.latino","white",15
"2018HU0513439",5,2,51087,3,"60_69","f","not.hisp.latino","white",61
"2018HU0515119",5,1,51215,3,"60_69","m","not.hisp.latino","white",54
"2018HU0515646",5,6,51095,3,"0_9","f","not.hisp.latino","white",260
"2018HU0518900",5,5,51125,3,"0_9","f","not.hisp.latino","white",64
"2018HU0521677",5,1,51045,3,"70_79","m","not.hisp.latino","white",388
"2018HU0521914",5,1,51040,3,"50_59","m","not.hisp.latino","white",159
"2018HU0522489",5,2,59308,3,"60_69","f","not.hisp.latino","white",11
"2018HU0524436",5,2,51135,3,"50_59","f","not.hisp.latino","white",241
"2018HU0525408",5,1,51135,3,"50_59","f","not.hisp.latino","white",278
"2018HU0525456",5,3,51110,3,"30_39","m","not.hisp.latino","white",177
"2018HU0526679",5,3,1301,3,"10_19","f","not.hisp.latino","white",116
"2018HU0529869",5,1,1301,3,"30_39","f","not.hisp.latino","white",69
"2018HU0530941",5,2,51244,3,"40_49","f","not.hisp.latino","white",311
"2018HU0531510",5,2,51044,3,"70_79","m","not.hisp.latino","white",84
"2018HU0535633",5,4,51110,3,"0_9","m","not.hisp.latino","white",94
"2018HU0535805",5,2,51085,3,"40_49","f","not.hisp.latino","white",25
"2018HU0536086",5,1,51186,3,"30_39","m","not.hisp.latino","white",83
"2018HU0537882",5,1,4103,3,"30_39","m","not.hisp.latino","white",98
"2018HU0540187",5,1,51010,3,"30_39","f","not.hisp.latino","white",72
"2018HU0546750",5,2,51010,3,"60_69","f","not.hisp.latino","white",16
"2018HU0550316",5,2,59306,3,"50_59","f","not.hisp.latino","white",144
"2018HU0551211",5,1,51245,3,"50_59","m","not.hisp.latino","white",77
"2018HU0551502",5,2,59307,3,"40_49","f","not.hisp.latino","white",91
"2018HU0554953",5,1,51020,3,"60_69","m","not.hisp.latino","white",136
"2018HU0554953",5,2,51020,3,"60_69","f","not.hisp.latino","white",92
"2018HU0558342",5,1,51040,3,"80_89","m","not.hisp.latino","white",33
"2018HU0562886",5,1,51245,3,"50_59","m","not.hisp.latino","white",113
"2018HU0563378",5,6,51095,3,"10_19","m","not.hisp.latino","white",85
"2018HU0568374",5,1,51135,3,"50_59","f","not.hisp.latino","white",19
"2018HU0569568",5,3,51080,3,"0_9","f","not.hisp.latino","white",255
"2018HU0569790",5,1,55001,3,"30_39","m","not.hisp.latino","white",339
"2018HU0571535",5,2,10702,3,"40_49","f","not.hisp.latino","white",89
"2018HU0571924",5,1,10702,3,"30_39","m","not.hisp.latino","white",136
"2018HU0573759",5,1,51087,3,"60_69","m","not.hisp.latino","white",104
"2018HU0577340",5,2,51085,3,"30_39","m","not.hisp.latino","white",127
"2018HU0577367",5,3,51206,3,"0_9","m","not.hisp.latino","white",27
"2018HU0579287",5,1,1302,3,"40_49","f","not.hisp.latino","white",37
"2018HU0586577",5,3,51164,3,"20_29","m","not.hisp.latino","white",88
"2018HU0590293",5,3,51145,3,"50_59","f","not.hisp.latino","white",287
"2018HU0590761",5,1,51120,3,"30_39","m","not.hisp.latino","white",17
"2018HU0592742",5,2,51097,3,"50_59","f","not.hisp.latino","white",64
"2018HU0593293",5,2,51120,3,"40_49","f","not.hisp.latino","white",66
"2018HU0597374",5,1,51154,3,"20_29","f","not.hisp.latino","white",74
"2018HU0598368",5,1,59303,3,"30_39","m","not.hisp.latino","white",17
"2018HU0598540",5,2,51110,3,"20_29","m","not.hisp.latino","white",294
"2018HU0601419",5,2,51154,3,"80_89","f","not.hisp.latino","white",53
"2018HU0601957",5,2,51085,3,"30_39","f","not.hisp.latino","white",225
"2018HU0602535",5,1,51110,3,"30_39","m","not.hisp.latino","white",88
"2018HU0604086",5,1,4102,3,"30_39","m","not.hisp.latino","white",25
"2018HU0604267",5,1,59303,3,"50_59","m","not.hisp.latino","white",23
"2018HU0604343",5,3,51125,3,"0_9","m","not.hisp.latino","white",71
"2018HU0604343",5,5,51125,3,"40_49","f","not.hisp.latino","white",41
"2018HU0605433",5,2,51125,3,"60_69","m","not.hisp.latino","white",87
"2018HU0607603",5,3,55002,3,"10_19","m","not.hisp.latino","white",105
"2018HU0610741",5,1,51125,3,"50_59","f","not.hisp.latino","white",64
"2018HU0611642",5,2,51206,3,"40_49","m","not.hisp.latino","white",223
"2018HU0613182",5,1,51045,3,"60_69","m","not.hisp.latino","white",36
"2018HU0614849",5,4,51044,3,"20_29","f","not.hisp.latino","white",16
"2018HU0615490",5,2,59306,3,"70_79","f","not.hisp.latino","white",49
"2018HU0616228",5,1,51225,3,"60_69","f","not.hisp.latino","white",181
"2018HU0617795",5,5,55002,3,"10_19","m","not.hisp.latino","white",287
"2018HU0617956",5,1,51090,3,"50_59","m","not.hisp.latino","white",94
"2018HU0621163",5,2,51110,3,"50_59","m","not.hisp.latino","white",60
"2018HU0623305",5,2,51045,3,"50_59","f","not.hisp.latino","white",64
"2018HU0624954",5,1,51135,3,"50_59","f","not.hisp.latino","white",15
"2018HU0625993",5,4,59309,3,"0_9","f","not.hisp.latino","asian",48
"2018HU0626576",5,2,55002,3,"40_49","f","not.hisp.latino","white",28
"2018HU0627543",5,1,51125,3,"30_39","m","not.hisp.latino","white",66
"2018HU0628974",5,1,51080,3,"60_69","m","not.hisp.latino","white",68
"2018HU0630671",5,1,51120,3,"50_59","m","not.hisp.latino","white",18
"2018HU0632463",5,2,51215,3,"30_39","f","not.hisp.latino","white",270
"2018HU0633417",5,3,51115,3,"10_19","m","not.hisp.latino","white",424
"2018HU0634355",5,2,51085,3,"50_59","m","not.hisp.latino","white",19
"2018HU0636239",5,2,51110,3,"50_59","f","not.hisp.latino","white",86
"2018HU0638137",5,3,51095,3,"30_39","m","not.hisp.latino","white",105
"2018HU0642973",5,4,59305,3,"0_9","m","not.hisp.latino","asian",59
"2018HU0644989",5,1,51245,3,"70_79","m","not.hisp.latino","white",121
"2018HU0645283",5,1,51110,3,"70_79","f","not.hisp.latino","white",111
"2018HU0645902",5,2,51165,3,"60_69","f","not.hisp.latino","white",59
"2018HU0647456",5,1,51096,3,"70_79","m","not.hisp.latino","white",56
"2018HU0649381",5,1,51186,3,"50_59","m","not.hisp.latino","white",178
"2018HU0650478",5,1,51020,3,"40_49","f","not.hisp.latino","white",58
"2018HU0651492",5,1,51010,3,"30_39","m","not.hisp.latino","white",8
"2018HU0653677",5,2,51087,3,"30_39","m","not.hisp.latino","white",13
"2018HU0655147",5,2,51154,3,"50_59","f","not.hisp.latino","white",28
"2018HU0656784",5,1,51215,3,"70_79","f","not.hisp.latino","white",35
"2018HU0656822",5,2,51120,3,"60_69","f","not.hisp.latino","white",84
"2018HU0659881",5,4,4103,3,"0_9","m","not.hisp.latino","white",277
"2018HU0660003",5,2,59307,3,"30_39","f","not.hisp.latino","white",53
"2018HU0661474",5,1,51125,3,"60_69","m","not.hisp.latino","white",23
"2018HU0661810",5,1,51215,3,"60_69","m","not.hisp.latino","white",22
"2018HU0665788",5,1,51105,3,"50_59","m","not.hisp.latino","white",23
"2018HU0665894",5,1,51215,3,"50_59","f","not.hisp.latino","white",32
"2018HU0666730",5,2,51110,3,"30_39","f","not.hisp.latino","white",9
"2018HU0668613",5,3,51020,3,"40_49","f","not.hisp.latino","white",26
"2018HU0669175",5,3,51215,3,"30_39","m","not.hisp.latino","white",99
"2018HU0671557",5,3,4102,3,"20_29","f","not.hisp.latino","white",90
"2018HU0671923",5,4,59302,3,"0_9","m","not.hisp.latino","two.",18
"2018HU0673988",5,2,51255,3,"30_39","f","not.hisp.latino","two.",46
"2018HU0674017",5,1,59309,3,"30_39","f","not.hisp.latino","white",68
"2018HU0674561",5,2,51045,3,"30_39","f","not.hisp.latino","white",71
"2018HU0674587",5,1,51045,3,"40_49","f","not.hisp.latino","white",128
"2018HU0674612",5,1,59301,3,"30_39","m","not.hisp.latino","white",117
"2018HU0678168",5,1,51010,3,"70_79","m","not.hisp.latino","white",55
"2018HU0680004",5,1,51080,3,"50_59","f","not.hisp.latino","white",96
"2018HU0681187",5,1,10701,3,"30_39","f","not.hisp.latino","white",123
"2018HU0685963",5,3,51224,3,"0_9","f","not.hisp.latino","white",28
"2018HU0687089",5,3,10703,3,"10_19","m","not.hisp.latino","white",34
"2018HU0690480",5,2,59304,3,"20_29","f","not.hisp.latino","white",95
"2018HU0691568",5,1,4101,3,"40_49","f","not.hisp.latino","white",176
"2018HU0694407",5,1,51245,3,"50_59","f","not.hisp.latino","white",522
"2018HU0694833",5,1,51045,3,"20_29","m","not.hisp.latino","white",356
"2018HU0694960",5,1,51110,3,"60_69","f","not.hisp.latino","white",34
"2018HU0695225",5,3,51215,3,"10_19","f","not.hisp.latino","white",83
"2018HU0695411",5,6,59302,3,"0_9","f","not.hisp.latino","white",116
"2018HU0696135",5,1,59304,3,"30_39","f","not.hisp.latino","white",479
"2018HU0698059",5,1,51135,3,"70_79","m","not.hisp.latino","white",219
"2018HU0698297",5,1,51206,3,"80_89","m","not.hisp.latino","white",200
"2018HU0700460",5,1,51215,3,"50_59","f","not.hisp.latino","white",179
"2018HU0701220",5,2,51120,3,"40_49","f","not.hisp.latino","white",15
"2018HU0704766",5,3,59303,3,"20_29","m","not.hisp.latino","white",42
"2018HU0707838",5,1,51175,3,"30_39","f","not.hisp.latino","white",16
"2018HU0708421",5,3,51125,3,"10_19","f","not.hisp.latino","white",50
"2018HU0712103",5,2,59304,3,"30_39","m","not.hisp.latino","white",17
"2018HU0713482",5,1,51164,3,"40_49","f","not.hisp.latino","white",122
"2018HU0714195",5,1,51020,3,"60_69","f","not.hisp.latino","white",79
"2018HU0714623",5,1,1302,3,"50_59","m","not.hisp.latino","white",55
"2018HU0716930",5,1,10703,3,"60_69","m","not.hisp.latino","white",94
"2018HU0719700",5,3,51135,3,"0_9","m","not.hisp.latino","white",57
"2018HU0720970",5,4,51090,3,"10_19","f","not.hisp.latino","white",296
"2018HU0721356",5,2,51164,3,"20_29","f","not.hisp.latino","white",47
"2018HU0721574",5,1,51245,3,"60_69","f","not.hisp.latino","white",55
"2018HU0723821",5,2,4103,3,"40_49","m","not.hisp.latino","white",60
"2018HU0724432",5,3,51186,3,"20_29","m","not.hisp.latino","white",41
"2018HU0726692",5,1,51135,3,"30_39","m","not.hisp.latino","white",64
"2018HU0727501",5,1,51097,3,"50_59","m","not.hisp.latino","white",156
"2018HU0728708",5,1,51235,3,"30_39","m","not.hisp.latino","white",29
"2018HU0731292",5,2,10702,3,"30_39","m","not.hisp.latino","white",27
"2018HU0735089",5,2,59303,3,"60_69","f","not.hisp.latino","white",134
"2018HU0735947",5,1,51164,3,"60_69","m","not.hisp.latino","white",142
"2018HU0740530",5,1,51145,3,"50_59","f","not.hisp.latino","white",119
"2018HU0741741",5,2,51044,3,"60_69","m","not.hisp.latino","white",29
"2018HU0742768",5,5,51225,3,"0_9","m","not.hisp.latino","white",187
"2018HU0743349",5,4,59306,3,"0_9","m","not.hisp.latino","white",70
"2018HU0744493",5,1,51135,3,"60_69","f","not.hisp.latino","white",118
"2018HU0745102",5,1,51225,3,"50_59","f","not.hisp.latino","white",14
"2018HU0747497",5,2,51045,3,"30_39","m","not.hisp.latino","white",84
"2018HU0747974",5,1,51096,3,"40_49","f","not.hisp.latino","white",140
"2018HU0749469",5,1,51110,3,"60_69","f","not.hisp.latino","white",13
"2018HU0749518",5,1,51235,3,"20_29","m","not.hisp.latino","white",11
"2018HU0749865",5,1,51186,3,"50_59","m","not.hisp.latino","white",298
"2018HU0750664",5,2,10703,3,"50_59","f","not.hisp.latino","white",30
"2018HU0752330",5,2,51045,3,"70_79","m","not.hisp.latino","white",141
"2018HU0752595",5,1,51175,3,"20_29","m","not.hisp.latino","white",55
"2018HU0753389",5,1,51215,3,"50_59","m","not.hisp.latino","white",61
"2018HU0755145",5,1,51167,3,"30_39","m","not.hisp.latino","white",129
"2018HU0757296",5,3,51215,3,"0_9","f","not.hisp.latino","white",30
"2018HU0760254",5,1,1301,3,"40_49","m","not.hisp.latino","asian",115
"2018HU0764129",5,4,51235,3,"0_9","f","not.hisp.latino","white",264
"2018HU0764139",5,2,51225,3,"60_69","f","not.hisp.latino","white",22
"2018HU0766182",5,1,51235,3,"20_29","f","not.hisp.latino","white",57
"2018HU0768180",5,1,51020,3,"50_59","m","not.hisp.latino","white",69
"2018HU0768546",5,1,10702,3,"30_39","m","not.hisp.latino","white",202
"2018HU0769467",5,2,51145,3,"40_49","f","not.hisp.latino","white",98
"2018HU0770437",5,1,59301,3,"30_39","m","not.hisp.latino","asian",110
"2018HU0770537",5,1,51010,3,"20_29","m","not.hisp.latino","white",42
"2018HU0771318",5,4,51135,3,"10_19","f","not.hisp.latino","white",461
"2018HU0772020",5,5,51215,3,"10_19","m","not.hisp.latino","white",66
"2018HU0773972",5,1,51235,3,"30_39","f","not.hisp.latino","white",212
"2018HU0773972",5,4,51235,3,"10_19","f","not.hisp.latino","white",238
"2018HU0776834",5,1,51040,3,"50_59","m","not.hisp.latino","white",135
"2018HU0778152",5,2,51020,3,"60_69","f","not.hisp.latino","white",79
"2018HU0779930",5,1,51095,3,"60_69","m","not.hisp.latino","white",130
"2018HU0781989",5,2,51125,3,"40_49","f","not.hisp.latino","white",3
"2018HU0782686",5,3,51125,3,"20_29","m","not.hisp.latino","white",61
"2018HU0785979",5,2,51040,3,"40_49","m","not.hisp.latino","white",41
"2018HU0787482",5,1,51040,3,"30_39","f","not.hisp.latino","white",22
"2018HU0791572",5,2,51080,3,"30_39","f","not.hisp.latino","white",158
"2018HU0793723",5,2,1302,3,"30_39","m","not.hisp.latino","white",68
"2018HU0794199",5,2,51096,3,"30_39","f","not.hisp.latino","white",59
"2018HU0794385",5,1,10702,3,"40_49","m","not.hisp.latino","asian",130
"2018HU0794573",5,1,1302,3,"20_29","m","not.hisp.latino","asian",34
"2018HU0798966",5,1,55002,3,"50_59","f","not.hisp.latino","white",107
"2018HU0800490",5,1,51235,3,"50_59","f","not.hisp.latino","white",108
"2018HU0800539",5,5,51154,3,"0_9","f","not.hisp.latino","white",20
"2018HU0804291",5,1,10702,3,"50_59","m","not.hisp.latino","white",52
"2018HU0804467",5,2,59305,3,"40_49","f","not.hisp.latino","asian",558
"2018HU0804913",5,1,51135,3,"70_79","f","not.hisp.latino","white",13
"2018HU0805411",5,2,51089,3,"40_49","m","not.hisp.latino","white",14
"2018HU0806729",5,1,51085,3,"60_69","f","not.hisp.latino","white",79
"2018HU0810077",5,1,51246,3,"20_29","f","not.hisp.latino","white",48
"2018HU0812755",5,4,51040,3,"0_9","m","not.hisp.latino","white",26
"2018HU0815280",5,1,51010,3,"50_59","f","not.hisp.latino","white",93
"2018HU0816745",5,4,51045,3,"30_39","m","not.hisp.latino","white",115
"2018HU0820272",5,4,59307,3,"0_9","f","not.hisp.latino","white",96
"2018HU0823184",5,2,55001,3,"50_59","f","not.hisp.latino","white",26
"2018HU0823516",5,1,51155,3,"30_39","f","not.hisp.latino","white",51
"2018HU0824912",5,2,1302,3,"30_39","m","not.hisp.latino","white",18
"2018HU0825835",5,1,1302,3,"50_59","m","not.hisp.latino","white",6
"2018HU0826533",5,1,59308,3,"50_59","f","not.hisp.latino","white",96
"2018HU0826533",5,2,59308,3,"50_59","m","not.hisp.latino","white",101
"2018HU0826623",5,4,10702,3,"10_19","m","not.hisp.latino","white",67
"2018HU0826847",5,3,51215,3,"10_19","m","not.hisp.latino","white",66
"2018HU0827829",5,2,59307,3,"30_39","f","not.hisp.latino","white",96
"2018HU0830974",5,2,51125,3,"60_69","f","not.hisp.latino","white",22
"2018HU0832459",5,3,51085,3,"0_9","f","not.hisp.latino","white",331
"2018HU0834534",5,1,51135,3,"30_39","f","not.hisp.latino","white",41
"2018HU0835189",5,6,55002,3,"0_9","f","not.hisp.latino","white",104
"2018HU0836070",5,1,59306,3,"30_39","m","not.hisp.latino","white",65
"2018HU0836094",5,3,51120,3,"40_49","m","not.hisp.latino","white",76
"2018HU0838157",5,1,4102,3,"60_69","m","not.hisp.latino","white",122
"2018HU0842542",5,1,51084,3,"70_79","m","not.hisp.latino","white",123
"2018HU0846689",5,5,51020,3,"0_9","f","not.hisp.latino","white",98
"2018HU0851901",5,2,51245,3,"50_59","m","not.hisp.latino","white",135
"2018HU0851901",5,3,51245,3,"30_39","m","not.hisp.latino","white",138
"2018HU0852283",5,2,1301,3,"60_69","m","not.hisp.latino","white",88
"2018HU0853831",5,1,51244,3,"60_69","m","not.hisp.latino","white",77
"2018HU0854058",5,1,51110,3,"50_59","f","not.hisp.latino","white",123
"2018HU0854359",5,1,51235,3,"60_69","f","not.hisp.latino","white",98
"2018HU0855533",5,3,51120,3,"20_29","m","not.hisp.latino","white",30
"2018HU0856980",5,1,51225,3,"50_59","m","not.hisp.latino","white",11
"2018HU0858103",5,1,51145,3,"40_49","f","not.hisp.latino","white",77
"2018HU0863686",5,2,51255,3,"60_69","f","not.hisp.latino","white",22
"2018HU0864260",5,2,51125,3,"60_69","f","not.hisp.latino","white",100
"2018HU0869500",5,1,4103,3,"70_79","m","not.hisp.latino","white",215
"2018HU0869960",5,2,51115,3,"40_49","f","not.hisp.latino","white",69
"2018HU0870637",5,5,51010,3,"10_19","f","not.hisp.latino","white",26
"2018HU0876948",5,2,51154,3,"20_29","f","not.hisp.latino","white",40
"2018HU0877503",5,2,51125,3,"60_69","m","not.hisp.latino","white",110
"2018HU0879274",5,3,51095,3,"20_29","m","not.hisp.latino","white",221
"2018HU0879532",5,3,1301,3,"10_19","m","not.hisp.latino","white",20
"2018HU0880404",5,3,10702,3,"30_39","m","not.hisp.latino","white",57
"2018HU0881284",5,1,51087,3,"50_59","f","not.hisp.latino","white",40
"2018HU0882346",5,2,59303,3,"50_59","m","not.hisp.latino","white",108
"2018HU0885044",5,2,51044,3,"60_69","f","not.hisp.latino","white",130
"2018HU0889768",5,2,59308,3,"30_39","m","not.hisp.latino","white",65
"2018HU0891378",5,4,4101,3,"0_9","f","not.hisp.latino","white",34
"2018HU0895127",5,3,51115,3,"10_19","f","not.hisp.latino","white",67
"2018HU0897532",5,1,51020,3,"30_39","f","not.hisp.latino","white",15
"2018HU0898652",5,1,51154,3,"80_89","f","not.hisp.latino","white",63
"2018HU0906801",5,1,51255,3,"50_59","f","not.hisp.latino","white",30
"2018HU0908038",5,4,51186,3,"50_59","m","not.hisp.latino","white",102
"2018HU0908189",5,2,55001,3,"30_39","f","not.hisp.latino","white",65
"2018HU0909024",5,1,51110,3,"20_29","f","not.hisp.latino","white",21
"2018HU0909626",5,1,59308,3,"30_39","f","not.hisp.latino","white",67
"2018HU0909700",5,1,59301,3,"50_59","f","not.hisp.latino","white",80
"2018HU0914255",5,1,51089,3,"60_69","m","not.hisp.latino","white",77
"2018HU0914343",5,2,51165,3,"20_29","m","not.hisp.latino","white",50
"2018HU0917493",5,2,51120,3,"30_39","f","not.hisp.latino","white",45
"2018HU0919451",5,1,10701,3,"50_59","m","not.hisp.latino","white",197
"2018HU0920034",5,2,51010,3,"50_59","f","not.hisp.latino","white",115
"2018HU0920047",5,3,51235,3,"0_9","f","not.hisp.latino","asian",90
"2018HU0922563",5,1,51186,3,"50_59","m","not.hisp.latino","white",119
"2018HU0924166",5,6,51089,3,"30_39","f","not.hisp.latino","white",363
"2018HU0924615",5,4,51235,3,"0_9","m","not.hisp.latino","white",132
"2018HU0925310",5,2,51010,3,"70_79","m","not.hisp.latino","white",109
"2018HU0929263",5,2,51235,3,"30_39","f","not.hisp.latino","white",14
"2018HU0930386",5,1,51115,3,"50_59","m","not.hisp.latino","white",108
"2018HU0931715",5,1,51040,3,"40_49","f","not.hisp.latino","white",82
"2018HU0933691",5,3,51120,3,"30_39","f","not.hisp.latino","white",49
"2018HU0937130",5,3,1301,3,"0_9","f","not.hisp.latino","white",60
"2018HU0937504",5,2,51090,3,"50_59","f","not.hisp.latino","white",99
"2018HU0939439",5,1,51010,3,"50_59","m","not.hisp.latino","white",97
"2018HU0939882",5,1,51045,3,"80_89","f","not.hisp.latino","white",65
"2018HU0942857",5,2,51097,3,"60_69","f","not.hisp.latino","white",41
"2018HU0945189",5,2,51125,3,"50_59","f","not.hisp.latino","white",150
"2018HU0951061",5,2,51165,3,"80_89","f","not.hisp.latino","white",51
"2018HU0953094",5,1,51244,3,"60_69","f","not.hisp.latino","white",42
"2018HU0953696",5,3,59305,3,"0_9","m","not.hisp.latino","white",102
"2018HU0954383",5,2,4103,3,"60_69","f","not.hisp.latino","white",187
"2018HU0954828",5,1,59304,3,"20_29","f","not.hisp.latino","white",79
"2018HU0955823",5,1,59303,3,"30_39","m","not.hisp.latino","white",40
"2018HU0959159",5,1,51087,3,"30_39","f","not.hisp.latino","white",15
"2018HU0959290",5,1,51255,3,"20_29","f","not.hisp.latino","white",8
"2018HU0964438",5,2,51105,3,"60_69","f","not.hisp.latino","white",94
"2018HU0964615",5,4,51115,3,"0_9","m","not.hisp.latino","white",59
"2018HU0968813",5,2,51085,3,"40_49","m","not.hisp.latino","white",26
"2018HU0971324",5,1,51186,3,"50_59","m","not.hisp.latino","white",70
"2018HU0971615",5,2,51245,3,"30_39","m","not.hisp.latino","white",106
"2018HU0971677",5,1,51090,3,"50_59","m","not.hisp.latino","white",37
"2018HU0972441",5,2,51087,3,"50_59","m","not.hisp.latino","white",92
"2018HU0975188",5,2,51186,3,"50_59","f","not.hisp.latino","white",242
"2018HU0976057",5,1,51244,3,"60_69","m","not.hisp.latino","white",22
"2018HU0977024",5,1,51206,3,"60_69","m","not.hisp.latino","white",125
"2018HU0984299",5,1,1302,3,"30_39","f","not.hisp.latino","white",97
"2018HU0985432",5,2,51040,3,"30_39","f","not.hisp.latino","white",156
"2018HU0985497",5,1,51155,3,"60_69","f","not.hisp.latino","white",182
"2018HU0988145",5,2,59306,3,"30_39","f","not.hisp.latino","asian",180
"2018HU0988965",5,2,59306,3,"60_69","f","not.hisp.latino","white",51
"2018HU0989061",5,2,51044,3,"10_19","m","not.hisp.latino","white",14
"2018HU0989643",5,4,51167,3,"0_9","f","not.hisp.latino","white",52
"2018HU0990012",5,1,51084,3,"30_39","f","not.hisp.latino","white",186
"2018HU0993356",5,1,1302,3,"50_59","f","not.hisp.latino","white",9
"2018HU0993734",5,2,51020,3,"30_39","m","not.hisp.latino","white",27
"2018HU0993747",5,2,51125,3,"70_79","m","not.hisp.latino","white",45
"2018HU0995336",5,5,51085,3,"10_19","m","not.hisp.latino","white",330
"2018HU0996996",5,1,59306,3,"60_69","f","not.hisp.latino","white",49
"2018HU0997222",5,3,51125,3,"0_9","m","not.hisp.latino","white",190
"2018HU0997402",5,2,51224,3,"50_59","m","not.hisp.latino","asian",19
"2018HU0997536",5,1,51164,3,"60_69","f","not.hisp.latino","white",89
"2018HU0998103",5,1,51244,3,"40_49","f","not.hisp.latino","white",101
"2018HU0999536",5,1,51045,3,"70_79","m","not.hisp.latino","white",107
"2018HU1002025",5,1,51175,3,"20_29","m","not.hisp.latino","white",88
"2018HU1005704",5,2,10702,3,"40_49","f","not.hisp.latino","white",165
"2018HU1005777",5,1,59309,3,"70_79","m","not.hisp.latino","white",109
"2018HU1008536",5,3,51235,3,"20_29","m","not.hisp.latino","white",132
"2018HU1009311",5,2,51165,3,"50_59","m","not.hisp.latino","white",22
"2018HU1010041",5,1,51080,3,"60_69","m","not.hisp.latino","white",85
"2018HU1010257",5,1,1301,3,"50_59","f","not.hisp.latino","white",47
"2018HU1011176",5,3,10701,3,"0_9","f","not.hisp.latino","white",99
"2018HU1011423",5,1,51235,3,"30_39","f","not.hisp.latino","white",131
"2018HU1013475",5,2,51045,3,"50_59","f","not.hisp.latino","white",153
"2018HU1015476",5,1,51235,3,"40_49","f","not.hisp.latino","white",10
"2018HU1016156",5,1,51215,3,"50_59","m","not.hisp.latino","white",142
"2018HU1016539",5,2,51145,3,"50_59","f","not.hisp.latino","white",93
"2018HU1017675",5,2,1301,3,"50_59","m","not.hisp.latino","white",29
"2018HU1017918",5,1,59308,3,"30_39","m","not.hisp.latino","white",322
"2018HU1019427",5,1,51105,3,"20_29","m","not.hisp.latino","white",231
"2018HU1019891",5,2,59307,3,"60_69","m","not.hisp.latino","white",37
"2018HU1022022",5,2,4103,3,"50_59","f","not.hisp.latino","white",17
"2018HU1024287",5,3,51155,3,"20_29","f","not.hisp.latino","asian",70
"2018HU1025136",5,1,51020,3,"50_59","m","not.hisp.latino","white",88
"2018HU1025250",5,1,4101,3,"50_59","f","not.hisp.latino","white",153
"2018HU1025697",5,3,51095,3,"50_59","f","not.hisp.latino","white",214
"2018HU1030182",5,2,51235,3,"20_29","f","not.hisp.latino","white",183
"2018HU1030275",5,1,1301,3,"20_29","f","not.hisp.latino","white",65
"2018HU1032560",5,2,51255,3,"20_29","f","not.hisp.latino","white",136
"2018HU1033587",5,2,51235,3,"20_29","m","not.hisp.latino","white",200
"2018HU1034312",5,1,59307,3,"40_49","m","not.hisp.latino","white",58
"2018HU1035534",5,1,51040,3,"60_69","f","not.hisp.latino","white",221
"2018HU1036544",5,1,55002,3,"60_69","m","not.hisp.latino","white",107
"2018HU1040099",5,2,51115,3,"30_39","f","not.hisp.latino","white",155
"2018HU1040810",5,4,4102,3,"10_19","f","not.hisp.latino","white",23
"2018HU1041123",5,1,51044,3,"50_59","f","not.hisp.latino","white",64
"2018HU1042418",5,3,59305,3,"10_19","f","not.hisp.latino","white",16
"2018HU1042787",5,2,51115,3,"20_29","m","not.hisp.latino","white",60
"2018HU1043072",5,3,4102,3,"0_9","f","not.hisp.latino","white",107
"2018HU1043881",5,1,51155,3,"30_39","m","not.hisp.latino","white",37
"2018HU1044185",5,3,51010,3,"10_19","f","not.hisp.latino","white",60
"2018HU1045733",5,1,51020,3,"60_69","f","not.hisp.latino","white",184
"2018HU1046288",5,1,51040,3,"60_69","m","not.hisp.latino","white",43
"2018HU1048586",5,2,10703,3,"30_39","f","not.hisp.latino","asian",17
"2018HU1048679",5,2,51110,3,"20_29","m","not.hisp.latino","white",92
"2018HU1051011",5,3,51110,3,"0_9","f","not.hisp.latino","white",91
"2018HU1055422",5,1,51020,3,"70_79","f","not.hisp.latino","white",132
"2018HU1055682",5,1,51095,3,"60_69","f","not.hisp.latino","white",35
"2018HU1059149",5,1,51010,3,"60_69","f","not.hisp.latino","white",13
"2018HU1063436",5,2,51120,3,"50_59","f","not.hisp.latino","white",92
"2018HU1064850",5,2,51135,3,"30_39","f","not.hisp.latino","white",25
"2018HU1066954",5,5,10703,3,"40_49","f","not.hisp.latino","white",347
"2018HU1068333",5,2,51206,3,"30_39","m","not.hisp.latino","white",65
"2018HU1068743",5,1,51097,3,"50_59","m","not.hisp.latino","white",22
"2018HU1068791",5,2,51145,3,"50_59","f","not.hisp.latino","white",39
"2018HU1069668",5,1,4103,3,"50_59","f","not.hisp.latino","white",165
"2018HU1071068",5,1,51080,3,"40_49","f","not.hisp.latino","white",78
"2018HU1071345",5,2,59303,3,"70_79","m","not.hisp.latino","white",98
"2018HU1071695",5,1,55002,3,"30_39","m","not.hisp.latino","white",105
"2018HU1072140",5,1,51165,3,"60_69","m","not.hisp.latino","white",61
"2018HU1072615",5,6,51096,3,"0_9","f","not.hisp.latino","white",62
"2018HU1074704",5,2,59309,3,"30_39","f","not.hisp.latino","white",192
"2018HU1075023",5,2,51040,3,"60_69","f","not.hisp.latino","white",95
"2018HU1077272",5,2,10701,3,"50_59","f","not.hisp.latino","white",18
"2018HU1077325",5,1,51020,3,"30_39","m","not.hisp.latino","white",25
"2018HU1078365",5,5,51044,3,"0_9","f","not.hisp.latino","white",155
"2018HU1078365",5,7,51044,3,"0_9","m","not.hisp.latino","white",196
"2018HU1081511",5,2,51246,3,"30_39","f","not.hisp.latino","white",20
"2018HU1083956",5,2,51097,3,"50_59","f","not.hisp.latino","white",110
"2018HU1084091",5,2,59308,3,"30_39","f","not.hisp.latino","asian",76
"2018HU1085856",5,1,1302,3,"60_69","m","not.hisp.latino","white",61
"2018HU1086095",5,1,59309,3,"20_29","f","not.hisp.latino","white",43
"2018HU1086488",5,1,51175,3,"40_49","m","not.hisp.latino","white",167
"2018HU1087373",5,2,59309,3,"50_59","f","not.hisp.latino","white",89
"2018HU1090687",5,1,51084,3,"60_69","f","not.hisp.latino","white",16
"2018HU1091315",5,1,51090,3,"50_59","m","not.hisp.latino","white",140
"2018HU1093618",5,1,51164,3,"30_39","m","not.hisp.latino","white",161
"2018HU1100377",5,2,51235,3,"50_59","f","not.hisp.latino","white",65
"2018HU1100515",5,2,51235,3,"30_39","m","not.hisp.latino","white",42
"2018HU1100930",5,1,51120,3,"40_49","m","not.hisp.latino","white",3
"2018HU1100961",5,1,51084,3,"60_69","m","not.hisp.latino","white",46
"2018HU1100987",5,2,59309,3,"50_59","m","not.hisp.latino","white",16
"2018HU1102855",5,1,51186,3,"50_59","f","not.hisp.latino","white",175
"2018HU1106281",5,1,51206,3,"70_79","f","not.hisp.latino","white",238
"2018HU1110083",5,1,51135,3,"50_59","f","not.hisp.latino","white",151
"2018HU1112039",5,1,55001,3,"50_59","f","not.hisp.latino","white",9
"2018HU1115891",5,2,51045,3,"60_69","m","not.hisp.latino","white",58
"2018HU1117196",5,2,51020,3,"60_69","f","not.hisp.latino","white",141
"2018HU1117265",5,4,51206,3,"30_39","m","not.hisp.latino","white",143
"2018HU1117929",5,1,51087,3,"20_29","f","not.hisp.latino","white",43
"2018HU1118431",5,3,59309,3,"10_19","f","not.hisp.latino","asian",85
"2018HU1122171",5,4,55001,3,"0_9","m","not.hisp.latino","white",17
"2018HU1125504",5,1,59307,3,"60_69","f","not.hisp.latino","white",20
"2018HU1127398",5,3,51165,3,"10_19","f","not.hisp.latino","two.",96
"2018HU1127579",5,3,59302,3,"30_39","m","not.hisp.latino","white",145
"2018HU1128479",5,2,51080,3,"60_69","m","not.hisp.latino","white",216
"2018HU1130662",5,1,51090,3,"20_29","f","not.hisp.latino","white",148
"2018HU1132083",5,1,51040,3,"20_29","m","not.hisp.latino","white",52
"2018HU1132621",5,2,51020,3,"10_19","f","not.hisp.latino","white",43
"2018HU1132744",5,2,51105,3,"50_59","f","not.hisp.latino","white",103
"2018HU1133134",5,2,51224,3,"30_39","m","not.hisp.latino","white",239
"2018HU1134745",5,2,51105,3,"30_39","m","not.hisp.latino","white",105
"2018HU1136683",5,3,59303,3,"10_19","m","not.hisp.latino","asian",52
"2018HU1139208",5,1,51095,3,"70_79","m","not.hisp.latino","white",26
"2018HU1140589",5,1,51246,3,"70_79","m","not.hisp.latino","white",136
"2018HU1141446",5,4,59309,3,"10_19","m","not.hisp.latino","white",15
"2018HU1144217",5,2,51245,3,"50_59","m","not.hisp.latino","white",70
"2018HU1145753",5,1,59304,3,"50_59","f","not.hisp.latino","white",99
"2018HU1148077",5,1,51125,3,"50_59","m","not.hisp.latino","white",51
"2018HU1148660",5,3,51044,3,"10_19","f","not.hisp.latino","white",127
"2018HU1149501",5,1,51110,3,"20_29","m","not.hisp.latino","white",32
"2018HU1149679",5,2,10702,3,"40_49","f","not.hisp.latino","asian",87
"2018HU1150859",5,1,59306,3,"40_49","m","not.hisp.latino","asian",58
"2018HU1151356",5,1,51120,3,"50_59","m","not.hisp.latino","white",16
"2018HU1151485",5,5,51245,3,"10_19","f","not.hisp.latino","white",76
"2018HU1152258",5,2,51244,3,"30_39","m","not.hisp.latino","asian",78
"2018HU1154246",5,3,51235,3,"0_9","f","not.hisp.latino","white",114
"2018HU1157592",5,1,59301,3,"50_59","m","not.hisp.latino","white",39
"2018HU1161580",5,2,51154,3,"30_39","m","not.hisp.latino","white",24
"2018HU1161687",5,2,51225,3,"20_29","m","not.hisp.latino","white",26
"2018HU1161896",5,2,51125,3,"60_69","f","not.hisp.latino","white",15
"2018HU1163257",5,3,51020,3,"10_19","m","not.hisp.latino","white",138
"2018HU1163569",5,4,51087,3,"0_9","m","not.hisp.latino","white",213
"2018HU1166597",5,1,59309,3,"30_39","m","not.hisp.latino","white",18
"2018HU1166724",5,3,51020,3,"10_19","m","not.hisp.latino","white",93
"2018HU1167336",5,3,51090,3,"10_19","m","not.hisp.latino","white",77
"2018HU1167897",5,1,51155,3,"50_59","m","not.hisp.latino","white",15
"2018HU1167964",5,3,4102,3,"10_19","f","not.hisp.latino","white",40
"2018HU1169727",5,2,51175,3,"50_59","f","not.hisp.latino","white",37
"2018HU1171272",5,1,51255,3,"30_39","f","not.hisp.latino","two.",29
"2018HU1173886",5,1,51110,3,"70_79","f","not.hisp.latino","white",267
"2018HU1177151",5,2,51110,3,"70_79","f","not.hisp.latino","white",150
"2018HU1180744",5,1,51125,3,"70_79","m","not.hisp.latino","white",11
"2018HU1181789",5,6,51115,3,"0_9","f","not.hisp.latino","white",99
"2018HU1182841",5,2,59301,3,"50_59","f","not.hisp.latino","white",106
"2018HU1185702",5,1,51020,3,"30_39","m","not.hisp.latino","white",23
"2018HU1189022",5,2,51225,3,"60_69","f","not.hisp.latino","white",122
"2018HU1189202",5,6,51120,3,"10_19","f","not.hisp.latino","white",54
"2018HU1192014",5,1,51045,3,"50_59","m","not.hisp.latino","white",36
"2018HU1194990",5,1,51110,3,"70_79","m","not.hisp.latino","white",20
"2018HU1195016",5,2,51040,3,"50_59","f","not.hisp.latino","white",99
"2018HU1195272",5,2,55001,3,"50_59","m","not.hisp.latino","white",120
"2018HU1195714",5,1,51246,3,"40_49","f","not.hisp.latino","white",141
"2018HU1197178",5,2,51235,3,"30_39","f","not.hisp.latino","white",239
"2018HU1197720",5,1,51255,3,"30_39","m","not.hisp.latino","white",55
"2018HU1198555",5,1,51045,3,"60_69","m","not.hisp.latino","white",20
"2018HU1201404",5,2,51084,3,"40_49","f","not.hisp.latino","white",60
"2018HU1202575",5,2,51125,3,"60_69","f","not.hisp.latino","white",84
"2018HU1202586",5,1,51167,3,"30_39","f","not.hisp.latino","white",76
"2018HU1203744",5,2,51120,3,"60_69","m","not.hisp.latino","white",202
"2018HU1204603",5,2,51115,3,"30_39","m","not.hisp.latino","white",135
"2018HU1206405",5,1,51045,3,"40_49","f","not.hisp.latino","white",133
"2018HU1208486",5,1,51087,3,"40_49","f","not.hisp.latino","white",36
"2018HU1208604",5,7,59305,3,"0_9","m","not.hisp.latino","white",102
"2018HU1209173",5,3,51120,3,"10_19","m","not.hisp.latino","white",148
"2018HU1209859",5,3,51084,3,"10_19","f","not.hisp.latino","white",339
"2018HU1211422",5,2,51105,3,"50_59","f","not.hisp.latino","white",50
"2018HU1211447",5,4,51010,3,"0_9","f","not.hisp.latino","white",69
"2018HU1211783",5,1,51244,3,"60_69","f","not.hisp.latino","white",151
"2018HU1214306",5,1,51145,3,"60_69","m","not.hisp.latino","white",35
"2018HU1216082",5,2,51010,3,"60_69","m","not.hisp.latino","white",20
"2018HU1218657",5,3,51115,3,"10_19","f","not.hisp.latino","white",159
"2018HU1220080",5,1,51186,3,"60_69","f","not.hisp.latino","white",50
"2018HU1221630",5,2,1301,3,"30_39","m","not.hisp.latino","white",95
"2018HU1221902",5,2,10703,3,"60_69","f","not.hisp.latino","white",118
"2018HU1225797",5,1,51097,3,"60_69","f","not.hisp.latino","white",99
"2018HU1226940",5,4,1301,3,"10_19","f","not.hisp.latino","white",33
"2018HU1230628",5,3,51085,3,"0_9","m","not.hisp.latino","white",35
"2018HU1232528",5,1,51225,3,"40_49","m","not.hisp.latino","white",94
"2018HU1232553",5,1,4102,3,"40_49","m","not.hisp.latino","white",84
"2018HU1233910",5,1,10702,3,"30_39","f","not.hisp.latino","white",16
"2018HU1234208",5,1,51206,3,"60_69","f","not.hisp.latino","white",16
"2018HU1237730",5,1,10701,3,"60_69","m","not.hisp.latino","white",308
"2018HU1239480",5,2,59308,3,"60_69","m","not.hisp.latino","white",23
"2018HU1240529",5,5,51165,3,"30_39","f","not.hisp.latino","white",69
"2018HU1242818",5,1,59305,3,"40_49","m","not.hisp.latino","white",36
"2018HU1242818",5,2,59305,3,"30_39","f","not.hisp.latino","white",34
"2018HU1244137",5,1,59303,3,"30_39","m","not.hisp.latino","white",63
"2018HU1245874",5,1,51167,3,"30_39","f","not.hisp.latino","white",140
"2018HU1246976",5,3,4103,3,"10_19","m","not.hisp.latino","white",587
"2018HU1248865",5,3,4102,3,"30_39","m","not.hisp.latino","white",144
"2018HU1252234",5,5,10702,3,"0_9","m","not.hisp.latino","white",142
"2018HU1252936",5,1,51090,3,"20_29","m","not.hisp.latino","white",28
"2018HU1253726",5,2,51155,3,"70_79","m","not.hisp.latino","white",35
"2018HU1255556",5,2,51165,3,"20_29","m","not.hisp.latino","white",128
"2018HU1256817",5,1,51090,3,"20_29","f","not.hisp.latino","asian",38
"2018HU1258295",5,2,51246,3,"60_69","f","not.hisp.latino","white",22
"2018HU1258558",5,2,51044,3,"60_69","f","not.hisp.latino","white",56
"2018HU1267494",5,1,51246,3,"30_39","f","not.hisp.latino","white",124
"2018HU1268641",5,2,59309,3,"50_59","f","not.hisp.latino","white",58
"2018HU1269229",5,1,51095,3,"30_39","f","not.hisp.latino","white",98
"2018HU1269466",5,7,51120,3,"0_9","f","not.hisp.latino","white",36
"2018HU1269874",5,1,59307,3,"60_69","m","not.hisp.latino","white",172
"2018HU1273429",5,3,51084,3,"0_9","f","not.hisp.latino","white",97
"2018HU1274332",5,3,51085,3,"30_39","f","not.hisp.latino","white",130
"2018HU1277577",5,1,51255,3,"50_59","f","not.hisp.latino","white",69
"2018HU1279750",5,1,51090,3,"30_39","f","not.hisp.latino","white",61
"2018HU1280209",5,3,51010,3,"0_9","m","not.hisp.latino","white",266
"2018HU1281744",5,4,51206,3,"10_19","m","not.hisp.latino","white",119
"2018HU1282350",5,3,51164,3,"10_19","f","not.hisp.latino","white",58
"2018HU1282854",5,1,51244,3,"50_59","f","not.hisp.latino","white",11
"2018HU1284741",5,4,10701,3,"10_19","f","not.hisp.latino","white",15
"2018HU1285373",5,4,51020,3,"0_9","m","not.hisp.latino","white",138
"2018HU1287016",5,3,51164,3,"20_29","f","not.hisp.latino","white",253
"2018HU1287772",5,1,51087,3,"70_79","m","not.hisp.latino","white",8
"2018HU1292383",5,9,51215,3,"0_9","m","not.hisp.latino","asian",71
"2018HU1292564",5,2,51090,3,"0_9","m","not.hisp.latino","white",138
"2018HU1293931",5,5,10703,3,"0_9","m","not.hisp.latino","white",12
"2018HU1295495",5,3,51084,3,"0_9","f","not.hisp.latino","two.",108
"2018HU1297855",5,1,4101,3,"20_29","m","not.hisp.latino","white",52
"2018HU1298915",5,2,59307,3,"70_79","f","not.hisp.latino","white",32
"2018HU1301513",5,1,51044,3,"20_29","f","not.hisp.latino","white",52
"2018HU1301744",5,3,51255,3,"0_9","m","not.hisp.latino","white",66
"2018HU1304485",5,1,51224,3,"60_69","f","not.hisp.latino","white",48
"2018HU1305062",5,4,51089,3,"10_19","m","not.hisp.latino","white",83
"2018HU1307455",5,5,51125,3,"0_9","m","not.hisp.latino","white",64
"2018HU1307565",5,2,51165,3,"0_9","m","not.hisp.latino","white",107
"2018HU1309333",5,1,51040,3,"70_79","m","not.hisp.latino","white",111
"2018HU1311156",5,3,51080,3,"0_9","m","not.hisp.latino","white",110
"2018HU1313075",5,3,51154,3,"0_9","m","not.hisp.latino","white",169
"2018HU1313256",5,5,51020,3,"20_29","f","not.hisp.latino","white",17
"2018HU1314650",5,1,59305,3,"70_79","m","not.hisp.latino","white",37
"2018HU1317616",5,1,51225,3,"60_69","m","not.hisp.latino","white",19
"2018HU1317642",5,4,51115,3,"0_9","m","not.hisp.latino","white",56
"2018HU1318960",5,1,51135,3,"60_69","f","not.hisp.latino","white",105
"2018HU1319077",5,2,55001,3,"50_59","f","not.hisp.latino","white",174
"2018HU1321642",5,1,51255,3,"40_49","m","not.hisp.latino","white",69
"2018HU1322779",5,2,4101,3,"50_59","f","not.hisp.latino","white",83
"2018HU1323901",5,2,51167,3,"30_39","f","not.hisp.latino","white",17
"2018HU1324566",5,1,10702,3,"70_79","m","not.hisp.latino","white",18
"2018HU1326071",5,1,10702,3,"30_39","f","not.hisp.latino","white",131
"2018HU1327663",5,2,4103,3,"30_39","f","not.hisp.latino","white",42
"2018HU1327898",5,1,51085,3,"50_59","f","not.hisp.latino","white",107
"2018HU1328166",5,4,51164,3,"10_19","m","not.hisp.latino","white",19
"2018HU1328290",5,2,4101,3,"60_69","f","not.hisp.latino","white",37
"2018HU1328424",5,4,51045,3,"0_9","f","not.hisp.latino","white",127
"2018HU1328455",5,3,51206,3,"0_9","m","not.hisp.latino","white",59
"2018HU1329294",5,2,59307,3,"30_39","f","not.hisp.latino","white",49
"2018HU1329884",5,4,10702,3,"0_9","f","not.hisp.latino","white",17
"2018HU1331059",5,2,51084,3,"50_59","f","not.hisp.latino","white",195
"2018HU1334748",5,4,51255,3,"10_19","f","not.hisp.latino","white",127
"2018HU1337127",5,3,51206,3,"10_19","m","not.hisp.latino","white",220
"2018HU1337972",5,3,59308,3,"30_39","m","not.hisp.latino","white",63
"2018HU1341867",5,2,51125,3,"10_19","f","not.hisp.latino","white",15
"2018HU1343713",5,2,51085,3,"50_59","m","not.hisp.latino","white",14
"2018HU1346143",5,1,51089,3,"50_59","m","not.hisp.latino","white",100
"2018HU1348360",5,1,51020,3,"40_49","m","not.hisp.latino","white",39
"2018HU1348914",5,1,4102,3,"40_49","m","not.hisp.latino","white",18
"2018HU1350742",5,2,51154,3,"30_39","m","not.hisp.latino","white",56
"2018HU1350742",5,3,51154,3,"50_59","m","not.hisp.latino","white",53
"2018HU1350809",5,1,51164,3,"50_59","m","not.hisp.latino","white",71
"2018HU1351664",5,1,51040,3,"50_59","f","not.hisp.latino","white",228
"2018HU1351852",5,1,51115,3,"60_69","f","not.hisp.latino","white",82
"2018HU1352088",5,1,51154,3,"30_39","f","not.hisp.latino","white",123
"2018HU1352750",5,1,51125,3,"60_69","f","not.hisp.latino","white",243
"2018HU1353060",5,1,51125,3,"40_49","m","not.hisp.latino","white",68
"2018HU1355231",5,1,51255,3,"60_69","m","not.hisp.latino","white",100
"2018HU1357838",5,2,59307,3,"60_69","f","not.hisp.latino","white",16
"2018HU1362263",5,4,10702,3,"0_9","f","not.hisp.latino","asian",100
"2018HU1362998",5,1,51255,3,"40_49","f","not.hisp.latino","white",63
"2018HU1363985",5,2,59308,3,"70_79","m","not.hisp.latino","white",110
"2018HU1364992",5,2,51225,3,"30_39","f","not.hisp.latino","white",607
"2018HU1365089",5,2,51165,3,"30_39","m","not.hisp.latino","white",125
"2018HU1368495",5,2,51235,3,"50_59","m","not.hisp.latino","white",25
"2018HU1369952",5,2,51224,3,"30_39","f","not.hisp.latino","white",122
"2018HU1370804",5,1,51085,3,"50_59","m","not.hisp.latino","white",5
"2018HU1372959",5,2,59307,3,"60_69","f","not.hisp.latino","asian",115
"2018HU1373197",5,1,51245,3,"60_69","f","not.hisp.latino","white",52
"2018HU1375922",5,1,59302,3,"30_39","m","not.hisp.latino","white",20
"2018HU1377049",5,1,51224,3,"50_59","m","not.hisp.latino","white",117
"2018HU1378820",5,1,51175,3,"60_69","f","not.hisp.latino","white",36
"2018HU1380125",5,2,51045,3,"60_69","m","not.hisp.latino","white",33
"2018HU1381019",5,2,59303,3,"70_79","m","not.hisp.latino","white",116
"2018HU1381226",5,1,51110,3,"20_29","m","not.hisp.latino","white",66
"2018HU1383477",5,1,51040,3,"50_59","f","not.hisp.latino","white",217
"2018HU1384560",5,1,51115,3,"50_59","m","not.hisp.latino","white",55
"2018HU1384839",5,4,51215,3,"0_9","m","not.hisp.latino","white",19
"2018HU1389600",5,2,59308,3,"60_69","f","not.hisp.latino","white",112
"2018HU1390567",5,2,51010,3,"30_39","f","not.hisp.latino","white",76
"2018HU1391605",5,1,59304,3,"60_69","m","not.hisp.latino","white",65
"2018HU1392034",5,1,55002,3,"50_59","m","not.hisp.latino","white",155
"2018HU1398348",5,1,55002,3,"50_59","m","not.hisp.latino","white",109
"2018HU1399645",5,2,51164,3,"40_49","f","not.hisp.latino","white",106
"2018HU1399857",5,1,59306,3,"50_59","m","not.hisp.latino","asian",89
