PPSORT,CMA,AGE,SEX,RACE,KOL,WORKLANG,MARST,DWEL,MOBL
69855,933,a40_44,m,ao_sao_ei,official_lang,work.official_lang,married,single.detached.house,non.movers
158573,933,a25_29,m,eo_bio_Irish,official_lang,work.official_lang,no.married,single.detached.house,nonmigrants.movers
116426,933,a35_39,m,ao_esao_Chinese,official_lang,work.official_lang,divorced,apartment,non.movers
233875,933,a60_64,m,ao_esao_Chinese,official_lang,work.official_lang,married,single.detached.house,non.movers
907555,933,a55_59,m,onao_Canadian,official_lang,work.official_lang,married,single.detached.house,non.movers
254624,933,a60_64,f,ao_oesao,no.official_lang,work.no.official_lang,widowed,apartment,non.movers
497930,933,a5_9,m,eo_bio_Scottish,official_lang,work.no.official_lang,no.married,single.detached.house,non.movers
223057,933,a5_9,f,ao_sao_ei,official_lang,work.no.official_lang,no.married,apartment,non.movers
371815,933,a55_59,m,ao_oesao,official_lang,work.official_lang,married,single.detached.house,non.movers
683365,933,a15_19,m,onao_Canadian,official_lang,work.no.official_lang,no.married,single.detached.house,non.movers
509563,933,a25_29,f,ao_esao_Chinese,official_lang,work.no.official_lang,no.married,apartment,non.movers
823650,933,a45_49,m,onao_Canadian,official_lang,work.official_lang,married,apartment,non.movers
554615,933,a30_34,f,onao_Canadian,official_lang,work.official_lang,no.married,apartment,nonmigrants.movers
256948,933,a50_54,f,ao_esao_Chinese,official_lang,work.no.official_lang,married,other.attached,non.movers
187465,933,a20_24,m,ao_esao_Chinese,official_lang,work.no.official_lang,no.married,apartment,non.movers
345217,933,a10_14,m,onao_Canadian,official_lang,work.no.official_lang,no.married,apartment,non.movers
59747,933,a55_59,f,eo_oeeo,official_lang,work.official_lang,married,apartment,non.movers
549990,933,a20_24,m,ao_esao_Chinese,official_lang,work.official_lang,no.married,apartment,non.movers
310240,933,a60_64,f,ao_oesao,official_lang,work.official_lang,married,other.attached,non.movers
12838,933,a55_59,f,ao_esao_Filipino,official_lang,work.official_lang,married,apartment,non.movers
573958,933,a40_44,f,ao_esao_Chinese,official_lang,work.official_lang,married,single.detached.house,non.movers
387598,933,a70_74,m,eo_weo_German,official_lang,work.official_lang,married,other.attached,non.movers
424537,933,a55_59,m,ao_sao_ei,official_lang,work.official_lang,married,single.detached.house,non.movers
662092,933,a10_14,m,ao_oesao,official_lang,work.no.official_lang,no.married,apartment,non.movers
805026,933,a55_59,m,ao_wcameo,official_lang,work.official_lang,married,other.attached,non.movers
480033,933,a50_54,m,eo_bio_Irish,official_lang,work.official_lang,living.common.law,other.attached,non.movers
266878,933,a55_59,f,ao_esao_Filipino,official_lang,work.no.official_lang,married,single.detached.house,non.movers
217905,933,a75_79,m,eo_neo,official_lang,work.official_lang,married,apartment,non.movers
588147,933,a30_34,m,eo_bio_Irish,official_lang,work.official_lang,living.common.law,other.attached,non.movers
33102,933,a10_14,m,eo_bio_Irish,official_lang,work.no.official_lang,no.married,apartment,non.movers
6143,933,a55_59,f,ao_esao_Chinese,no.official_lang,work.no.official_lang,married,apartment,other.movers
94581,933,a25_29,f,ao_esao_Chinese,official_lang,work.official_lang,living.common.law,apartment,non.movers
601949,933,a80_84,f,eo_bio_English,official_lang,work.no.official_lang,no.married,apartment,non.movers
732091,933,a35_39,m,eo_neo,official_lang,work.official_lang,living.common.law,apartment,other.movers
362675,933,a60_64,f,ao_esao_Chinese,no.official_lang,work.no.official_lang,married,other.attached,non.movers
218969,933,a30_34,m,lcsao,official_lang,work.official_lang,no.married,single.detached.house,non.movers
745312,933,a10_14,f,ao_esao_Chinese,official_lang,work.no.official_lang,no.married,single.detached.house,non.movers
572369,933,a20_24,f,ao_esao_Chinese,official_lang,work.official_lang,no.married,single.detached.house,non.movers
4493,933,a20_24,m,ao_esao_Chinese,official_lang,work.no.official_lang,no.married,single.detached.house,non.movers
723007,933,a30_34,f,ao_esao_Chinese,official_lang,work.official_lang,no.married,apartment,other.movers
312730,933,a5_9,m,onao_Canadian,official_lang,work.no.official_lang,no.married,single.detached.house,non.movers
810934,933,a20_24,f,lcsao,official_lang,work.no.official_lang,no.married,apartment,nonmigrants.movers
152399,933,a40_44,m,eo_bio_Scottish,official_lang,work.official_lang,separated,apartment,non.movers
443530,933,a85_,f,ao_sao_ei,no.official_lang,work.no.official_lang,widowed,apartment,non.movers
186663,933,a80_84,f,ao_esao_Chinese,official_lang,work.no.official_lang,widowed,apartment,other.movers
165303,933,a35_39,m,ao_wcameo,official_lang,work.official_lang,married,apartment,other.movers
829364,933,a35_39,f,ao_sao_ei,official_lang,work.no.official_lang,married,other.attached,non.movers
88353,933,a85_,f,ao_esao_Chinese,no.official_lang,work.no.official_lang,widowed,single.detached.house,non.movers
71549,933,a70_74,f,ao_sao_ei,official_lang,work.no.official_lang,widowed,apartment,non.movers
816082,933,a35_39,m,ao_sao_ei,official_lang,work.official_lang,married,apartment,non.movers
184601,933,a70_74,m,ao_esao_Chinese,official_lang,work.no.official_lang,married,other.attached,non.movers
371832,933,a75_79,f,ao_esao_Chinese,no.official_lang,work.no.official_lang,married,apartment,non.movers
525417,933,a30_34,m,ao_sao_ei,official_lang,work.official_lang,married,apartment,nonmigrants.movers
483714,933,a65_69,m,ao_esao_Chinese,no.official_lang,work.no.official_lang,married,single.detached.house,other.movers
457136,933,a20_24,f,ao_esao_Filipino,official_lang,work.no.official_lang,no.married,apartment,non.movers
770257,933,a30_34,f,ao_oesao,official_lang,work.official_lang,no.married,apartment,non.movers
668611,933,a35_39,m,eo_eeo_Polish,official_lang,work.official_lang,married,apartment,non.movers
896275,933,a60_64,f,ao_wcameo,official_lang,work.no.official_lang,separated,single.detached.house,nonmigrants.movers
335486,933,a50_54,m,ao_esao_Chinese,no.official_lang,work.no.official_lang,married,single.detached.house,non.movers
391087,933,a70_74,f,eo_bio_Scottish,official_lang,work.no.official_lang,married,apartment,non.movers
885192,933,a0_4,f,ao_sao_ei,official_lang,work.no.official_lang,no.married,single.detached.house,non.movers
736649,933,a80_84,f,ao_esao_Chinese,official_lang,work.no.official_lang,married,apartment,non.movers
822373,933,a10_14,m,ao_esao_Chinese,official_lang,work.no.official_lang,no.married,apartment,other.movers
896680,933,a35_39,f,ao_esao_Chinese,official_lang,work.official_lang,no.married,apartment,non.movers
866013,933,a30_34,f,ao_esao_Chinese,official_lang,work.no.official_lang,married,apartment,other.movers
511794,933,a40_44,m,ao_esao_Chinese,official_lang,work.official_lang,married,single.detached.house,nonmigrants.movers
334756,933,a70_74,m,ao_sao_ei,no.official_lang,work.official_lang,married,other.attached,non.movers
818654,933,a70_74,f,lcsao,official_lang,work.no.official_lang,widowed,apartment,non.movers
833536,933,a60_64,f,eo_bio_Scottish,official_lang,work.no.official_lang,divorced,single.detached.house,non.movers
381470,933,a65_69,f,ao_esao_Chinese,official_lang,work.no.official_lang,separated,single.detached.house,non.movers
127443,933,a20_24,f,ao_esao_Filipino,official_lang,work.official_lang,no.married,single.detached.house,nonmigrants.movers
539119,933,a30_34,f,eo_seo_Greek,official_lang,work.official_lang,no.married,apartment,non.movers
167854,933,a55_59,f,eo_bio_English,official_lang,work.official_lang,married,other.attached,non.movers
489018,933,a40_44,f,ao_esao_Chinese,official_lang,work.official_lang,married,apartment,non.movers
790865,933,a30_34,f,ao_oesao,official_lang,work.official_lang,married,apartment,non.movers
114871,933,a15_19,m,eo_bio_Scottish,official_lang,work.no.official_lang,no.married,other.attached,non.movers
652103,933,a65_69,f,eo_bio_English,official_lang,work.no.official_lang,divorced,other.attached,non.movers
35322,933,a30_34,m,ao_esao_Chinese,official_lang,work.official_lang,no.married,apartment,non.movers
489699,933,a55_59,m,ao_esao_Chinese,official_lang,work.official_lang,married,other.attached,non.movers
845344,933,a30_34,m,ao_oesao,official_lang,work.official_lang,married,other.attached,non.movers
909310,933,a35_39,f,ao_sao_ei,official_lang,work.official_lang,married,apartment,non.movers
862747,933,a55_59,f,ao_wcameo,official_lang,work.official_lang,married,other.attached,non.movers
46732,933,a0_4,f,ao_sao_ei,official_lang,work.no.official_lang,no.married,single.detached.house,other.movers
316705,933,a70_74,m,eo_eeo_Polish,official_lang,work.no.official_lang,married,single.detached.house,non.movers
115280,933,a50_54,f,eo_bio_English,official_lang,work.official_lang,living.common.law,single.detached.house,non.movers
887903,933,a55_59,f,eo_bio_English,official_lang,work.official_lang,married,single.detached.house,non.movers
156550,933,a65_69,m,ao_sao_ei,official_lang,work.official_lang,married,other.attached,external.movers
404258,933,a5_9,m,ao_esao_Chinese,official_lang,work.no.official_lang,no.married,single.detached.house,nonmigrants.movers
797755,933,a65_69,f,eo_bio_Scottish,official_lang,work.no.official_lang,no.married,single.detached.house,non.movers
633029,933,a40_44,f,ao_oesao,official_lang,work.official_lang,married,single.detached.house,non.movers
400777,933,a20_24,m,ao_esao_Chinese,official_lang,work.no.official_lang,no.married,apartment,nonmigrants.movers
223300,933,a75_79,f,ao_esao_Filipino,official_lang,work.no.official_lang,married,apartment,non.movers
819387,933,a85_,f,eo_oeeo,official_lang,work.no.official_lang,widowed,apartment,non.movers
469106,933,a10_14,m,onao_Canadian,official_lang,work.no.official_lang,no.married,apartment,non.movers
2104,933,a35_39,m,onao_Canadian,official_lang,work.official_lang,married,single.detached.house,non.movers
531203,933,a10_14,m,onao_Canadian,official_lang,work.no.official_lang,no.married,apartment,non.movers
716581,933,a80_84,m,eo_neo,official_lang,work.no.official_lang,married,apartment,non.movers
855955,933,a0_4,m,ao_esao_Chinese,official_lang,work.no.official_lang,no.married,single.detached.house,nonmigrants.movers
576760,933,a15_19,f,ao_esao_Chinese,official_lang,work.official_lang,no.married,apartment,non.movers
426583,933,a70_74,f,ao_sao_ei,no.official_lang,work.no.official_lang,widowed,other.attached,non.movers
511294,933,a30_34,f,ao_esao_Chinese,official_lang,work.no.official_lang,married,apartment,non.movers
296042,933,a50_54,f,ao,official_lang,work.official_lang,married,apartment,other.movers
559170,933,a45_49,m,ao_esao_Chinese,official_lang,work.official_lang,no.married,apartment,non.movers
170371,933,a50_54,m,ao_esao_Filipino,official_lang,work.official_lang,married,single.detached.house,non.movers
381668,933,a35_39,m,ao_esao_Filipino,official_lang,work.official_lang,married,single.detached.house,non.movers
446618,933,a35_39,f,ao_wcameo,official_lang,work.official_lang,no.married,single.detached.house,nonmigrants.movers
461854,933,a55_59,m,ao_wcameo,official_lang,work.official_lang,married,single.detached.house,non.movers
16284,933,a25_29,m,ao_oesao,official_lang,work.no.official_lang,no.married,apartment,external.movers
384589,933,a15_19,m,ao_esao_Chinese,official_lang,work.official_lang,no.married,single.detached.house,non.movers
590656,933,a40_44,f,ao_oesao,official_lang,work.official_lang,married,apartment,non.movers
246553,933,a30_34,m,ao_wcameo,official_lang,work.official_lang,no.married,apartment,nonmigrants.movers
249398,933,a20_24,m,onao_Canadian,official_lang,work.no.official_lang,no.married,other.attached,non.movers
105916,933,a20_24,f,ao_esao_Chinese,official_lang,work.no.official_lang,no.married,apartment,non.movers
853521,933,a70_74,m,eo_bio_English,official_lang,work.no.official_lang,married,other.attached,nonmigrants.movers
334215,933,a40_44,m,ao_esao_Chinese,official_lang,work.no.official_lang,married,single.detached.house,non.movers
347760,933,a25_29,f,ao_osao,official_lang,work.no.official_lang,married,apartment,non.movers
206492,933,a75_79,f,ao_oesao,official_lang,work.no.official_lang,widowed,single.detached.house,non.movers
340583,933,a20_24,f,ao_sao_ei,official_lang,work.official_lang,married,apartment,non.movers
871018,933,a25_29,m,ao_esao_Chinese,official_lang,work.no.official_lang,no.married,single.detached.house,non.movers
581950,933,a45_49,m,ao_esao_Chinese,official_lang,work.official_lang,married,other.attached,non.movers
309951,933,a40_44,m,ao_esao_Chinese,official_lang,work.official_lang,married,apartment,non.movers
386942,933,a30_34,m,ao_esao_Chinese,official_lang,work.official_lang,no.married,single.detached.house,non.movers
224606,933,a70_74,f,ao_esao_Chinese,official_lang,work.no.official_lang,married,other.attached,non.movers
694411,933,a5_9,m,ao_wcameo,official_lang,work.no.official_lang,no.married,other.attached,non.movers
570460,933,a25_29,f,ao_esao_Chinese,official_lang,work.official_lang,no.married,single.detached.house,non.movers
281107,933,a70_74,m,ao_wcameo,official_lang,work.no.official_lang,married,apartment,non.movers
772492,933,a15_19,f,ao_esao_Filipino,official_lang,work.no.official_lang,no.married,other.attached,nonmigrants.movers
429741,933,a30_34,f,ao_sao_ei,official_lang,work.official_lang,divorced,apartment,non.movers
907229,933,a65_69,f,eo_bio_Scottish,official_lang,work.no.official_lang,married,apartment,non.movers
356454,933,a35_39,m,ao_esao_Chinese,official_lang,work.official_lang,no.married,other.attached,non.movers
451292,933,a80_84,f,eo_neo,official_lang,work.no.official_lang,widowed,apartment,non.movers
797548,933,a30_34,m,eo_oeeo,official_lang,work.official_lang,no.married,apartment,non.movers
555014,933,a5_9,m,ao_esao_Chinese,official_lang,work.no.official_lang,no.married,single.detached.house,non.movers
372330,933,a60_64,f,ao_esao_Chinese,official_lang,work.no.official_lang,married,single.detached.house,interprovincial.movers
609292,933,a20_24,f,eo_seo_Italian,official_lang,work.official_lang,no.married,apartment,non.movers
580004,933,a65_69,m,ao,official_lang,work.no.official_lang,widowed,apartment,non.movers
536317,933,a20_24,f,onao_Canadian,official_lang,work.no.official_lang,no.married,apartment,non.movers
102578,933,a10_14,m,ao_sao_ei,official_lang,work.no.official_lang,no.married,single.detached.house,non.movers
339559,933,a60_64,m,ao_esao_Chinese,official_lang,work.no.official_lang,married,single.detached.house,non.movers
444056,933,a60_64,m,ao_esao_Chinese,no.official_lang,work.no.official_lang,married,single.detached.house,nonmigrants.movers
832365,933,a35_39,m,eo_oseo,official_lang,work.official_lang,married,single.detached.house,nonmigrants.movers
564236,933,a50_54,m,ao_esao_Chinese,official_lang,work.official_lang,married,single.detached.house,non.movers
830414,933,a85_,m,ao_esao_Chinese,no.official_lang,work.no.official_lang,married,single.detached.house,non.movers
669337,933,a65_69,m,ao_esao_Chinese,no.official_lang,work.no.official_lang,married,other.attached,non.movers
599801,933,a45_49,f,ao_esao_Chinese,official_lang,work.official_lang,married,apartment,non.movers
706334,933,a50_54,f,ao_esao_Chinese,no.official_lang,work.no.official_lang,married,apartment,non.movers
928069,933,a0_4,f,ao_wcameo,official_lang,work.no.official_lang,no.married,other.attached,other.movers
301791,933,a25_29,f,ao_esao_Filipino,official_lang,work.official_lang,married,apartment,nonmigrants.movers
107752,933,a50_54,m,eo_bio_Irish,official_lang,work.official_lang,separated,other.attached,non.movers
120777,933,a5_9,m,eo_oeeo,official_lang,work.no.official_lang,no.married,apartment,non.movers
731261,933,a70_74,f,eo_oweo,official_lang,work.no.official_lang,married,single.detached.house,non.movers
107987,933,a35_39,f,eo_bio_Scottish,official_lang,work.official_lang,married,other.attached,non.movers
241668,933,a70_74,f,ao_wcameo,official_lang,work.no.official_lang,married,apartment,non.movers
915136,933,a15_19,f,ao_sao_ei,official_lang,work.no.official_lang,no.married,single.detached.house,non.movers
699467,933,a60_64,m,ao_esao_Chinese,official_lang,work.official_lang,married,other.attached,non.movers
273464,933,a80_84,f,ao_esao_Chinese,no.official_lang,work.no.official_lang,widowed,single.detached.house,non.movers
27548,933,a60_64,m,ao_sao_ei,official_lang,work.official_lang,married,single.detached.house,non.movers
260642,933,a50_54,m,ao_esao_Chinese,official_lang,work.official_lang,married,apartment,non.movers
85530,933,a30_34,m,ao_esao_Chinese,official_lang,work.official_lang,no.married,other.attached,non.movers
307929,933,a45_49,m,ao_sao_ei,official_lang,work.official_lang,married,apartment,non.movers
587478,933,a0_4,m,ao_esao_Filipino,official_lang,work.no.official_lang,no.married,apartment,external.movers
613815,933,a65_69,m,eo_bio_Scottish,official_lang,work.no.official_lang,married,apartment,non.movers
115799,933,a20_24,f,eo_eeo_Russian,official_lang,work.official_lang,no.married,apartment,nonmigrants.movers
587026,933,a25_29,m,ao_esao_Chinese,official_lang,work.official_lang,living.common.law,apartment,non.movers
926069,933,a70_74,f,eo_bio_English,official_lang,work.official_lang,married,other.attached,non.movers
914859,933,a40_44,f,ao_esao_Filipino,official_lang,work.no.official_lang,no.married,apartment,non.movers
554272,933,a25_29,f,ao_esao_Chinese,official_lang,work.official_lang,living.common.law,apartment,non.movers
687087,933,a55_59,m,ao_esao_Chinese,official_lang,work.official_lang,married,other.attached,non.movers
356289,933,a60_64,f,ao_esao_Chinese,official_lang,work.official_lang,married,other.attached,non.movers
86085,933,a60_64,f,ao_oesao,no.official_lang,work.no.official_lang,married,apartment,non.movers
138679,933,a20_24,f,onao_Canadian,official_lang,work.official_lang,no.married,apartment,non.movers
428904,933,a50_54,m,ao_sao_ei,official_lang,work.official_lang,married,apartment,non.movers
872723,933,a15_19,f,ao_sao_ei,official_lang,work.official_lang,no.married,single.detached.house,non.movers
15907,933,a55_59,f,eo_bio_Scottish,official_lang,work.official_lang,no.married,apartment,non.movers
819207,933,a40_44,m,ao_sao_ei,official_lang,work.official_lang,married,apartment,non.movers
879069,933,a70_74,f,eo_oseo,official_lang,work.no.official_lang,married,single.detached.house,non.movers
906788,933,a35_39,f,eo_bio_Irish,official_lang,work.official_lang,no.married,apartment,external.movers
207954,933,a35_39,f,ao_sao_ei,official_lang,work.official_lang,married,apartment,non.movers
33867,933,a30_34,m,ao_oesao,official_lang,work.official_lang,married,apartment,non.movers
404527,933,a50_54,m,eo_bio_English,official_lang,work.official_lang,no.married,apartment,non.movers
629584,933,a30_34,f,ao_esao_Chinese,official_lang,work.official_lang,married,apartment,non.movers
784090,933,a65_69,f,onao_Canadian,official_lang,work.no.official_lang,widowed,apartment,non.movers
32819,933,a50_54,m,eo_bio_English,official_lang,work.official_lang,married,single.detached.house,non.movers
731633,933,a20_24,m,ao_esao_Filipino,official_lang,work.official_lang,no.married,apartment,non.movers
43109,933,a30_34,f,onao_Canadian,official_lang,work.no.official_lang,no.married,other.attached,non.movers
896985,933,a70_74,m,eo_fo,official_lang,work.no.official_lang,married,single.detached.house,non.movers
213224,933,a45_49,f,ao_esao_Chinese,official_lang,work.official_lang,living.common.law,apartment,non.movers
395124,933,a45_49,f,ao_esao_Filipino,official_lang,work.official_lang,married,single.detached.house,non.movers
777378,933,a40_44,f,onao_Canadian,official_lang,work.official_lang,divorced,apartment,other.movers
383026,933,a20_24,m,ao_wcameo,official_lang,work.official_lang,married,apartment,non.movers
369162,933,a40_44,m,eo_oseo,official_lang,work.official_lang,married,single.detached.house,non.movers
530273,933,a55_59,m,onao_Canadian,official_lang,work.official_lang,married,single.detached.house,non.movers
733959,933,a15_19,f,ao_oesao,official_lang,work.no.official_lang,no.married,other.attached,nonmigrants.movers
249386,933,a50_54,f,eo_seo_Italian,official_lang,work.official_lang,separated,single.detached.house,non.movers
683322,933,a50_54,f,ao_esao_Chinese,no.official_lang,work.official_lang,married,apartment,non.movers
295185,933,a0_4,m,onao_Canadian,official_lang,work.no.official_lang,no.married,other.attached,nonmigrants.movers
903322,933,a15_19,f,ao_esao_Chinese,official_lang,work.no.official_lang,no.married,other.attached,non.movers
799928,933,a20_24,f,onao_Canadian,official_lang,work.official_lang,no.married,single.detached.house,nonmigrants.movers
110207,933,a85_,f,ao_esao_Chinese,no.official_lang,work.no.official_lang,widowed,apartment,nonmigrants.movers
758965,933,a35_39,f,ao_sao_ei,official_lang,work.official_lang,married,other.attached,non.movers
65881,933,a55_59,f,eo_oseo,official_lang,work.official_lang,married,apartment,non.movers
130538,933,a50_54,f,ao_esao_Chinese,official_lang,work.official_lang,married,other.attached,non.movers
870728,933,a55_59,m,eo_bio_English,official_lang,work.no.official_lang,married,single.detached.house,non.movers
817489,933,a15_19,f,ao_esao_Filipino,official_lang,work.no.official_lang,no.married,apartment,non.movers
48364,933,a35_39,m,eo_oeeo,official_lang,work.official_lang,married,apartment,non.movers
388704,933,a10_14,m,ao_esao_Filipino,official_lang,work.no.official_lang,no.married,apartment,non.movers
901330,933,a55_59,f,eo_bio_Irish,official_lang,work.official_lang,divorced,apartment,nonmigrants.movers
160582,933,a50_54,f,eo_seo_Italian,official_lang,work.official_lang,married,other.attached,non.movers
197925,933,a40_44,m,ao_esao_Chinese,official_lang,work.no.official_lang,married,single.detached.house,other.movers
788385,933,a40_44,m,eo_bio_English,official_lang,work.official_lang,married,other.attached,non.movers
35574,933,a65_69,f,ao_esao_Chinese,official_lang,work.no.official_lang,married,apartment,non.movers
563757,933,a15_19,f,ao_esao_Chinese,official_lang,work.no.official_lang,no.married,apartment,non.movers
116189,933,a60_64,m,ao_wcameo,official_lang,work.no.official_lang,married,apartment,non.movers
500967,933,a55_59,f,ao_oesao,no.official_lang,work.no.official_lang,married,apartment,non.movers
796864,933,a50_54,m,eo_bio_English,official_lang,work.official_lang,married,other.attached,non.movers
868,933,a50_54,f,ao_wcameo,no.official_lang,work.no.official_lang,widowed,apartment,external.movers
564576,933,a70_74,f,eo_eeo_Ukrainian,official_lang,work.official_lang,widowed,apartment,non.movers
903863,933,a0_4,m,ao_esao_Filipino,official_lang,work.no.official_lang,no.married,apartment,non.movers
372035,933,a0_4,m,ao_sao_ei,official_lang,work.no.official_lang,no.married,apartment,non.movers
23646,933,a35_39,f,oo,official_lang,work.official_lang,living.common.law,apartment,nonmigrants.movers
598150,933,a65_69,m,eo_bio_English,official_lang,work.no.official_lang,married,apartment,non.movers
270327,933,a45_49,m,ao,official_lang,work.official_lang,married,other.attached,non.movers
381383,933,a20_24,m,ao_esao_Chinese,official_lang,work.no.official_lang,no.married,apartment,other.movers
400676,933,a30_34,f,eo_oeeo,official_lang,work.official_lang,married,other.attached,other.movers
227637,933,a50_54,m,ao_esao_Chinese,official_lang,work.no.official_lang,married,apartment,non.movers
382329,933,a60_64,m,ao_sao_ei,no.official_lang,work.no.official_lang,married,apartment,non.movers
337478,933,a20_24,f,ao_wcameo,official_lang,work.official_lang,no.married,other.attached,non.movers
586585,933,a0_4,f,ao_sao_ei,official_lang,work.no.official_lang,no.married,apartment,non.movers
575836,933,a20_24,m,ao_esao_Chinese,official_lang,work.official_lang,no.married,apartment,non.movers
55967,933,a30_34,f,ao_esao_Chinese,official_lang,work.no.official_lang,married,single.detached.house,non.movers
254029,933,a35_39,m,ao_esao_Chinese,official_lang,work.no.official_lang,married,single.detached.house,non.movers
838527,933,a50_54,f,ao_esao_Chinese,no.official_lang,work.no.official_lang,married,apartment,non.movers
846382,933,a85_,f,eo_bio_Scottish,official_lang,work.no.official_lang,widowed,single.detached.house,non.movers
28048,933,a30_34,f,ao_osao,official_lang,work.official_lang,married,apartment,non.movers
778568,933,a20_24,f,ao_sao_ei,official_lang,work.official_lang,no.married,apartment,non.movers
515153,933,a15_19,m,ao_esao_Filipino,official_lang,work.no.official_lang,no.married,other.attached,non.movers
134214,933,a55_59,f,ao_esao_Chinese,official_lang,work.official_lang,married,other.attached,non.movers
911334,933,a65_69,f,ao_osao,no.official_lang,work.no.official_lang,married,single.detached.house,non.movers
69370,933,a30_34,f,onao_Canadian,official_lang,work.official_lang,no.married,apartment,non.movers
577097,933,a55_59,f,ao_esao_Chinese,no.official_lang,work.no.official_lang,married,single.detached.house,non.movers
679194,933,a25_29,m,ao_esao_Chinese,official_lang,work.official_lang,married,apartment,non.movers
488333,933,a25_29,m,ao_oesao,official_lang,work.no.official_lang,no.married,apartment,non.movers
93282,933,a50_54,f,eo_eeo_Polish,official_lang,work.official_lang,married,single.detached.house,non.movers
815737,933,a35_39,m,eo_oeeo,official_lang,work.official_lang,married,apartment,non.movers
118561,933,a55_59,m,ao_esao_Filipino,official_lang,work.official_lang,married,apartment,non.movers
392266,933,a25_29,m,eo_seo_Italian,official_lang,work.official_lang,living.common.law,apartment,non.movers
425803,933,a35_39,f,ao_osao,official_lang,work.official_lang,married,apartment,non.movers
383367,933,a30_34,m,ao_oesao,official_lang,work.official_lang,divorced,single.detached.house,non.movers
497628,933,a85_,f,ao_sao_ei,no.official_lang,work.no.official_lang,married,apartment,non.movers
775092,933,a40_44,f,ao_esao_Chinese,official_lang,work.no.official_lang,married,apartment,non.movers
900932,933,a70_74,m,ao,official_lang,work.official_lang,married,apartment,non.movers
726904,933,a25_29,m,ao_esao_Chinese,official_lang,work.official_lang,no.married,single.detached.house,nonmigrants.movers
806892,933,a25_29,f,ao_oesao,official_lang,work.no.official_lang,no.married,apartment,other.movers
251079,933,a15_19,m,eo_bio_English,official_lang,work.official_lang,no.married,apartment,non.movers
616688,933,a45_49,f,ao_esao_Chinese,official_lang,work.official_lang,married,other.attached,non.movers
722656,933,a55_59,f,ao_oesao,no.official_lang,work.official_lang,living.common.law,apartment,non.movers
123216,933,a80_84,m,onao_Canadian,official_lang,work.no.official_lang,married,single.detached.house,non.movers
86593,933,a25_29,f,onao_Canadian,official_lang,work.official_lang,living.common.law,apartment,non.movers
414441,933,a50_54,f,ao_esao_Chinese,official_lang,work.official_lang,no.married,apartment,non.movers
652855,933,a35_39,m,eo_eeo_Hungarian,official_lang,work.official_lang,living.common.law,single.detached.house,non.movers
170133,933,a55_59,m,ao_esao_Chinese,official_lang,work.official_lang,married,apartment,non.movers
155037,933,a40_44,m,onao_Canadian,official_lang,work.official_lang,married,single.detached.house,non.movers
651388,933,a5_9,m,ao_wcameo,official_lang,work.no.official_lang,no.married,apartment,external.movers
273237,933,a5_9,f,ao_esao_Chinese,official_lang,work.no.official_lang,no.married,single.detached.house,non.movers
477000,933,a35_39,m,eo_seo_Spanish,official_lang,work.official_lang,no.married,other.attached,non.movers
170049,933,a55_59,m,ao_esao_Chinese,official_lang,work.official_lang,married,apartment,non.movers
210590,933,a70_74,m,eo_bio_English,official_lang,work.no.official_lang,married,single.detached.house,non.movers
833536,933,a60_64,f,eo_bio_Scottish,official_lang,work.no.official_lang,divorced,single.detached.house,non.movers
290221,933,a35_39,f,ao_esao_Chinese,official_lang,work.no.official_lang,married,apartment,non.movers
299020,933,a50_54,f,ao_esao_Chinese,no.official_lang,work.no.official_lang,widowed,apartment,non.movers
847828,933,a50_54,f,ao_esao_Chinese,official_lang,work.official_lang,married,single.detached.house,non.movers
477462,933,a0_4,m,ao_sao_ei,official_lang,work.no.official_lang,no.married,apartment,non.movers
61606,933,a20_24,f,ao_esao_Chinese,official_lang,work.official_lang,no.married,apartment,non.movers
552108,933,a45_49,f,ao_esao_Chinese,official_lang,work.official_lang,separated,apartment,nonmigrants.movers
551607,933,a50_54,m,ao_oesao,official_lang,work.no.official_lang,married,apartment,non.movers
687214,933,a70_74,f,ao_sao_ei,no.official_lang,work.no.official_lang,widowed,single.detached.house,other.movers
684389,933,a35_39,m,ao_sao_ei,official_lang,work.official_lang,married,other.attached,non.movers
778152,933,a40_44,f,ao_oesao,official_lang,work.no.official_lang,divorced,single.detached.house,non.movers
353962,933,a30_34,m,onao_Canadian,official_lang,work.official_lang,no.married,other.attached,non.movers
407080,933,a40_44,m,eo_bio_English,official_lang,work.official_lang,living.common.law,apartment,non.movers
25325,933,a45_49,f,ao_oesao,official_lang,work.no.official_lang,married,single.detached.house,other.movers
755947,933,a25_29,f,eo_oseo,official_lang,work.official_lang,no.married,apartment,nonmigrants.movers
903951,933,a65_69,m,ao_sao_ei,official_lang,work.official_lang,married,single.detached.house,non.movers
282173,933,a50_54,f,ao_oesao,no.official_lang,work.official_lang,married,other.attached,non.movers
344267,933,a70_74,f,lcsao,official_lang,work.no.official_lang,married,other.attached,nonmigrants.movers
58011,933,a15_19,m,ao_esao_Filipino,official_lang,work.official_lang,no.married,single.detached.house,non.movers
488017,933,a35_39,f,ao_sao_ei,official_lang,work.official_lang,married,apartment,nonmigrants.movers
69732,933,a35_39,f,ao_wcameo,official_lang,work.official_lang,married,apartment,nonmigrants.movers
889934,933,a15_19,f,ao_oesao,official_lang,work.no.official_lang,no.married,single.detached.house,non.movers
12098,933,a40_44,f,ao_oesao,official_lang,work.official_lang,married,apartment,non.movers
910492,933,a20_24,m,ao_sao_ei,official_lang,work.official_lang,no.married,single.detached.house,non.movers
212820,933,a35_39,f,ao_oesao,official_lang,work.no.official_lang,married,apartment,nonmigrants.movers
153538,933,a65_69,m,eo_bio_Irish,official_lang,work.official_lang,living.common.law,single.detached.house,non.movers
409623,933,a65_69,m,onao_Canadian,official_lang,work.official_lang,married,single.detached.house,non.movers
755963,933,a10_14,f,ao_esao_Chinese,official_lang,work.no.official_lang,no.married,apartment,non.movers
894141,933,a5_9,f,ao_esao_Chinese,official_lang,work.no.official_lang,no.married,apartment,non.movers
358891,933,a55_59,f,eo_bio_English,official_lang,work.official_lang,married,single.detached.house,non.movers
514135,933,a45_49,m,ao_esao_Chinese,no.official_lang,work.no.official_lang,married,apartment,non.movers
544509,933,a25_29,m,ao_sao_ei,official_lang,work.official_lang,no.married,apartment,nonmigrants.movers
241316,933,a45_49,f,ao_oesao,official_lang,work.official_lang,no.married,apartment,non.movers
63287,933,a50_54,m,eo_oseo,official_lang,work.official_lang,married,apartment,non.movers
430023,933,a35_39,f,ao_esao_Chinese,official_lang,work.official_lang,married,apartment,non.movers
181715,933,a35_39,m,ao_sao_ei,official_lang,work.official_lang,married,apartment,non.movers
830847,933,a80_84,m,ao_esao_Chinese,official_lang,work.no.official_lang,married,single.detached.house,non.movers
463841,933,a75_79,f,eo_weo_German,official_lang,work.no.official_lang,married,single.detached.house,non.movers
31552,933,a0_4,f,ao_sao_ei,official_lang,work.no.official_lang,no.married,apartment,non.movers
757348,933,a40_44,m,ao_esao_Chinese,official_lang,work.official_lang,no.married,other.attached,non.movers
646100,933,a40_44,m,ao_esao_Chinese,official_lang,work.official_lang,married,apartment,non.movers
608229,933,a30_34,f,ao_esao_Chinese,official_lang,work.official_lang,no.married,single.detached.house,non.movers
325801,933,a10_14,m,onao_Canadian,official_lang,work.no.official_lang,no.married,apartment,non.movers
214430,933,a65_69,f,eo_bio_English,official_lang,work.no.official_lang,married,single.detached.house,non.movers
204486,933,a35_39,m,ao_esao_Chinese,official_lang,work.official_lang,married,apartment,non.movers
501638,933,a40_44,m,eo_bio_Scottish,official_lang,work.official_lang,separated,single.detached.house,non.movers
681053,933,a10_14,f,oo,official_lang,work.no.official_lang,no.married,apartment,non.movers
9826,933,a50_54,m,ao_wcameo,official_lang,work.official_lang,married,apartment,non.movers
840541,933,a45_49,m,ao_sao_ei,official_lang,work.official_lang,married,apartment,non.movers
327969,933,a5_9,m,ao_esao_Chinese,official_lang,work.no.official_lang,no.married,apartment,external.movers
596060,933,a5_9,f,ao_esao_Filipino,official_lang,work.no.official_lang,no.married,single.detached.house,non.movers
692330,933,a45_49,m,ao_esao_Chinese,official_lang,work.official_lang,no.married,single.detached.house,non.movers
294152,933,a65_69,m,ao,official_lang,work.no.official_lang,married,single.detached.house,non.movers
408534,933,a5_9,m,ao_wcameo,official_lang,work.no.official_lang,no.married,apartment,non.movers
656811,933,a65_69,f,eo_seo_Italian,official_lang,work.no.official_lang,married,single.detached.house,non.movers
560249,933,a45_49,f,eo_bio_English,official_lang,work.no.official_lang,married,single.detached.house,non.movers
70091,933,a60_64,m,eo_neo,official_lang,work.official_lang,married,apartment,non.movers
420394,933,a25_29,f,ao_esao_Filipino,official_lang,work.official_lang,no.married,apartment,other.movers
346364,933,a50_54,f,ao_esao_Filipino,official_lang,work.official_lang,married,apartment,non.movers
22736,933,a35_39,f,ao_osao,official_lang,work.official_lang,married,apartment,non.movers
214684,933,a60_64,f,eo_seo_Italian,official_lang,work.official_lang,married,single.detached.house,non.movers
823065,933,a45_49,m,ao_esao_Chinese,no.official_lang,work.no.official_lang,married,single.detached.house,non.movers
212268,933,a30_34,f,ao_esao_Filipino,official_lang,work.official_lang,no.married,apartment,non.movers
145853,933,a45_49,m,eo_bio_Scottish,official_lang,work.official_lang,living.common.law,apartment,non.movers
273474,933,a45_49,f,ao_esao_Filipino,official_lang,work.official_lang,divorced,single.detached.house,nonmigrants.movers
14593,933,a5_9,f,ao_osao,official_lang,work.no.official_lang,no.married,apartment,non.movers
271219,933,a15_19,m,ao_oesao,official_lang,work.no.official_lang,no.married,apartment,non.movers
59196,933,a25_29,m,ao_esao_Chinese,official_lang,work.official_lang,no.married,other.attached,non.movers
230023,933,a40_44,m,onao_Canadian,official_lang,work.official_lang,no.married,single.detached.house,non.movers
117077,933,a60_64,f,ao,official_lang,work.no.official_lang,married,apartment,non.movers
125865,933,a35_39,f,eo_weo_Dutch,official_lang,work.official_lang,married,single.detached.house,non.movers
35513,933,a20_24,m,ao_esao_Chinese,official_lang,work.no.official_lang,married,single.detached.house,non.movers
641258,933,a20_24,m,ao_sao_ei,official_lang,work.official_lang,no.married,other.attached,non.movers
279933,933,a15_19,f,ao_esao_Chinese,official_lang,work.no.official_lang,no.married,single.detached.house,non.movers
555402,933,a15_19,f,oo,official_lang,work.official_lang,no.married,apartment,non.movers
55025,933,a45_49,f,ao_esao_Filipino,official_lang,work.official_lang,married,single.detached.house,non.movers
751169,933,a75_79,f,eo_oeeo,no.official_lang,work.no.official_lang,widowed,apartment,non.movers
414218,933,a40_44,f,ao_esao_Chinese,no.official_lang,work.no.official_lang,married,single.detached.house,non.movers
819300,933,a55_59,m,eo_bio_English,official_lang,work.official_lang,living.common.law,apartment,non.movers
105182,933,a15_19,m,lcsao,official_lang,work.no.official_lang,no.married,other.attached,non.movers
413633,933,a55_59,f,ao_esao_Chinese,official_lang,work.no.official_lang,divorced,other.attached,other.movers
750583,933,a45_49,m,eo_eeo_Russian,official_lang,work.no.official_lang,married,other.attached,non.movers
739423,933,a25_29,m,ao_oesao,official_lang,work.official_lang,married,apartment,nonmigrants.movers
152107,933,a45_49,f,ao_sao_ei,no.official_lang,work.official_lang,married,apartment,non.movers
211354,933,a30_34,f,lcsao,no.official_lang,work.no.official_lang,living.common.law,apartment,non.movers
328994,933,a30_34,f,eo_oeeo,official_lang,work.official_lang,no.married,apartment,nonmigrants.movers
119636,933,a60_64,f,onao_Canadian,official_lang,work.official_lang,living.common.law,single.detached.house,non.movers
608527,933,a40_44,m,ao_osao,official_lang,work.no.official_lang,married,other.attached,non.movers
790975,933,a65_69,f,eo_seo_Italian,official_lang,work.no.official_lang,widowed,apartment,non.movers
361564,933,a70_74,f,eo_obio,official_lang,work.no.official_lang,separated,single.detached.house,non.movers
503238,933,a25_29,m,ao_esao_Chinese,official_lang,work.official_lang,separated,single.detached.house,external.movers
216921,933,a35_39,f,ao_wcameo,official_lang,work.official_lang,married,single.detached.house,non.movers
476603,933,a40_44,f,ao_sao_ei,official_lang,work.official_lang,married,apartment,non.movers
274101,933,a50_54,f,lcsao,official_lang,work.official_lang,separated,apartment,non.movers
917298,933,a10_14,f,ao_esao_Chinese,official_lang,work.no.official_lang,no.married,apartment,non.movers
655271,933,a40_44,f,ao_esao_Chinese,official_lang,work.official_lang,married,other.attached,non.movers
727051,933,a30_34,f,ao_wcameo,official_lang,work.no.official_lang,married,single.detached.house,non.movers
804193,933,a45_49,m,ao_oesao,official_lang,work.no.official_lang,married,single.detached.house,non.movers
393688,933,a35_39,f,eo_oeeo,official_lang,work.official_lang,married,apartment,non.movers
609218,933,a40_44,f,ao_esao_Chinese,no.official_lang,work.official_lang,married,apartment,non.movers
914905,933,a50_54,f,ao_esao_Chinese,official_lang,work.official_lang,no.married,apartment,non.movers
259557,933,a50_54,m,onao_Canadian,official_lang,work.official_lang,separated,other.attached,nonmigrants.movers
330662,933,a0_4,f,ao_sao_ei,official_lang,work.no.official_lang,no.married,apartment,non.movers
401339,933,a25_29,f,ao_oesao,official_lang,work.official_lang,married,apartment,non.movers
672115,933,a75_79,f,ao_esao_Chinese,no.official_lang,work.no.official_lang,widowed,apartment,non.movers
254059,933,a15_19,f,ao_esao_Filipino,official_lang,work.no.official_lang,no.married,other.attached,non.movers
678093,933,a40_44,m,ao_sao_ei,official_lang,work.official_lang,married,apartment,non.movers
581173,933,a60_64,m,eo_bio_Irish,official_lang,work.official_lang,no.married,apartment,non.movers
647281,933,a50_54,m,eo_oseo,official_lang,work.no.official_lang,no.married,apartment,non.movers
425217,933,a85_,f,ao_esao_Chinese,no.official_lang,work.no.official_lang,widowed,other.attached,non.movers
189726,933,a50_54,f,eo_weo_Dutch,official_lang,work.official_lang,living.common.law,single.detached.house,non.movers
505416,933,a15_19,f,ao_oesao,official_lang,work.no.official_lang,no.married,single.detached.house,non.movers
667691,933,a40_44,f,ao_sao_ei,official_lang,work.official_lang,married,apartment,nonmigrants.movers
806793,933,a60_64,f,eo_bio_Scottish,official_lang,work.official_lang,divorced,apartment,non.movers
638310,933,a40_44,f,ao_oesao,official_lang,work.no.official_lang,living.common.law,single.detached.house,non.movers
777647,933,a40_44,f,ao_esao_Chinese,official_lang,work.no.official_lang,married,apartment,nonmigrants.movers
839724,933,a60_64,m,eo_bio_English,official_lang,work.official_lang,married,apartment,non.movers
142315,933,a20_24,f,onao_Canadian,official_lang,work.official_lang,no.married,apartment,nonmigrants.movers
36535,933,a65_69,f,eo_bio_English,official_lang,work.no.official_lang,widowed,single.detached.house,non.movers
709477,933,a50_54,m,ao_esao_Chinese,no.official_lang,work.no.official_lang,married,single.detached.house,non.movers
28899,933,a50_54,f,ao_esao_Chinese,official_lang,work.official_lang,separated,other.attached,non.movers
616948,933,a20_24,m,ao_esao_Chinese,official_lang,work.no.official_lang,living.common.law,apartment,non.movers
786567,933,a35_39,f,ao_esao_Filipino,official_lang,work.official_lang,no.married,apartment,non.movers
804726,933,a75_79,f,ao_oesao,no.official_lang,work.no.official_lang,married,apartment,non.movers
184760,933,a85_,m,ao_esao_Filipino,official_lang,work.no.official_lang,married,single.detached.house,non.movers
418337,933,a40_44,f,ao_esao_Chinese,official_lang,work.no.official_lang,married,single.detached.house,non.movers
515173,933,a40_44,m,ao_oesao,official_lang,work.official_lang,married,apartment,non.movers
531647,933,a5_9,m,ao_esao_Filipino,official_lang,work.no.official_lang,no.married,apartment,nonmigrants.movers
606920,933,a5_9,f,ao_esao_Chinese,official_lang,work.no.official_lang,no.married,single.detached.house,non.movers
31816,933,a10_14,m,eo_oeeo,official_lang,work.no.official_lang,no.married,apartment,other.movers
304785,933,a50_54,m,eo_oeeo,official_lang,work.official_lang,divorced,apartment,other.movers
613266,933,a50_54,f,ao,official_lang,work.official_lang,married,apartment,non.movers
927598,933,a40_44,m,ao_sao_ei,official_lang,work.official_lang,married,single.detached.house,non.movers
311209,933,a15_19,m,ao_esao_Chinese,official_lang,work.no.official_lang,no.married,other.attached,non.movers
844802,933,a60_64,m,ao_esao_Filipino,official_lang,work.official_lang,married,apartment,non.movers
835671,933,a40_44,m,ao_oesao,no.official_lang,work.no.official_lang,married,apartment,non.movers
191007,933,a10_14,f,ao_esao_Filipino,official_lang,work.no.official_lang,no.married,single.detached.house,non.movers
359843,933,a85_,m,ao_esao_Chinese,no.official_lang,work.no.official_lang,widowed,apartment,non.movers
219243,933,a20_24,f,ao_sao_ei,official_lang,work.official_lang,no.married,apartment,non.movers
18571,933,a80_84,m,ao_esao_Chinese,no.official_lang,work.no.official_lang,married,single.detached.house,non.movers
829713,933,a0_4,f,ao_oesao,no.official_lang,work.no.official_lang,no.married,apartment,external.movers
760875,933,a5_9,m,ao_esao_Filipino,official_lang,work.no.official_lang,no.married,other.attached,non.movers
420394,933,a25_29,f,ao_esao_Filipino,official_lang,work.official_lang,no.married,apartment,other.movers
723050,933,a50_54,f,ao_esao_Chinese,official_lang,work.official_lang,married,apartment,non.movers
514202,933,a80_84,m,ao_esao_Chinese,official_lang,work.no.official_lang,married,apartment,non.movers
539967,933,a30_34,f,onao_Canadian,official_lang,work.official_lang,living.common.law,apartment,other.movers
224191,933,a60_64,f,ao_esao_Chinese,official_lang,work.official_lang,married,single.detached.house,non.movers
649509,933,a30_34,m,ao_sao_ei,official_lang,work.official_lang,married,apartment,non.movers
79280,933,a40_44,f,ao_oesao,official_lang,work.official_lang,married,apartment,non.movers
709418,933,a15_19,m,onao_Canadian,official_lang,work.no.official_lang,no.married,single.detached.house,non.movers
199633,933,a25_29,m,ao_esao_Filipino,official_lang,work.official_lang,no.married,single.detached.house,non.movers
907229,933,a65_69,f,eo_bio_Scottish,official_lang,work.no.official_lang,married,apartment,non.movers
390945,933,a0_4,f,ao_esao_Chinese,official_lang,work.no.official_lang,no.married,single.detached.house,non.movers
253099,933,a25_29,m,ao_esao_Chinese,official_lang,work.official_lang,no.married,apartment,non.movers
872013,933,a30_34,m,eo_fo,official_lang,work.official_lang,living.common.law,apartment,other.movers
52516,933,a5_9,f,ao_esao_Chinese,official_lang,work.no.official_lang,no.married,apartment,nonmigrants.movers
225694,933,a55_59,m,eo_bio_English,official_lang,work.official_lang,married,single.detached.house,non.movers
532806,933,a35_39,m,eo_eeo_Polish,official_lang,work.official_lang,married,single.detached.house,nonmigrants.movers
765314,933,a45_49,f,ao_esao_Chinese,official_lang,work.no.official_lang,married,other.attached,non.movers
919794,933,a40_44,f,ao_esao_Chinese,official_lang,work.official_lang,married,apartment,non.movers
442356,933,a50_54,f,ao_esao_Chinese,official_lang,work.official_lang,no.married,other.attached,non.movers
163679,933,a25_29,f,eo_bio_English,official_lang,work.official_lang,married,single.detached.house,other.movers
614540,933,a80_84,m,ao_oesao,official_lang,work.no.official_lang,widowed,apartment,non.movers
17913,933,a40_44,f,ao_sao_ei,official_lang,work.no.official_lang,married,single.detached.house,nonmigrants.movers
117538,933,a30_34,f,ao_oesao,official_lang,work.official_lang,no.married,apartment,non.movers
324061,933,a35_39,m,ao_wcameo,official_lang,work.official_lang,separated,apartment,non.movers
535513,933,a30_34,f,ao_esao_Chinese,official_lang,work.official_lang,married,single.detached.house,non.movers
592338,933,a0_4,f,onao_Canadian,official_lang,work.no.official_lang,no.married,apartment,non.movers
780669,933,a15_19,f,ao_esao_Chinese,official_lang,work.official_lang,no.married,single.detached.house,non.movers
753850,933,a55_59,m,ao_esao_Chinese,official_lang,work.no.official_lang,married,single.detached.house,non.movers
110376,933,a50_54,m,eo_bio_English,official_lang,work.official_lang,married,apartment,non.movers
550159,933,a30_34,m,eo_bio_Scottish,official_lang,work.official_lang,living.common.law,apartment,nonmigrants.movers
928108,933,a50_54,m,eo_fo,official_lang,work.official_lang,married,other.attached,non.movers
10381,933,a30_34,m,ao_esao_Chinese,official_lang,work.official_lang,married,single.detached.house,other.movers
630407,933,a75_79,f,ao_oesao,no.official_lang,work.no.official_lang,widowed,apartment,non.movers
584130,933,a10_14,f,ao_sao_ei,official_lang,work.no.official_lang,no.married,apartment,non.movers
495286,933,a25_29,m,ao_sao_ei,official_lang,work.official_lang,married,apartment,non.movers
715665,933,a50_54,f,ao_esao_Chinese,no.official_lang,work.no.official_lang,married,other.attached,non.movers
441811,933,a60_64,m,ao_esao_Chinese,official_lang,work.official_lang,married,apartment,non.movers
686147,933,a20_24,f,onao_Canadian,official_lang,work.official_lang,no.married,single.detached.house,non.movers
769630,933,a65_69,f,eo_bio_Scottish,official_lang,work.no.official_lang,no.married,apartment,non.movers
787757,933,a30_34,f,onao_Canadian,official_lang,work.official_lang,no.married,apartment,non.movers
760616,933,a40_44,f,ao_wcameo,official_lang,work.official_lang,married,single.detached.house,non.movers
556362,933,a60_64,f,eo_seo_Greek,official_lang,work.official_lang,married,single.detached.house,non.movers
354113,933,a20_24,f,ao_esao_Chinese,official_lang,work.official_lang,no.married,single.detached.house,non.movers
123216,933,a80_84,m,onao_Canadian,official_lang,work.no.official_lang,married,single.detached.house,non.movers
888761,933,a40_44,m,ao_sao_ei,official_lang,work.official_lang,married,apartment,non.movers
215480,933,a80_84,f,ao_esao_Chinese,no.official_lang,work.no.official_lang,widowed,single.detached.house,non.movers
430760,933,a60_64,f,ao_sao_ei,official_lang,work.official_lang,married,apartment,non.movers
8713,933,a45_49,m,ao_esao_Chinese,official_lang,work.official_lang,married,single.detached.house,non.movers
175716,933,a55_59,f,onao_Canadian,official_lang,work.official_lang,married,single.detached.house,non.movers
486638,933,a40_44,m,ao_sao_ei,official_lang,work.official_lang,married,apartment,non.movers
768369,933,a10_14,m,eo_bio_English,official_lang,work.no.official_lang,no.married,single.detached.house,non.movers
330305,933,a15_19,m,ao_esao_Chinese,official_lang,work.no.official_lang,no.married,other.attached,non.movers
857408,933,a40_44,m,eo_bio_English,official_lang,work.official_lang,separated,apartment,other.movers
314860,933,a25_29,m,eo_weo_Dutch,official_lang,work.official_lang,no.married,apartment,external.movers
467934,933,a20_24,m,ao_sao_ei,official_lang,work.official_lang,no.married,other.attached,non.movers
196794,933,a85_,f,ao_esao_Chinese,no.official_lang,work.no.official_lang,widowed,single.detached.house,non.movers
128909,933,a30_34,m,eo_bio_English,official_lang,work.official_lang,no.married,apartment,non.movers
856192,933,a65_69,f,ao_esao_Chinese,official_lang,work.no.official_lang,married,apartment,non.movers
130715,933,a15_19,m,ao,official_lang,work.no.official_lang,no.married,other.attached,non.movers
378874,933,a20_24,f,ao_esao_Chinese,official_lang,work.no.official_lang,no.married,apartment,nonmigrants.movers
623997,933,a10_14,m,ao_oesao,official_lang,work.no.official_lang,no.married,single.detached.house,non.movers
403550,933,a50_54,f,eo_weo_German,official_lang,work.official_lang,married,single.detached.house,non.movers
170169,933,a45_49,f,eo_eeo_Russian,official_lang,work.official_lang,married,single.detached.house,non.movers
344736,933,a80_84,f,ao_esao_Chinese,no.official_lang,work.no.official_lang,widowed,single.detached.house,non.movers
285552,933,a75_79,m,eo_weo_German,official_lang,work.no.official_lang,married,single.detached.house,non.movers
875848,933,a40_44,f,ao_esao_Chinese,no.official_lang,work.no.official_lang,married,single.detached.house,non.movers
93596,933,a15_19,f,onao_Canadian,official_lang,work.official_lang,no.married,single.detached.house,non.movers
688616,933,a50_54,m,eo_obio,official_lang,work.official_lang,living.common.law,apartment,non.movers
876189,933,a10_14,m,ao_esao_Chinese,official_lang,work.no.official_lang,no.married,single.detached.house,non.movers
899073,933,a45_49,m,naao,official_lang,work.no.official_lang,married,apartment,non.movers
740600,933,a25_29,f,eo_weo_German,official_lang,work.official_lang,living.common.law,apartment,non.movers
395638,933,a35_39,m,ao_sao_ei,official_lang,work.no.official_lang,married,apartment,non.movers
463198,933,a60_64,f,ao_sao_ei,official_lang,work.no.official_lang,widowed,apartment,nonmigrants.movers
920600,933,a60_64,f,eo_bio_English,official_lang,work.official_lang,married,apartment,non.movers
200658,933,a75_79,m,ao_oesao,official_lang,work.no.official_lang,married,apartment,non.movers
566582,933,a65_69,m,ao_esao_Chinese,no.official_lang,work.no.official_lang,married,other.attached,non.movers
751637,933,a30_34,m,ao_oesao,official_lang,work.official_lang,married,apartment,non.movers
204813,933,a50_54,f,eo_weo_German,official_lang,work.official_lang,married,single.detached.house,non.movers
621840,933,a55_59,m,eo_bio_Irish,official_lang,work.official_lang,no.married,apartment,non.movers
672718,933,a85_,f,eo_bio_English,official_lang,work.no.official_lang,married,single.detached.house,non.movers
733220,933,a45_49,f,ao_oesao,official_lang,work.official_lang,married,other.attached,non.movers
842896,933,a85_,f,eo_fo,official_lang,work.no.official_lang,widowed,single.detached.house,non.movers
304679,933,a35_39,f,ao_esao_Chinese,official_lang,work.no.official_lang,married,apartment,non.movers
492983,933,a0_4,m,ao_esao_Chinese,official_lang,work.no.official_lang,no.married,other.attached,non.movers
283707,933,a40_44,m,ao_esao_Chinese,official_lang,work.official_lang,married,single.detached.house,non.movers
907146,933,a55_59,f,ao_oesao,official_lang,work.no.official_lang,married,apartment,non.movers
241207,933,a20_24,f,onao_Canadian,official_lang,work.official_lang,no.married,apartment,non.movers
293560,933,a20_24,f,ao_oesao,official_lang,work.official_lang,no.married,other.attached,non.movers
58788,933,a85_,f,eo_weo_German,official_lang,work.no.official_lang,widowed,apartment,non.movers
302561,933,a45_49,m,ao_esao_Chinese,official_lang,work.no.official_lang,married,single.detached.house,non.movers
859906,933,a50_54,f,ao_esao_Chinese,official_lang,work.no.official_lang,married,other.attached,non.movers
337393,933,a5_9,f,ao_sao_ei,official_lang,work.no.official_lang,no.married,single.detached.house,nonmigrants.movers
500709,933,a65_69,m,ao_sao_ei,official_lang,work.official_lang,married,apartment,non.movers
17007,933,a45_49,m,naao,official_lang,work.official_lang,no.married,apartment,non.movers
747190,933,a35_39,f,ao_esao_Filipino,official_lang,work.official_lang,married,single.detached.house,non.movers
822895,933,a50_54,m,ao_oesao,official_lang,work.no.official_lang,living.common.law,single.detached.house,non.movers
104382,933,a40_44,f,eo_bio_English,official_lang,work.official_lang,separated,other.attached,non.movers
239240,933,a65_69,m,ao_esao_Chinese,official_lang,work.no.official_lang,married,apartment,non.movers
515910,933,a20_24,m,ao_esao_Filipino,official_lang,work.official_lang,no.married,apartment,non.movers
880594,933,a35_39,m,ao_esao_Chinese,official_lang,work.no.official_lang,married,single.detached.house,other.movers
912602,933,a50_54,f,eo_seo_Portuguese,official_lang,work.official_lang,married,apartment,non.movers
297749,933,a20_24,f,ao_oesao,official_lang,work.no.official_lang,no.married,apartment,external.movers
715565,933,a75_79,f,ao_osao,no.official_lang,work.no.official_lang,married,single.detached.house,nonmigrants.movers
386800,933,a35_39,f,ao_sao_ei,official_lang,work.official_lang,married,single.detached.house,non.movers
332478,933,a50_54,f,ao_esao_Chinese,official_lang,work.no.official_lang,married,apartment,non.movers
200917,933,a45_49,m,lcsao,official_lang,work.official_lang,living.common.law,apartment,non.movers
443031,933,a60_64,f,ao_esao_Chinese,no.official_lang,work.no.official_lang,widowed,apartment,non.movers
167953,933,a30_34,m,ao_sao_ei,official_lang,work.official_lang,no.married,apartment,nonmigrants.movers
570629,933,a65_69,f,eo_seo_Italian,no.official_lang,work.no.official_lang,married,single.detached.house,non.movers
63176,933,a5_9,f,eo_seo_Portuguese,official_lang,work.no.official_lang,no.married,single.detached.house,non.movers
135749,933,a10_14,f,ao_esao_Chinese,official_lang,work.no.official_lang,no.married,other.attached,non.movers
627473,933,a40_44,f,ao_oesao,official_lang,work.official_lang,divorced,apartment,non.movers
478272,933,a45_49,f,ao_oesao,official_lang,work.official_lang,living.common.law,apartment,non.movers
659163,933,a35_39,m,ao_sao_ei,official_lang,work.no.official_lang,married,apartment,non.movers
546303,933,a40_44,f,ao_wcameo,official_lang,work.official_lang,divorced,apartment,non.movers
561986,933,a65_69,f,ao_esao_Chinese,official_lang,work.official_lang,married,single.detached.house,non.movers
580595,933,a0_4,m,ao_esao_Chinese,official_lang,work.no.official_lang,no.married,other.attached,non.movers
214095,933,a70_74,m,oo,official_lang,work.no.official_lang,married,single.detached.house,non.movers
248648,933,a35_39,m,ao_sao_ei,official_lang,work.official_lang,married,other.attached,non.movers
797782,933,a55_59,f,ao_wcameo,official_lang,work.official_lang,married,apartment,non.movers
755062,933,a30_34,m,ao_sao_ei,official_lang,work.official_lang,separated,apartment,non.movers
853411,933,a50_54,f,ao_sao_ei,official_lang,work.no.official_lang,married,apartment,non.movers
34087,933,a50_54,m,ao_esao_Chinese,official_lang,work.official_lang,married,apartment,non.movers
21996,933,a45_49,f,ao_esao_Filipino,official_lang,work.official_lang,married,apartment,non.movers
119632,933,a55_59,m,ao_sao_ei,official_lang,work.official_lang,married,apartment,non.movers
458890,933,a75_79,m,ao_sao_ei,no.official_lang,work.no.official_lang,married,single.detached.house,non.movers
238062,933,a50_54,f,ao_oesao,official_lang,work.no.official_lang,married,apartment,non.movers
91210,933,a45_49,m,onao_Canadian,official_lang,work.official_lang,married,single.detached.house,non.movers
345015,933,a55_59,m,ao_wcameo,official_lang,work.official_lang,divorced,apartment,non.movers
143805,933,a50_54,f,ao_esao_Chinese,no.official_lang,work.official_lang,no.married,apartment,non.movers
818836,933,a5_9,m,ao_sao_ei,official_lang,work.no.official_lang,no.married,apartment,nonmigrants.movers
752270,933,a55_59,m,ao_sao_ei,official_lang,work.official_lang,married,apartment,non.movers
14176,933,a70_74,f,eo_bio_Scottish,official_lang,work.no.official_lang,married,apartment,non.movers
657120,933,a20_24,f,ao_oesao,official_lang,work.official_lang,living.common.law,apartment,nonmigrants.movers
856602,933,a30_34,m,ao_sao_ei,official_lang,work.official_lang,married,apartment,non.movers
613266,933,a50_54,f,ao,official_lang,work.official_lang,married,apartment,non.movers
558434,933,a50_54,f,eo_weo_German,official_lang,work.official_lang,married,single.detached.house,non.movers
146778,933,a55_59,m,ao_esao_Chinese,official_lang,work.no.official_lang,married,apartment,non.movers
531103,933,a85_,m,eo_eeo_Russian,official_lang,work.no.official_lang,widowed,other.attached,other.movers
775826,933,a60_64,f,ao_sao_ei,official_lang,work.no.official_lang,married,apartment,non.movers
605880,933,a15_19,m,ao_wcameo,official_lang,work.no.official_lang,no.married,apartment,non.movers
771557,933,a80_84,f,eo_bio_English,official_lang,work.no.official_lang,divorced,apartment,non.movers
329915,933,a30_34,f,ao_esao_Chinese,official_lang,work.official_lang,married,apartment,non.movers
541854,933,a25_29,m,ao_wcameo,official_lang,work.official_lang,married,apartment,nonmigrants.movers
159168,933,a70_74,f,ao_esao_Chinese,official_lang,work.no.official_lang,married,apartment,non.movers
911389,933,a65_69,f,ao_esao_Chinese,official_lang,work.no.official_lang,separated,apartment,non.movers
458575,933,a75_79,m,eo_oweo,official_lang,work.no.official_lang,widowed,apartment,non.movers
149797,933,a50_54,f,ao_sao_ei,official_lang,work.no.official_lang,married,apartment,nonmigrants.movers
767545,933,a60_64,m,ao_esao_Chinese,official_lang,work.official_lang,married,single.detached.house,non.movers
255686,933,a55_59,f,ao_esao_Chinese,official_lang,work.no.official_lang,married,single.detached.house,non.movers
930336,933,a30_34,f,ao_sao_ei,official_lang,work.official_lang,married,apartment,external.movers
283668,933,a25_29,m,ao_esao_Filipino,official_lang,work.official_lang,no.married,other.attached,non.movers
502987,933,a65_69,m,ao_esao_Chinese,official_lang,work.no.official_lang,married,single.detached.house,non.movers
701705,933,a55_59,f,eo_oseo,official_lang,work.no.official_lang,married,single.detached.house,non.movers
333131,933,a15_19,m,ao_wcameo,official_lang,work.no.official_lang,no.married,apartment,external.movers
319476,933,a35_39,f,eo_oeeo,official_lang,work.official_lang,married,apartment,non.movers
835870,933,a20_24,m,onao_Canadian,official_lang,work.official_lang,no.married,other.attached,non.movers
264011,933,a65_69,m,eo_obio,official_lang,work.no.official_lang,no.married,apartment,non.movers
291047,933,a35_39,m,ao_esao_Chinese,official_lang,work.official_lang,married,other.attached,non.movers
119694,933,a15_19,f,ao_oesao,no.official_lang,work.no.official_lang,no.married,apartment,non.movers
403771,933,a5_9,f,ao_esao_Chinese,official_lang,work.no.official_lang,no.married,apartment,non.movers
692306,933,a20_24,m,onao_Canadian,official_lang,work.official_lang,no.married,single.detached.house,other.movers
635185,933,a40_44,m,eo_weo_Dutch,official_lang,work.official_lang,married,single.detached.house,non.movers
55530,933,a15_19,m,ao_esao_Chinese,official_lang,work.no.official_lang,no.married,single.detached.house,non.movers
732766,933,a45_49,m,ao_esao_Chinese,official_lang,work.official_lang,no.married,apartment,non.movers
637744,933,a25_29,m,ao_oesao,official_lang,work.official_lang,no.married,apartment,non.movers
475468,933,a5_9,m,ao_esao_Chinese,official_lang,work.no.official_lang,no.married,single.detached.house,non.movers
504910,933,a30_34,f,ao_esao_Chinese,no.official_lang,work.no.official_lang,no.married,single.detached.house,interprovincial.movers
407119,933,a40_44,f,ao_oesao,official_lang,work.official_lang,married,other.attached,non.movers
461579,933,a40_44,m,ao_osao,official_lang,work.official_lang,married,single.detached.house,non.movers
536317,933,a20_24,f,onao_Canadian,official_lang,work.no.official_lang,no.married,apartment,non.movers
813777,933,a50_54,f,ao,official_lang,work.official_lang,no.married,apartment,non.movers
604349,933,a65_69,m,eo_weo_German,official_lang,work.no.official_lang,widowed,other.attached,non.movers
900765,933,a10_14,m,ao_esao_Chinese,official_lang,work.no.official_lang,no.married,apartment,non.movers
832284,933,a25_29,m,ao_esao_Filipino,official_lang,work.official_lang,no.married,single.detached.house,nonmigrants.movers
560840,933,a75_79,m,ao_esao_Chinese,official_lang,work.no.official_lang,married,single.detached.house,non.movers
663946,933,a25_29,f,lcsao,official_lang,work.official_lang,no.married,apartment,non.movers
158379,933,a35_39,m,ao_oesao,official_lang,work.official_lang,married,apartment,non.movers
379184,933,a15_19,f,ao_sao_ei,official_lang,work.no.official_lang,no.married,apartment,non.movers
262502,933,a25_29,m,ao_oesao,official_lang,work.official_lang,no.married,apartment,nonmigrants.movers
97793,933,a40_44,f,ao_osao,official_lang,work.official_lang,married,single.detached.house,non.movers
96339,933,a10_14,f,naao,official_lang,work.no.official_lang,no.married,apartment,non.movers
896871,933,a60_64,f,eo_weo_German,official_lang,work.no.official_lang,married,other.attached,non.movers
912056,933,a15_19,f,eo_obio,official_lang,work.no.official_lang,no.married,single.detached.house,non.movers
248203,933,a55_59,m,ao_esao_Chinese,no.official_lang,work.no.official_lang,married,single.detached.house,non.movers
558234,933,a20_24,f,ao_esao_Chinese,official_lang,work.no.official_lang,living.common.law,apartment,other.movers
44571,933,a20_24,m,ao_sao_ei,official_lang,work.official_lang,no.married,apartment,non.movers
434480,933,a55_59,f,ao_esao_Chinese,official_lang,work.official_lang,no.married,single.detached.house,non.movers
73770,933,a80_84,f,ao_esao_Chinese,no.official_lang,work.no.official_lang,widowed,single.detached.house,non.movers
619912,933,a0_4,f,ao_wcameo,official_lang,work.no.official_lang,no.married,single.detached.house,other.movers
832346,933,a50_54,f,ao_esao_Chinese,official_lang,work.official_lang,no.married,apartment,non.movers
266821,933,a25_29,m,onao_Canadian,official_lang,work.official_lang,no.married,single.detached.house,non.movers
226569,933,a40_44,m,eo_seo_Italian,official_lang,work.official_lang,no.married,apartment,non.movers
413741,933,a15_19,f,ao_esao_Chinese,official_lang,work.official_lang,no.married,apartment,non.movers
273715,933,a35_39,m,onao_Canadian,official_lang,work.official_lang,married,apartment,non.movers
144262,933,a0_4,m,ao_osao,official_lang,work.no.official_lang,no.married,apartment,non.movers
43268,933,a5_9,m,eo_oeeo,official_lang,work.no.official_lang,no.married,apartment,non.movers
667718,933,a15_19,m,ao_esao_Filipino,official_lang,work.no.official_lang,no.married,single.detached.house,non.movers
772566,933,a85_,m,ao_sao_ei,official_lang,work.no.official_lang,widowed,single.detached.house,non.movers
48815,933,a25_29,f,ao_oesao,official_lang,work.official_lang,no.married,apartment,other.movers
575799,933,a10_14,f,ao_sao_ei,official_lang,work.no.official_lang,no.married,apartment,non.movers
848099,933,a85_,f,ao_sao_ei,no.official_lang,work.no.official_lang,widowed,apartment,non.movers
147429,933,a0_4,m,ao_oesao,no.official_lang,work.no.official_lang,no.married,apartment,other.movers
49767,933,a55_59,f,ao_esao_Chinese,no.official_lang,work.no.official_lang,married,apartment,non.movers
850367,933,a30_34,m,onao_Canadian,official_lang,work.official_lang,living.common.law,apartment,non.movers
530687,933,a5_9,m,ao_oesao,official_lang,work.no.official_lang,no.married,single.detached.house,non.movers
817889,933,a15_19,m,ao_esao_Chinese,official_lang,work.official_lang,no.married,single.detached.house,non.movers
476,933,a35_39,m,eo_weo_German,official_lang,work.official_lang,separated,single.detached.house,non.movers
20496,933,a35_39,m,eo_eeo_Russian,official_lang,work.official_lang,married,single.detached.house,non.movers
96678,933,a55_59,f,ao_esao_Chinese,official_lang,work.official_lang,married,single.detached.house,non.movers
154172,933,a60_64,m,ao_esao_Chinese,official_lang,work.official_lang,married,apartment,non.movers
567254,933,a50_54,m,onao_Canadian,official_lang,work.official_lang,married,apartment,non.movers
293991,933,a70_74,f,eo_weo_German,official_lang,work.no.official_lang,married,apartment,non.movers
914058,933,a35_39,f,eo_bio_English,official_lang,work.official_lang,married,apartment,non.movers
887240,933,a5_9,f,ao_oesao,official_lang,work.no.official_lang,no.married,apartment,non.movers
716716,933,a70_74,m,ao_wcameo,official_lang,work.official_lang,married,apartment,non.movers
390441,933,a15_19,m,ao_esao_Chinese,official_lang,work.no.official_lang,no.married,other.attached,external.movers
54695,933,a25_29,f,eo_bio_Irish,official_lang,work.official_lang,no.married,apartment,external.movers
296121,933,a70_74,f,ao_esao_Chinese,no.official_lang,work.no.official_lang,married,single.detached.house,non.movers
638002,933,a65_69,m,ao_osao,no.official_lang,work.no.official_lang,married,single.detached.house,non.movers
574775,933,a45_49,m,ao_wcameo,official_lang,work.official_lang,married,other.attached,external.movers
438924,933,a50_54,m,eo_weo_German,official_lang,work.official_lang,married,other.attached,non.movers
459938,933,a5_9,f,ao_osao,official_lang,work.no.official_lang,no.married,apartment,non.movers
832538,933,a20_24,m,ao_sao_ei,official_lang,work.official_lang,no.married,single.detached.house,non.movers
242018,933,a60_64,m,onao_Canadian,official_lang,work.official_lang,married,single.detached.house,non.movers
145833,933,a15_19,m,ao_sao_ei,official_lang,work.official_lang,no.married,single.detached.house,non.movers
361157,933,a70_74,m,eo_eeo_Russian,official_lang,work.official_lang,married,other.attached,non.movers
444242,933,a10_14,m,ao_esao_Chinese,official_lang,work.no.official_lang,no.married,apartment,non.movers
106727,933,a60_64,m,ao_wcameo,official_lang,work.no.official_lang,divorced,apartment,external.movers
226256,933,a50_54,m,ao_wcameo,official_lang,work.official_lang,married,single.detached.house,non.movers
267979,933,a5_9,f,onao_Canadian,official_lang,work.no.official_lang,no.married,single.detached.house,non.movers
713598,933,a35_39,m,eo_eeo_Polish,official_lang,work.official_lang,living.common.law,other.attached,nonmigrants.movers
117993,933,a5_9,m,onao_Canadian,official_lang,work.no.official_lang,no.married,single.detached.house,non.movers
617741,933,a55_59,f,ao_osao,official_lang,work.official_lang,married,apartment,non.movers
280738,933,a65_69,m,ao_oesao,official_lang,work.no.official_lang,married,apartment,non.movers
652506,933,a40_44,m,ao_esao_Chinese,official_lang,work.official_lang,married,other.attached,non.movers
501222,933,a65_69,f,ao_sao_ei,official_lang,work.official_lang,married,single.detached.house,non.movers
283588,933,a45_49,m,eo_seo_Spanish,official_lang,work.no.official_lang,no.married,apartment,non.movers
549280,933,a35_39,m,ao_osao,official_lang,work.official_lang,married,apartment,non.movers
44362,933,a20_24,f,ao_oesao,official_lang,work.no.official_lang,no.married,apartment,nonmigrants.movers
803395,933,a0_4,m,ao_sao_ei,official_lang,work.no.official_lang,no.married,apartment,nonmigrants.movers
92036,933,a5_9,f,ao_esao_Chinese,official_lang,work.no.official_lang,no.married,apartment,non.movers
678233,933,a50_54,f,ao_sao_ei,official_lang,work.no.official_lang,married,apartment,non.movers
484425,933,a45_49,f,ao_esao_Chinese,official_lang,work.official_lang,married,apartment,non.movers
570251,933,a0_4,m,onao_Canadian,official_lang,work.no.official_lang,no.married,apartment,non.movers
803518,933,a25_29,m,ao_esao_Chinese,official_lang,work.official_lang,no.married,apartment,nonmigrants.movers
540732,933,a55_59,m,ao_esao_Chinese,official_lang,work.official_lang,married,single.detached.house,non.movers
693270,933,a10_14,m,ao_sao_ei,official_lang,work.no.official_lang,no.married,other.attached,non.movers
908107,933,a40_44,m,ao_esao_Filipino,official_lang,work.official_lang,living.common.law,apartment,non.movers
465533,933,a0_4,f,ao_sao_ei,no.official_lang,work.no.official_lang,no.married,apartment,non.movers
143652,933,a15_19,m,ao_sao_ei,official_lang,work.official_lang,no.married,apartment,non.movers
15550,933,a30_34,f,ao_oesao,official_lang,work.official_lang,no.married,apartment,non.movers
365849,933,a65_69,f,ao_esao_Chinese,official_lang,work.no.official_lang,married,apartment,non.movers
283647,933,a70_74,m,eo_eeo_Polish,official_lang,work.no.official_lang,divorced,apartment,non.movers
716695,933,a55_59,f,eo_obio,official_lang,work.official_lang,married,single.detached.house,non.movers
82851,933,a20_24,f,ao_sao_ei,official_lang,work.official_lang,no.married,single.detached.house,nonmigrants.movers
457229,933,a45_49,f,onao_Canadian,official_lang,work.official_lang,married,other.attached,interprovincial.movers
291016,933,a30_34,m,ao_sao_ei,official_lang,work.official_lang,married,single.detached.house,non.movers
365264,933,a10_14,m,onao_Canadian,official_lang,work.no.official_lang,no.married,other.attached,non.movers
729020,933,a80_84,f,ao_esao_Chinese,no.official_lang,work.no.official_lang,widowed,single.detached.house,non.movers
269176,933,a50_54,m,ao_sao_ei,official_lang,work.official_lang,married,apartment,non.movers
717659,933,a40_44,f,ao_esao_Chinese,no.official_lang,work.no.official_lang,divorced,other.attached,nonmigrants.movers
727906,933,a15_19,f,ao_esao_Chinese,official_lang,work.no.official_lang,no.married,apartment,nonmigrants.movers
873705,933,a10_14,m,ao_esao_Chinese,no.official_lang,work.no.official_lang,no.married,single.detached.house,other.movers
127466,933,a0_4,m,ao_esao_Chinese,no.official_lang,work.no.official_lang,no.married,single.detached.house,external.movers
858846,933,a20_24,m,ao_esao_Chinese,official_lang,work.no.official_lang,no.married,other.attached,non.movers
561509,933,a0_4,f,ao_esao_Chinese,no.official_lang,work.no.official_lang,no.married,apartment,non.movers
249379,933,a40_44,m,eo_bio_Scottish,official_lang,work.official_lang,separated,single.detached.house,nonmigrants.movers
588614,933,a65_69,f,eo_bio_English,official_lang,work.no.official_lang,married,single.detached.house,non.movers
804734,933,a10_14,m,ao_sao_ei,official_lang,work.no.official_lang,no.married,single.detached.house,non.movers
235821,933,a50_54,m,ao_esao_Chinese,official_lang,work.official_lang,married,other.attached,other.movers
315610,933,a10_14,m,ao_esao_Chinese,official_lang,work.no.official_lang,no.married,apartment,non.movers
876072,933,a10_14,f,onao_Canadian,official_lang,work.no.official_lang,no.married,single.detached.house,non.movers
804969,933,a25_29,f,ao_esao_Chinese,official_lang,work.official_lang,no.married,apartment,other.movers
901517,933,a70_74,m,ao_oesao,no.official_lang,work.no.official_lang,married,single.detached.house,non.movers
917944,933,a45_49,f,ao_esao_Chinese,official_lang,work.official_lang,married,apartment,non.movers
172512,933,a40_44,m,ao_oesao,official_lang,work.no.official_lang,married,other.attached,non.movers
59197,933,a20_24,m,ao_esao_Chinese,official_lang,work.no.official_lang,no.married,apartment,non.movers
346035,933,a85_,m,ao_esao_Chinese,no.official_lang,work.no.official_lang,married,apartment,non.movers
757756,933,a65_69,f,eo_oeo,official_lang,work.official_lang,divorced,apartment,non.movers
139636,933,a85_,f,eo_bio_English,official_lang,work.no.official_lang,divorced,apartment,non.movers
197956,933,a45_49,m,ao_wcameo,official_lang,work.official_lang,married,single.detached.house,non.movers
325653,933,a15_19,f,lcsao,official_lang,work.no.official_lang,no.married,apartment,non.movers
5458,933,a55_59,m,ao_oesao,official_lang,work.official_lang,married,apartment,non.movers
836122,933,a50_54,f,eo_oeeo,official_lang,work.official_lang,married,apartment,non.movers
894628,933,a60_64,m,ao_wcameo,official_lang,work.official_lang,married,apartment,non.movers
195952,933,a40_44,m,ao_esao_Chinese,official_lang,work.official_lang,married,single.detached.house,non.movers
928777,933,a85_,f,ao_esao_Chinese,no.official_lang,work.no.official_lang,separated,apartment,non.movers
742789,933,a65_69,m,eo_oeeo,no.official_lang,work.no.official_lang,married,apartment,external.movers
300328,933,a35_39,f,lcsao,official_lang,work.official_lang,married,apartment,non.movers
93399,933,a10_14,f,ao_wcameo,official_lang,work.no.official_lang,no.married,other.attached,external.movers
900591,933,a50_54,m,onao_Canadian,official_lang,work.official_lang,married,single.detached.house,non.movers
661818,933,a65_69,f,ao_wcameo,official_lang,work.no.official_lang,married,single.detached.house,nonmigrants.movers
475089,933,a40_44,f,ao_sao_ei,official_lang,work.no.official_lang,no.married,apartment,non.movers
147925,933,a50_54,f,eo_seo_Italian,official_lang,work.official_lang,married,single.detached.house,non.movers
496890,933,a25_29,m,onao_Canadian,official_lang,work.official_lang,living.common.law,apartment,non.movers
302249,933,a55_59,f,eo_bio_English,official_lang,work.official_lang,married,single.detached.house,non.movers
219410,933,a75_79,m,eo_eeo_Ukrainian,official_lang,work.no.official_lang,no.married,apartment,non.movers
37759,933,a50_54,m,ao_esao_Chinese,official_lang,work.official_lang,living.common.law,other.attached,non.movers
544962,933,a60_64,m,eo_bio_English,official_lang,work.official_lang,divorced,other.attached,nonmigrants.movers
731215,933,a0_4,f,ao_oesao,official_lang,work.no.official_lang,no.married,single.detached.house,other.movers
865408,933,a0_4,m,onao_Canadian,official_lang,work.no.official_lang,no.married,other.attached,non.movers
134025,933,a35_39,m,ao_esao_Chinese,official_lang,work.official_lang,married,apartment,nonmigrants.movers
144206,933,a45_49,m,eo_obio,official_lang,work.official_lang,living.common.law,apartment,nonmigrants.movers
884473,933,a45_49,m,ao,official_lang,work.official_lang,married,apartment,non.movers
182763,933,a50_54,m,ao_esao_Chinese,official_lang,work.no.official_lang,married,single.detached.house,non.movers
68239,933,a5_9,f,ao_esao_Chinese,official_lang,work.no.official_lang,no.married,other.attached,non.movers
843843,933,a40_44,m,ao_wcameo,official_lang,work.official_lang,married,other.attached,nonmigrants.movers
891763,933,a50_54,f,ao_esao_Chinese,official_lang,work.official_lang,divorced,apartment,non.movers
656652,933,a60_64,f,ao_esao_Chinese,official_lang,work.no.official_lang,married,single.detached.house,non.movers
695279,933,a25_29,m,ao_oesao,official_lang,work.official_lang,married,apartment,non.movers
518336,933,a30_34,f,eo_bio_Irish,official_lang,work.official_lang,no.married,apartment,interprovincial.movers
115799,933,a20_24,f,eo_eeo_Russian,official_lang,work.official_lang,no.married,apartment,nonmigrants.movers
186359,933,a55_59,f,ao_esao_Chinese,official_lang,work.official_lang,married,single.detached.house,non.movers
29353,933,a65_69,f,onao_Canadian,official_lang,work.no.official_lang,separated,apartment,nonmigrants.movers
511166,933,a20_24,m,ao_esao_Chinese,official_lang,work.official_lang,no.married,apartment,non.movers
641525,933,a5_9,f,ao_esao_Chinese,official_lang,work.no.official_lang,no.married,single.detached.house,non.movers
55858,933,a30_34,m,ao_wcameo,official_lang,work.official_lang,no.married,apartment,non.movers
16174,933,a45_49,m,eo_seo_Italian,official_lang,work.official_lang,married,single.detached.house,non.movers
436212,933,a30_34,f,ao_oesao,official_lang,work.official_lang,no.married,apartment,non.movers
476029,933,a45_49,f,ao_esao_Chinese,official_lang,work.no.official_lang,married,single.detached.house,non.movers
777105,933,a85_,m,eo_bio_Scottish,official_lang,work.no.official_lang,married,other.attached,non.movers
728289,933,a5_9,f,ao_esao_Filipino,official_lang,work.no.official_lang,no.married,apartment,non.movers
793259,933,a70_74,m,eo_bio_English,official_lang,work.no.official_lang,married,single.detached.house,non.movers
710340,933,a20_24,f,onao_Canadian,official_lang,work.official_lang,no.married,apartment,interprovincial.movers
233198,933,a15_19,m,ao_esao_Chinese,no.official_lang,work.no.official_lang,no.married,other.attached,non.movers
512695,933,a60_64,m,ao_osao,official_lang,work.official_lang,married,apartment,non.movers
577932,933,a45_49,f,ao_sao_ei,official_lang,work.official_lang,married,apartment,non.movers
839545,933,a15_19,f,ao_esao_Chinese,official_lang,work.no.official_lang,no.married,apartment,non.movers
525672,933,a20_24,f,ao_esao_Filipino,official_lang,work.official_lang,married,single.detached.house,non.movers
477051,933,a50_54,m,onao_Canadian,official_lang,work.official_lang,no.married,single.detached.house,non.movers
167854,933,a55_59,f,eo_bio_English,official_lang,work.official_lang,married,other.attached,non.movers
310188,933,a65_69,m,ao_sao_ei,official_lang,work.no.official_lang,married,apartment,non.movers
176490,933,a30_34,f,ao_esao_Chinese,official_lang,work.official_lang,married,apartment,nonmigrants.movers
515624,933,a15_19,m,onao_Canadian,official_lang,work.official_lang,no.married,apartment,non.movers
793798,933,a35_39,f,ao_esao_Chinese,official_lang,work.no.official_lang,married,apartment,nonmigrants.movers
368127,933,a50_54,f,onao_Canadian,official_lang,work.official_lang,living.common.law,other.attached,non.movers
870351,933,a60_64,f,eo_seo_Italian,official_lang,work.official_lang,divorced,apartment,nonmigrants.movers
635586,933,a0_4,f,ao_esao_Filipino,official_lang,work.no.official_lang,no.married,apartment,nonmigrants.movers
875520,933,a45_49,m,ao_esao_Chinese,official_lang,work.official_lang,married,apartment,non.movers
892422,933,a20_24,f,ao_esao_Chinese,official_lang,work.no.official_lang,no.married,single.detached.house,nonmigrants.movers
547103,933,a60_64,f,eo_eeo_Ukrainian,official_lang,work.no.official_lang,no.married,single.detached.house,non.movers
81666,933,a55_59,f,eo_bio_Irish,official_lang,work.official_lang,divorced,apartment,non.movers
751634,933,a50_54,f,ao_esao_Filipino,official_lang,work.official_lang,married,single.detached.house,non.movers
563707,933,a45_49,m,ao_sao_ei,official_lang,work.official_lang,married,apartment,non.movers
7821,933,a40_44,f,ao_esao_Chinese,official_lang,work.no.official_lang,divorced,single.detached.house,non.movers
294711,933,a45_49,f,ao_esao_Filipino,official_lang,work.official_lang,separated,apartment,non.movers
118175,933,a45_49,f,ao_esao_Chinese,no.official_lang,work.no.official_lang,married,other.attached,non.movers
159354,933,a5_9,m,ao_oesao,no.official_lang,work.no.official_lang,no.married,single.detached.house,external.movers
859243,933,a60_64,f,ao_wcameo,official_lang,work.official_lang,divorced,apartment,non.movers
398815,933,a55_59,f,eo_eeo_Russian,official_lang,work.no.official_lang,married,other.attached,non.movers
220851,933,a65_69,m,onao_Canadian,official_lang,work.official_lang,married,single.detached.house,non.movers
445531,933,a50_54,f,ao_esao_Chinese,official_lang,work.official_lang,living.common.law,apartment,non.movers
579239,933,a55_59,m,eo_oeo,official_lang,work.no.official_lang,divorced,apartment,non.movers
36744,933,a50_54,m,ao_esao_Chinese,no.official_lang,work.no.official_lang,married,single.detached.house,non.movers
625977,933,a35_39,f,onao_Canadian,official_lang,work.official_lang,separated,apartment,nonmigrants.movers
678940,933,a25_29,m,ao,official_lang,work.no.official_lang,no.married,apartment,external.movers
628960,933,a5_9,m,ao_osao,official_lang,work.no.official_lang,no.married,apartment,non.movers
409515,933,a50_54,m,ao_esao_Chinese,no.official_lang,work.no.official_lang,divorced,other.attached,non.movers
131747,933,a50_54,f,ao_esao_Chinese,no.official_lang,work.official_lang,married,apartment,non.movers
107783,933,a10_14,f,ao_esao_Filipino,official_lang,work.no.official_lang,no.married,apartment,non.movers
735875,933,a10_14,m,ao_esao_Chinese,official_lang,work.no.official_lang,no.married,apartment,non.movers
203309,933,a50_54,m,ao_oesao,no.official_lang,work.official_lang,married,apartment,non.movers
676262,933,a30_34,m,ao_osao,official_lang,work.official_lang,married,single.detached.house,non.movers
538963,933,a45_49,m,ao_esao_Filipino,official_lang,work.official_lang,married,apartment,non.movers
578463,933,a0_4,f,ao_esao_Chinese,official_lang,work.no.official_lang,no.married,single.detached.house,non.movers
723812,933,a40_44,f,ao_esao_Filipino,official_lang,work.no.official_lang,married,apartment,non.movers
383682,933,a25_29,f,eo_eeo_Hungarian,official_lang,work.official_lang,living.common.law,apartment,non.movers
859027,933,a35_39,f,lcsao,official_lang,work.official_lang,married,apartment,non.movers
221259,933,a15_19,m,ao_esao_Chinese,official_lang,work.official_lang,no.married,single.detached.house,non.movers
511464,933,a0_4,f,onao_Canadian,official_lang,work.no.official_lang,no.married,apartment,other.movers
638477,933,a40_44,f,oo,official_lang,work.official_lang,married,single.detached.house,non.movers
130894,933,a40_44,m,eo_bio_Irish,official_lang,work.official_lang,married,single.detached.house,non.movers
296817,933,a75_79,m,eo_bio_English,official_lang,work.no.official_lang,divorced,apartment,nonmigrants.movers
729409,933,a10_14,f,ao_sao_ei,official_lang,work.no.official_lang,no.married,other.attached,non.movers
153232,933,a25_29,f,ao_esao_Filipino,official_lang,work.official_lang,no.married,other.attached,non.movers
503597,933,a50_54,f,eo_weo_Dutch,official_lang,work.official_lang,widowed,apartment,non.movers
867044,933,a50_54,m,ao_esao_Chinese,official_lang,work.official_lang,married,apartment,non.movers
202640,933,a45_49,f,ao_oesao,official_lang,work.official_lang,married,apartment,non.movers
643404,933,a15_19,m,eo_seo_Italian,official_lang,work.official_lang,no.married,apartment,non.movers
41523,933,a45_49,m,ao_esao_Chinese,official_lang,work.official_lang,married,single.detached.house,non.movers
67917,933,a25_29,f,eo_weo_Dutch,official_lang,work.official_lang,no.married,apartment,non.movers
861124,933,a20_24,f,eo_eeo_Polish,official_lang,work.official_lang,living.common.law,single.detached.house,non.movers
757909,933,a35_39,f,ao_esao_Chinese,official_lang,work.official_lang,married,apartment,non.movers
910140,933,a5_9,m,onao_Canadian,official_lang,work.no.official_lang,no.married,apartment,non.movers
370997,933,a40_44,f,eo_neo,official_lang,work.official_lang,divorced,apartment,non.movers
725848,933,a60_64,m,ao_sao_ei,official_lang,work.official_lang,married,apartment,non.movers
760365,933,a60_64,m,ao_sao_ei,official_lang,work.no.official_lang,married,apartment,non.movers
781925,933,a30_34,f,onao_Canadian,official_lang,work.official_lang,married,single.detached.house,non.movers
638402,933,a45_49,f,onao_Canadian,official_lang,work.no.official_lang,living.common.law,single.detached.house,non.movers
159502,933,a25_29,f,ao_esao_Chinese,official_lang,work.no.official_lang,no.married,other.attached,non.movers
740163,933,a35_39,f,eo_seo_Portuguese,official_lang,work.official_lang,divorced,apartment,non.movers
430579,933,a45_49,m,ao_wcameo,official_lang,work.official_lang,married,single.detached.house,nonmigrants.movers
634233,933,a40_44,f,ao_sao_ei,official_lang,work.official_lang,married,single.detached.house,non.movers
718798,933,a70_74,f,ao_esao_Chinese,no.official_lang,work.no.official_lang,married,other.attached,external.movers
421239,933,a25_29,f,ao_esao_Chinese,official_lang,work.official_lang,no.married,apartment,non.movers
652377,933,a60_64,m,onao_Canadian,official_lang,work.official_lang,divorced,apartment,non.movers
712501,933,a20_24,m,onao_Canadian,official_lang,work.no.official_lang,no.married,single.detached.house,non.movers
85459,933,a80_84,f,eo_weo_German,official_lang,work.no.official_lang,widowed,single.detached.house,non.movers
307959,933,a60_64,f,ao_wcameo,official_lang,work.official_lang,divorced,single.detached.house,non.movers
759360,933,a20_24,m,ao_esao_Chinese,official_lang,work.official_lang,no.married,apartment,non.movers
892977,933,a30_34,m,eo_seo_Spanish,official_lang,work.official_lang,living.common.law,apartment,non.movers
409525,933,a80_84,f,ao_sao_ei,official_lang,work.no.official_lang,widowed,single.detached.house,non.movers
445549,933,a40_44,f,ao_sao_ei,official_lang,work.official_lang,married,apartment,non.movers
776954,933,a85_,m,eo_weo_German,official_lang,work.no.official_lang,married,single.detached.house,non.movers
876072,933,a10_14,f,onao_Canadian,official_lang,work.no.official_lang,no.married,single.detached.house,non.movers
825940,933,a45_49,m,ao_sao_ei,official_lang,work.official_lang,married,single.detached.house,non.movers
777890,933,a75_79,f,ao_oesao,official_lang,work.no.official_lang,divorced,apartment,non.movers
232999,933,a15_19,m,ao_esao_Filipino,official_lang,work.official_lang,no.married,other.attached,non.movers
238765,933,a70_74,f,naao,official_lang,work.no.official_lang,widowed,apartment,non.movers
751655,933,a45_49,f,ao_wcameo,official_lang,work.official_lang,married,single.detached.house,non.movers
405615,933,a70_74,m,ao_sao_ei,official_lang,work.no.official_lang,married,apartment,non.movers
90427,933,a60_64,m,ao_sao_ei,official_lang,work.no.official_lang,married,other.attached,non.movers
239966,933,a30_34,f,ao_esao_Chinese,official_lang,work.official_lang,no.married,single.detached.house,non.movers
403475,933,a50_54,m,ao_esao_Chinese,official_lang,work.official_lang,married,single.detached.house,non.movers
870645,933,a50_54,m,eo_bio_English,official_lang,work.official_lang,widowed,apartment,non.movers
855079,933,a5_9,f,onao_Canadian,official_lang,work.no.official_lang,no.married,single.detached.house,non.movers
641569,933,a5_9,f,ao_esao_Chinese,official_lang,work.no.official_lang,no.married,single.detached.house,non.movers
635139,933,a60_64,f,ao_esao_Filipino,official_lang,work.official_lang,married,single.detached.house,non.movers
874034,933,a65_69,m,ao_wcameo,no.official_lang,work.no.official_lang,married,apartment,non.movers
327928,933,a55_59,f,ao_esao_Chinese,official_lang,work.official_lang,married,single.detached.house,non.movers
823709,933,a35_39,f,ao_wcameo,no.official_lang,work.no.official_lang,married,other.attached,non.movers
7459,933,a80_84,m,eo_bio_English,official_lang,work.no.official_lang,married,single.detached.house,non.movers
110272,933,a40_44,f,ao_sao_ei,official_lang,work.official_lang,married,apartment,non.movers
42170,933,a10_14,m,ao_esao_Chinese,official_lang,work.no.official_lang,no.married,apartment,non.movers
861092,933,a10_14,m,ao_wcameo,no.official_lang,work.no.official_lang,no.married,apartment,external.movers
347978,933,a0_4,m,ao_osao,official_lang,work.no.official_lang,no.married,apartment,nonmigrants.movers
920228,933,a15_19,f,ao_sao_ei,official_lang,work.no.official_lang,no.married,apartment,non.movers
144580,933,a35_39,f,ao_esao_Filipino,official_lang,work.official_lang,married,apartment,non.movers
176586,933,a10_14,m,ao_sao_ei,official_lang,work.no.official_lang,no.married,apartment,non.movers
651922,933,a55_59,f,eo_oseo,official_lang,work.official_lang,married,apartment,non.movers
356343,933,a25_29,m,ao_wcameo,official_lang,work.official_lang,no.married,other.attached,non.movers
277395,933,a45_49,m,ao_sao_ei,official_lang,work.official_lang,married,single.detached.house,non.movers
464223,933,a60_64,f,ao_esao_Chinese,official_lang,work.no.official_lang,married,single.detached.house,non.movers
705131,933,a30_34,m,ao_oesao,official_lang,work.official_lang,married,apartment,non.movers
824729,933,a50_54,f,ao_esao_Filipino,official_lang,work.official_lang,separated,single.detached.house,non.movers
186072,933,a30_34,f,ao_esao_Chinese,official_lang,work.official_lang,no.married,apartment,non.movers
730215,933,a40_44,f,eo_eeo_Russian,official_lang,work.no.official_lang,married,apartment,non.movers
757351,933,a55_59,f,ao_esao_Filipino,official_lang,work.no.official_lang,living.common.law,other.attached,non.movers
566964,933,a25_29,m,ao_esao_Chinese,official_lang,work.no.official_lang,no.married,single.detached.house,external.movers
30722,933,a20_24,f,ao_esao_Chinese,official_lang,work.official_lang,no.married,other.attached,non.movers
828924,933,a40_44,m,eo_eeo_Russian,official_lang,work.official_lang,married,single.detached.house,non.movers
266279,933,a25_29,f,ao_osao,official_lang,work.official_lang,married,apartment,non.movers
731441,933,a40_44,m,eo_bio_Irish,official_lang,work.official_lang,married,other.attached,non.movers
386991,933,a30_34,f,eo_weo_Dutch,official_lang,work.official_lang,no.married,other.attached,non.movers
571380,933,a45_49,f,ao_esao_Filipino,official_lang,work.official_lang,married,single.detached.house,non.movers
323441,933,a10_14,m,ao_sao_ei,official_lang,work.no.official_lang,no.married,apartment,non.movers
827392,933,a0_4,m,ao_oesao,no.official_lang,work.no.official_lang,no.married,single.detached.house,other.movers
531526,933,a35_39,m,ao_oesao,official_lang,work.no.official_lang,married,apartment,non.movers
737006,933,a35_39,f,ao_wcameo,official_lang,work.no.official_lang,no.married,apartment,nonmigrants.movers
728619,933,a5_9,f,eo_seo_Italian,official_lang,work.no.official_lang,no.married,other.attached,nonmigrants.movers
563787,933,a60_64,m,onao_Canadian,official_lang,work.no.official_lang,living.common.law,apartment,non.movers
612637,933,a80_84,m,eo_seo_Italian,official_lang,work.no.official_lang,married,single.detached.house,non.movers
910527,933,a40_44,m,onao_Canadian,official_lang,work.official_lang,married,single.detached.house,non.movers
517938,933,a45_49,f,onao_Canadian,official_lang,work.official_lang,no.married,apartment,non.movers
602619,933,a50_54,m,ao_esao_Filipino,official_lang,work.official_lang,no.married,apartment,non.movers
278024,933,a0_4,f,ao_sao_ei,official_lang,work.no.official_lang,no.married,single.detached.house,non.movers
660819,933,a40_44,m,ao_esao_Filipino,official_lang,work.official_lang,married,apartment,non.movers
508036,933,a5_9,f,ao_sao_ei,official_lang,work.no.official_lang,no.married,apartment,non.movers
627425,933,a25_29,f,ao_sao_ei,official_lang,work.official_lang,no.married,apartment,non.movers
376630,933,a35_39,f,onao_Canadian,official_lang,work.official_lang,married,single.detached.house,non.movers
899175,933,a85_,m,eo_seo_Greek,official_lang,work.no.official_lang,married,single.detached.house,non.movers
4975,933,a5_9,m,onao_Canadian,official_lang,work.no.official_lang,no.married,apartment,non.movers
758148,933,a15_19,m,ao_sao_ei,official_lang,work.no.official_lang,no.married,apartment,non.movers
60895,933,a10_14,f,onao_Canadian,official_lang,work.no.official_lang,no.married,single.detached.house,non.movers
501853,933,a80_84,f,eo_neo,official_lang,work.no.official_lang,divorced,apartment,non.movers
693485,933,a40_44,m,ao_esao_Chinese,official_lang,work.official_lang,married,apartment,non.movers
44043,933,a45_49,f,eo_bio_English,official_lang,work.official_lang,divorced,single.detached.house,non.movers
706612,933,a65_69,f,ao_esao_Filipino,official_lang,work.no.official_lang,no.married,apartment,non.movers
629293,933,a10_14,m,ao_esao_Chinese,official_lang,work.no.official_lang,no.married,single.detached.house,nonmigrants.movers
329268,933,a55_59,m,ao_esao_Chinese,official_lang,work.no.official_lang,married,apartment,non.movers
473440,933,a40_44,m,ao_wcameo,official_lang,work.official_lang,married,apartment,nonmigrants.movers
777480,933,a45_49,m,eo_fo,official_lang,work.official_lang,married,apartment,non.movers
719998,933,a10_14,f,onao_Canadian,official_lang,work.no.official_lang,no.married,apartment,non.movers
192070,933,a80_84,f,eo_seo_Italian,official_lang,work.no.official_lang,married,single.detached.house,non.movers
27436,933,a5_9,f,ao_sao_ei,official_lang,work.no.official_lang,no.married,single.detached.house,non.movers
637643,933,a15_19,m,ao_esao_Chinese,official_lang,work.no.official_lang,no.married,apartment,non.movers
60412,933,a35_39,m,ao,official_lang,work.official_lang,no.married,apartment,external.movers
4975,933,a5_9,m,onao_Canadian,official_lang,work.no.official_lang,no.married,apartment,non.movers
68976,933,a65_69,m,eo_bio_Scottish,official_lang,work.no.official_lang,married,single.detached.house,non.movers
35574,933,a65_69,f,ao_esao_Chinese,official_lang,work.no.official_lang,married,apartment,non.movers
334492,933,a20_24,f,ao_oesao,official_lang,work.official_lang,no.married,apartment,non.movers
466474,933,a65_69,m,ao_oesao,official_lang,work.no.official_lang,married,single.detached.house,non.movers
541294,933,a65_69,m,ao_esao_Chinese,official_lang,work.no.official_lang,married,single.detached.house,non.movers
244691,933,a50_54,m,ao_esao_Chinese,official_lang,work.no.official_lang,divorced,apartment,non.movers
923957,933,a20_24,f,eo_bio_English,official_lang,work.no.official_lang,no.married,single.detached.house,nonmigrants.movers
343865,933,a25_29,m,eo_fo,official_lang,work.official_lang,no.married,apartment,non.movers
308825,933,a15_19,f,oo,official_lang,work.no.official_lang,no.married,other.attached,other.movers
868830,933,a45_49,f,eo_bio_Irish,official_lang,work.no.official_lang,married,single.detached.house,non.movers
27236,933,a35_39,m,ao_esao_Chinese,official_lang,work.official_lang,married,apartment,other.movers
649115,933,a40_44,m,ao_esao_Chinese,official_lang,work.official_lang,married,other.attached,non.movers
823133,933,a65_69,f,eo_bio_Irish,official_lang,work.no.official_lang,separated,apartment,non.movers
723542,933,a65_69,m,ao_sao_ei,no.official_lang,work.no.official_lang,married,apartment,non.movers
693010,933,a55_59,m,eo_bio_English,official_lang,work.official_lang,no.married,apartment,non.movers
186538,933,a50_54,f,lcsao,official_lang,work.no.official_lang,widowed,apartment,non.movers
119253,933,a25_29,f,ao_esao_Chinese,official_lang,work.official_lang,no.married,apartment,other.movers
492153,933,a35_39,m,ao_osao,official_lang,work.official_lang,married,apartment,non.movers
738877,933,a25_29,f,ao_esao_Chinese,official_lang,work.official_lang,no.married,apartment,non.movers
746785,933,a35_39,m,eo_bio_English,official_lang,work.official_lang,living.common.law,apartment,non.movers
841863,933,a75_79,f,eo_weo_German,official_lang,work.no.official_lang,married,apartment,non.movers
339432,933,a70_74,f,ao_sao_ei,no.official_lang,work.no.official_lang,married,apartment,non.movers
49362,933,a45_49,m,ao_wcameo,official_lang,work.no.official_lang,married,apartment,non.movers
677359,933,a5_9,m,ao_esao_Chinese,official_lang,work.no.official_lang,no.married,single.detached.house,non.movers
675356,933,a60_64,f,ao_oesao,official_lang,work.no.official_lang,married,single.detached.house,non.movers
357856,933,a15_19,m,ao_osao,official_lang,work.no.official_lang,no.married,apartment,non.movers
892491,933,a10_14,f,eo_weo_Dutch,official_lang,work.no.official_lang,no.married,single.detached.house,non.movers
50225,933,a45_49,f,eo_bio_English,official_lang,work.official_lang,married,other.attached,non.movers
826132,933,a5_9,f,ao_esao_Filipino,official_lang,work.no.official_lang,no.married,apartment,nonmigrants.movers
800097,933,a80_84,f,ao_sao_ei,no.official_lang,work.no.official_lang,widowed,single.detached.house,non.movers
321775,933,a35_39,f,ao_esao_Chinese,official_lang,work.official_lang,no.married,other.attached,non.movers
42013,933,a10_14,f,ao_sao_ei,official_lang,work.no.official_lang,no.married,single.detached.house,non.movers
805526,933,a0_4,f,ao_esao_Chinese,official_lang,work.no.official_lang,no.married,single.detached.house,non.movers
207172,933,a55_59,f,ao_oesao,official_lang,work.official_lang,married,single.detached.house,non.movers
820,933,a70_74,f,eo_bio_English,official_lang,work.official_lang,divorced,other.attached,non.movers
5458,933,a55_59,m,ao_oesao,official_lang,work.official_lang,married,apartment,non.movers
763374,933,a55_59,f,ao_esao_Chinese,official_lang,work.official_lang,married,single.detached.house,non.movers
526635,933,a70_74,f,eo_oeeo,official_lang,work.no.official_lang,divorced,single.detached.house,non.movers
522770,933,a15_19,m,ao_esao_Filipino,official_lang,work.official_lang,no.married,other.attached,nonmigrants.movers
168210,933,a35_39,m,ao_esao_Filipino,official_lang,work.official_lang,married,apartment,non.movers
929417,933,a50_54,f,eo_seo_Italian,official_lang,work.official_lang,no.married,single.detached.house,non.movers
2314,933,a30_34,m,eo_weo_German,official_lang,work.official_lang,no.married,apartment,non.movers
805998,933,a75_79,m,eo_bio_English,official_lang,work.official_lang,married,apartment,nonmigrants.movers
59884,933,a50_54,m,eo_seo_Italian,official_lang,work.official_lang,married,apartment,non.movers
105157,933,a50_54,f,ao_sao_ei,official_lang,work.official_lang,married,apartment,non.movers
193131,933,a60_64,m,ao_esao_Chinese,no.official_lang,work.no.official_lang,married,apartment,non.movers
405062,933,a50_54,f,eo_bio_Irish,official_lang,work.official_lang,married,other.attached,non.movers
138964,933,a55_59,f,ao_esao_Filipino,official_lang,work.official_lang,married,apartment,non.movers
675746,933,a60_64,m,eo_oseo,official_lang,work.official_lang,married,apartment,non.movers
74464,933,a40_44,m,eo_oeo,official_lang,work.official_lang,married,single.detached.house,non.movers
927977,933,a75_79,m,eo_bio_Scottish,official_lang,work.official_lang,married,apartment,non.movers
632087,933,a10_14,m,onao_Canadian,official_lang,work.no.official_lang,no.married,apartment,nonmigrants.movers
153553,933,a40_44,m,ao_esao_Filipino,official_lang,work.official_lang,married,other.attached,non.movers
346612,933,a40_44,f,onao_Canadian,official_lang,work.official_lang,married,single.detached.house,non.movers
854268,933,a50_54,f,ao_sao_ei,official_lang,work.no.official_lang,married,apartment,non.movers
829984,933,a55_59,f,eo_bio_English,official_lang,work.official_lang,living.common.law,single.detached.house,non.movers
66875,933,a70_74,m,ao_esao_Chinese,official_lang,work.no.official_lang,married,single.detached.house,non.movers
805347,933,a40_44,m,ao_esao_Chinese,official_lang,work.no.official_lang,married,apartment,non.movers
744935,933,a65_69,f,ao_sao_ei,no.official_lang,work.no.official_lang,divorced,apartment,non.movers
774029,933,a30_34,m,onao_Canadian,official_lang,work.official_lang,living.common.law,apartment,non.movers
344936,933,a15_19,m,ao_oesao,official_lang,work.no.official_lang,no.married,apartment,other.movers
160127,933,a45_49,f,ao_esao_Chinese,official_lang,work.official_lang,married,apartment,non.movers
