SERIALNO,DVISION,SPORDER,PUMA,REGION,AGE,SEX,HISP,RACE,PWGTP1
2018HU0578243,5,1,59308,3,40_49,m,hisp.latino,white,176
2018HU0322783,5,3,59301,3,10_19,m,hisp.latino,white,41
2018HU0555579,5,2,59303,3,80_89,f,not.hisp.latino,white,57
2018HU1205017,5,6,59301,3,10_19,m,not.hisp.latino,white,10
2018HU0798445,5,2,59303,3,50_59,f,hisp.latino,white,126
2018HU1042418,5,1,59305,3,60_69,m,not.hisp.latino,white,16
2018HU0104776,5,2,59308,3,60_69,f,not.hisp.latino,white,63
2018HU0988145,5,3,59306,3,0_9,f,not.hisp.latino,white,116
2018HU0225199,5,1,59308,3,70_79,f,not.hisp.latino,white,53
2018HU0100758,5,2,59308,3,60_69,f,not.hisp.latino,white,100
2018HU0402418,5,1,59302,3,30_39,m,hisp.latino,white,205
2018HU0264231,5,3,59306,3,20_29,f,not.hisp.latino,white,128
2018HU0744859,5,2,59307,3,30_39,f,not.hisp.latino,white,12
2018HU1376970,5,2,59307,3,50_59,f,not.hisp.latino,white,18
2018HU0228489,5,1,59309,3,20_29,f,not.hisp.latino,white,88
2018HU0233115,5,2,59301,3,60_69,f,not.hisp.latino,white,62
2018HU0795702,5,3,59307,3,10_19,f,not.hisp.latino,white,69
2018HU1276129,5,1,59301,3,60_69,f,hisp.latino,white,35
2018HU0512410,5,2,59307,3,30_39,f,not.hisp.latino,asian,22
2018HU0621237,5,2,59303,3,60_69,f,not.hisp.latino,white,53
2018HU0214945,5,1,59301,3,50_59,m,not.hisp.latino,white,16
2018HU0546511,5,2,59306,3,40_49,f,not.hisp.latino,white,57
2018HU0826754,5,3,59307,3,10_19,f,not.hisp.latino,black.aa,75
2018HU0441162,5,1,59305,3,50_59,m,not.hisp.latino,white,113
2018HU0549074,5,3,59306,3,40_49,m,not.hisp.latino,white,14
2018HU0140075,5,2,59308,3,40_49,f,not.hisp.latino,white,23
2018HU0188601,5,1,59308,3,40_49,m,not.hisp.latino,white,88
2018HU0741555,5,1,59308,3,50_59,f,not.hisp.latino,white,15
2018HU1050565,5,1,59307,3,30_39,f,not.hisp.latino,white,35
2018HU0860773,5,1,59308,3,50_59,f,not.hisp.latino,white,113
2018HU0742588,5,4,59303,3,0_9,m,hisp.latino,white,141
2018HU1275486,5,3,59307,3,10_19,m,not.hisp.latino,white,64
2018HU0240397,5,1,59306,3,20_29,f,not.hisp.latino,white,21
2018HU0264231,5,4,59306,3,20_29,m,not.hisp.latino,white,141
2018HU1326604,5,2,59301,3,20_29,f,not.hisp.latino,white,51
2018HU0305627,5,3,59306,3,20_29,f,not.hisp.latino,black.aa,124
2018HU0390227,5,2,59307,3,70_79,f,not.hisp.latino,white,105
2018HU0506904,5,2,59308,3,30_39,f,not.hisp.latino,white,38
2018HU0050017,5,2,59303,3,60_69,f,not.hisp.latino,white,110
2018HU0548531,5,2,59307,3,40_49,m,not.hisp.latino,white,125
2018HU0511054,5,2,59307,3,40_49,f,not.hisp.latino,asian,22
2018HU1066704,5,2,59303,3,50_59,f,not.hisp.latino,white,87
2018HU0594191,5,4,59303,3,60_69,m,not.hisp.latino,asian,83
2018HU0426513,5,3,59303,3,0_9,f,not.hisp.latino,white,35
2018HU0269794,5,2,59303,3,50_59,f,not.hisp.latino,white,53
2018HU0820901,5,2,59304,3,70_79,f,not.hisp.latino,white,93
2018HU1242427,5,1,59305,3,50_59,f,not.hisp.latino,white,12
2018HU1185411,5,1,59305,3,60_69,f,not.hisp.latino,white,125
2018HU0257147,5,2,59309,3,10_19,m,not.hisp.latino,white,155
2018HU0325877,5,1,59303,3,40_49,f,not.hisp.latino,asian,79
2018HU0684930,5,1,59305,3,40_49,f,not.hisp.latino,white,96
2018HU0970824,5,1,59302,3,40_49,m,not.hisp.latino,white,12
2018HU1034312,5,4,59307,3,10_19,m,not.hisp.latino,white,52
2018HU0614301,5,1,59303,3,50_59,m,not.hisp.latino,white,67
2018HU0670030,5,7,59307,3,20_29,m,not.hisp.latino,white,160
2018HU1337972,5,2,59308,3,10_19,m,not.hisp.latino,white,63
2018HU0204225,5,2,59306,3,50_59,f,hisp.latino,white,18
2018HU0589394,5,1,59303,3,40_49,m,not.hisp.latino,white,97
2018HU1013896,5,2,59305,3,50_59,f,hisp.latino,white,56
2018HU1021586,5,2,59305,3,30_39,f,not.hisp.latino,white,40
2018HU1151190,5,2,59308,3,60_69,f,not.hisp.latino,white,109
2018HU0354300,5,2,59309,3,20_29,f,not.hisp.latino,asian,111
2018HU0867499,5,2,59306,3,40_49,f,not.hisp.latino,white,56
2018HU0964567,5,3,59309,3,10_19,f,not.hisp.latino,white,112
2018HU0232620,5,2,59307,3,40_49,m,not.hisp.latino,white,73
2018HU0906202,5,3,59305,3,0_9,m,not.hisp.latino,white,53
2018HU0595108,5,4,59301,3,10_19,f,not.hisp.latino,asian,51
2018HU0463823,5,1,59309,3,50_59,f,not.hisp.latino,asian,120
2018HU0208291,5,4,59305,3,0_9,f,not.hisp.latino,white,24
2018HU0640741,5,2,59304,3,40_49,f,not.hisp.latino,white,18
2018HU0282361,5,4,59303,3,10_19,m,not.hisp.latino,asian,74
2018HU0634345,5,1,59305,3,20_29,m,not.hisp.latino,asian,237
2018HU0770917,5,1,59307,3,50_59,m,not.hisp.latino,white,66
2018HU0380032,5,2,59303,3,60_69,f,not.hisp.latino,white,53
2018HU0887557,5,4,59307,3,10_19,f,not.hisp.latino,white,60
2018HU1040818,5,2,59302,3,40_49,f,hisp.latino,white,117
2018HU0206622,5,1,59301,3,70_79,f,not.hisp.latino,white,93
2018HU0878580,5,2,59307,3,60_69,f,not.hisp.latino,white,59
2018HU0822831,5,1,59307,3,50_59,m,hisp.latino,white,68
2018HU0844206,5,1,59305,3,20_29,f,not.hisp.latino,white,59
2018HU0066454,5,2,59301,3,30_39,f,hisp.latino,white,237
2018HU1075547,5,1,59306,3,40_49,m,hisp.latino,white,92
2018HU0446315,5,1,59308,3,80_89,m,not.hisp.latino,white,55
2018HU1253198,5,1,59305,3,60_69,m,not.hisp.latino,white,54
2018HU0253954,5,3,59301,3,0_9,f,not.hisp.latino,white,64
2018HU0574116,5,2,59301,3,50_59,m,not.hisp.latino,white,91
2018GQ0013089,5,1,59303,3,20_29,m,not.hisp.latino,black.aa,40
2018HU0836960,5,1,59307,3,40_49,m,not.hisp.latino,asian,29
2018HU0364016,5,1,59305,3,70_79,f,not.hisp.latino,white,52
2018HU1067323,5,2,59302,3,40_49,f,not.hisp.latino,white,60
2018HU0575929,5,1,59304,3,30_39,f,not.hisp.latino,white,134
2018HU0791353,5,1,59308,3,70_79,m,hisp.latino,white,255
2018HU0343270,5,1,59304,3,30_39,m,not.hisp.latino,white,54
2018HU1191947,5,3,59309,3,20_29,f,hisp.latino,white,171
2018HU0955203,5,1,59302,3,20_29,f,not.hisp.latino,white,64
2018HU0679480,5,5,59302,3,0_9,f,not.hisp.latino,white,34
2018HU1017918,5,4,59308,3,0_9,f,not.hisp.latino,white,271
2018HU0571000,5,4,59303,3,0_9,m,not.hisp.latino,white,120
2018HU0082438,5,4,59304,3,10_19,f,not.hisp.latino,asian,13
2018HU0838198,5,1,59302,3,40_49,m,not.hisp.latino,white,356
2018HU0047097,5,2,59306,3,60_69,f,not.hisp.latino,asian,72
2018HU0499647,5,2,59305,3,70_79,f,not.hisp.latino,white,10
2018HU0585859,5,1,59307,3,30_39,m,not.hisp.latino,asian,102
2018HU0368999,5,3,59308,3,10_19,f,not.hisp.latino,white,180
2018HU0347656,5,6,59301,3,0_9,f,not.hisp.latino,white,106
2018HU0418669,5,2,59305,3,60_69,m,not.hisp.latino,white,38
2018HU1251103,5,1,59301,3,30_39,m,hisp.latino,other,64
2018HU0134946,5,1,59301,3,50_59,f,not.hisp.latino,white,61
2018HU1120065,5,4,59302,3,0_9,f,not.hisp.latino,white,61
2018HU0518179,5,2,59307,3,30_39,m,hisp.latino,white,279
2018HU0498847,5,4,59302,3,0_9,f,not.hisp.latino,white,67
2018HU0580954,5,1,59305,3,50_59,m,not.hisp.latino,white,56
2018HU0493419,5,2,59304,3,30_39,f,not.hisp.latino,white,41
2018HU1076032,5,4,59305,3,10_19,f,not.hisp.latino,white,72
2018HU1036545,5,1,59301,3,60_69,f,not.hisp.latino,white,92
2018HU0579257,5,3,59307,3,10_19,f,not.hisp.latino,white,208
2018HU0558670,5,2,59302,3,70_79,f,hisp.latino,white,880
2018HU0312449,5,4,59302,3,0_9,f,not.hisp.latino,white,93
2018HU0779055,5,3,59304,3,0_9,f,not.hisp.latino,asian,123
2018HU0188291,5,3,59303,3,10_19,f,not.hisp.latino,white,65
2018HU1006965,5,1,59303,3,30_39,f,not.hisp.latino,black.aa,142
2018HU1036444,5,1,59304,3,50_59,f,not.hisp.latino,white,3
2018HU0707325,5,5,59301,3,0_9,f,not.hisp.latino,white,20
2018HU1079884,5,3,59304,3,10_19,m,hisp.latino,white,17
2018HU0636281,5,1,59309,3,30_39,f,not.hisp.latino,asian,113
2018HU1200561,5,3,59302,3,10_19,f,not.hisp.latino,white,122
2018HU0964567,5,1,59309,3,50_59,m,not.hisp.latino,white,80
2018HU0815716,5,4,59309,3,0_9,m,not.hisp.latino,white,24
2018HU0917166,5,2,59308,3,20_29,f,not.hisp.latino,white,106
2018HU0018756,5,1,59309,3,20_29,m,not.hisp.latino,asian,89
2018HU0866740,5,3,59303,3,10_19,m,not.hisp.latino,white,19
2018HU1336114,5,2,59301,3,40_49,f,not.hisp.latino,white,14
2018HU0519108,5,1,59306,3,50_59,f,not.hisp.latino,asian,133
2018HU0228151,5,2,59308,3,50_59,m,not.hisp.latino,white,40
2018HU1314929,5,2,59309,3,50_59,f,not.hisp.latino,white,60
2018HU1140118,5,2,59301,3,10_19,f,hisp.latino,white,69
2018HU0621237,5,2,59303,3,60_69,f,not.hisp.latino,white,53
2018HU0230601,5,4,59305,3,10_19,f,hisp.latino,white,64
2018HU0453078,5,3,59309,3,10_19,m,not.hisp.latino,white,93
2018HU0915268,5,2,59305,3,30_39,f,not.hisp.latino,white,41
2018HU1338450,5,1,59304,3,60_69,f,not.hisp.latino,asian,79
2018HU1287090,5,2,59301,3,60_69,m,not.hisp.latino,white,41
2018HU0079271,5,2,59308,3,50_59,f,not.hisp.latino,asian,58
2018HU1152039,5,3,59301,3,30_39,m,not.hisp.latino,white,166
2018HU1150870,5,3,59305,3,10_19,f,not.hisp.latino,white,190
2018HU1333361,5,4,59303,3,10_19,f,not.hisp.latino,black.aa,151
2018HU0465546,5,3,59307,3,0_9,f,not.hisp.latino,white,123
2018HU0748243,5,1,59306,3,70_79,f,not.hisp.latino,white,9
2018HU0433375,5,1,59303,3,40_49,f,not.hisp.latino,white,21
2018HU0546168,5,1,59303,3,40_49,m,not.hisp.latino,white,17
2018HU0980525,5,4,59306,3,10_19,f,hisp.latino,white,40
2018HU0655745,5,3,59304,3,10_19,m,not.hisp.latino,asian,45
2018HU1197029,5,5,59306,3,0_9,f,not.hisp.latino,white,117
2018HU1366444,5,1,59306,3,30_39,m,not.hisp.latino,white,10
2018HU1033699,5,2,59304,3,50_59,f,not.hisp.latino,white,115
2018HU0838283,5,1,59307,3,60_69,f,hisp.latino,white,45
2018HU0402466,5,2,59306,3,50_59,f,not.hisp.latino,white,15
2018HU0464188,5,1,59301,3,50_59,f,not.hisp.latino,white,21
2018HU0131006,5,4,59309,3,10_19,m,hisp.latino,white,60
2018HU0198542,5,3,59307,3,10_19,f,not.hisp.latino,asian,91
2018HU0487461,5,1,59304,3,40_49,m,not.hisp.latino,asian,116
2018HU0928996,5,4,59309,3,0_9,f,not.hisp.latino,white,45
2018HU0172970,5,5,59301,3,0_9,m,not.hisp.latino,white,7
2018HU1208604,5,6,59305,3,10_19,f,not.hisp.latino,white,100
2018HU1284737,5,2,59303,3,60_69,m,not.hisp.latino,white,130
2018HU0504636,5,2,59301,3,60_69,f,not.hisp.latino,white,14
2018HU0605548,5,1,59305,3,50_59,f,not.hisp.latino,white,43
2018HU0256600,5,2,59306,3,50_59,f,not.hisp.latino,black.aa,162
2018HU0880354,5,2,59305,3,40_49,f,not.hisp.latino,asian,255
2018HU0932741,5,3,59302,3,0_9,m,not.hisp.latino,white,81
2018HU1326604,5,3,59301,3,0_9,f,hisp.latino,white,76
2018HU0124630,5,2,59303,3,40_49,f,not.hisp.latino,asian,17
2018HU1386286,5,1,59305,3,60_69,m,hisp.latino,white,59
2018HU0546511,5,3,59306,3,10_19,m,not.hisp.latino,white,56
2018HU1208038,5,1,59309,3,40_49,m,not.hisp.latino,white,61
2018HU0483386,5,2,59304,3,30_39,m,not.hisp.latino,black.aa,95
2018HU0593695,5,6,59306,3,40_49,f,not.hisp.latino,white,13
2018HU0392429,5,2,59302,3,60_69,f,not.hisp.latino,white,44
2018HU0777297,5,1,59306,3,60_69,f,not.hisp.latino,white,53
2018HU0718694,5,3,59302,3,0_9,f,not.hisp.latino,white,65
2018HU0626080,5,2,59306,3,40_49,m,not.hisp.latino,black.aa,105
2018HU0029891,5,1,59301,3,40_49,f,not.hisp.latino,white,89
2018HU1192683,5,1,59302,3,40_49,f,hisp.latino,white,98
2018HU0034090,5,2,59304,3,30_39,f,not.hisp.latino,white,56
2018HU0415312,5,4,59307,3,10_19,f,not.hisp.latino,white,79
2018HU0866194,5,2,59305,3,50_59,f,hisp.latino,white,87
2018HU1320128,5,2,59309,3,50_59,f,not.hisp.latino,asian,20
2018HU0504933,5,1,59306,3,80_89,f,not.hisp.latino,white,70
2018HU1286265,5,4,59307,3,20_29,m,not.hisp.latino,white,78
2018HU1078929,5,1,59307,3,50_59,f,not.hisp.latino,asian,405
2018HU0256282,5,2,59308,3,50_59,f,not.hisp.latino,white,78
2018HU0587354,5,7,59303,3,0_9,f,not.hisp.latino,white,47
2018HU0154688,5,1,59302,3,30_39,f,hisp.latino,white,236
2018HU1083115,5,1,59301,3,70_79,m,not.hisp.latino,white,65
2018HU0626970,5,1,59301,3,40_49,f,not.hisp.latino,asian,60
2018HU0040732,5,2,59302,3,50_59,f,not.hisp.latino,white,94
2018HU0526238,5,4,59303,3,0_9,f,not.hisp.latino,asian,59
2018HU0702338,5,3,59306,3,0_9,m,not.hisp.latino,asian,31
2018HU1347065,5,2,59304,3,40_49,f,not.hisp.latino,white,14
2018HU0376636,5,4,59303,3,0_9,m,hisp.latino,white,35
2018HU1309732,5,2,59306,3,80_89,f,not.hisp.latino,black.aa,335
2018HU0354436,5,1,59301,3,50_59,f,not.hisp.latino,black.aa,113
2018HU0917301,5,2,59303,3,30_39,m,not.hisp.latino,white,67
2018HU1217969,5,1,59303,3,40_49,f,not.hisp.latino,white,62
2018HU1077347,5,1,59307,3,50_59,f,not.hisp.latino,asian,125
2018HU0416353,5,2,59301,3,30_39,f,hisp.latino,other,43
2018HU0898665,5,1,59308,3,50_59,f,not.hisp.latino,asian,122
2018HU0861025,5,3,59309,3,20_29,f,hisp.latino,black.aa,40
2018HU0587268,5,4,59306,3,30_39,m,not.hisp.latino,asian,40
2018HU0431844,5,4,59302,3,10_19,m,not.hisp.latino,white,87
2018HU1319556,5,2,59307,3,50_59,f,not.hisp.latino,white,91
2018HU0070334,5,4,59303,3,20_29,m,not.hisp.latino,white,135
2018HU0045954,5,2,59303,3,50_59,f,not.hisp.latino,white,84
2018HU0073930,5,2,59306,3,50_59,f,not.hisp.latino,white,16
2018HU1257133,5,1,59303,3,40_49,f,not.hisp.latino,white,70
2018HU0032253,5,1,59305,3,60_69,f,not.hisp.latino,white,79
2018HU1234422,5,1,59304,3,50_59,m,hisp.latino,white,64
2018HU0920705,5,2,59307,3,60_69,f,not.hisp.latino,white,61
2018HU1110272,5,6,59301,3,10_19,f,hisp.latino,white,158
2018HU1009947,5,2,59304,3,60_69,f,not.hisp.latino,white,122
2018HU0586026,5,2,59303,3,50_59,m,not.hisp.latino,white,58
2018HU0991759,5,1,59305,3,30_39,m,not.hisp.latino,white,63
2018HU1103890,5,1,59305,3,40_49,m,not.hisp.latino,asian,191
2018HU0094881,5,3,59304,3,10_19,f,not.hisp.latino,white,113
2018HU1350708,5,2,59301,3,20_29,f,hisp.latino,white,11
2018HU0108068,5,3,59307,3,10_19,m,not.hisp.latino,asian,118
2018HU1392404,5,1,59301,3,70_79,m,not.hisp.latino,white,106
2018HU0422014,5,4,59303,3,10_19,f,not.hisp.latino,white,17
2018HU0426513,5,2,59303,3,40_49,f,not.hisp.latino,white,34
2018HU1301594,5,2,59301,3,50_59,f,not.hisp.latino,white,53
2018HU1395260,5,6,59302,3,20_29,f,not.hisp.latino,black.aa,117
2018HU1037238,5,3,59305,3,20_29,m,not.hisp.latino,white,121
2018HU0543375,5,2,59305,3,20_29,f,hisp.latino,white,303
2018HU0198542,5,2,59307,3,60_69,f,not.hisp.latino,asian,74
2018HU0624896,5,1,59308,3,40_49,f,not.hisp.latino,asian,125
2018HU0753816,5,1,59308,3,60_69,m,not.hisp.latino,white,23
2018HU0722575,5,1,59306,3,60_69,m,not.hisp.latino,asian,180
2018HU1210094,5,5,59305,3,0_9,m,hisp.latino,white,19
2018HU0978898,5,3,59309,3,20_29,m,not.hisp.latino,asian,140
2018HU0602975,5,4,59308,3,10_19,f,not.hisp.latino,white,36
2018HU0544009,5,2,59305,3,50_59,m,not.hisp.latino,white,87
2018HU0387528,5,1,59304,3,60_69,m,not.hisp.latino,white,57
2018HU0364537,5,4,59305,3,0_9,m,not.hisp.latino,white,60
2018HU0768021,5,2,59303,3,30_39,f,hisp.latino,white,120
2018HU1062483,5,2,59302,3,70_79,m,not.hisp.latino,white,57
2018HU1038463,5,3,59301,3,10_19,m,not.hisp.latino,asian,91
2018HU0624004,5,4,59305,3,10_19,f,not.hisp.latino,white,35
2018HU0768322,5,2,59303,3,60_69,f,not.hisp.latino,white,16
2018HU0132959,5,2,59308,3,60_69,m,not.hisp.latino,white,59
2018HU1286347,5,1,59309,3,40_49,m,not.hisp.latino,asian,57
2018HU0507504,5,2,59309,3,50_59,f,not.hisp.latino,white,95
2018HU0605466,5,1,59304,3,50_59,m,not.hisp.latino,white,32
2018GQ0130589,5,1,59306,3,80_89,f,not.hisp.latino,white,33
2018HU0238364,5,3,59302,3,0_9,f,not.hisp.latino,white,63
2018HU0663877,5,3,59303,3,30_39,m,not.hisp.latino,white,182
2018HU0752227,5,2,59308,3,50_59,m,not.hisp.latino,white,67
2018HU1265150,5,1,59306,3,40_49,f,not.hisp.latino,white,80
2018HU0484576,5,5,59301,3,60_69,f,hisp.latino,white,139
2018HU0908726,5,6,59302,3,20_29,m,hisp.latino,white,218
2018HU0110734,5,3,59301,3,20_29,m,hisp.latino,white,289
2018HU1266034,5,1,59306,3,40_49,f,not.hisp.latino,two.,123
2018HU0025860,5,2,59308,3,10_19,m,not.hisp.latino,white,22
2018HU0015624,5,3,59302,3,20_29,f,not.hisp.latino,white,78
2018HU0755781,5,2,59303,3,40_49,f,not.hisp.latino,asian,58
2018HU1390124,5,1,59309,3,70_79,m,not.hisp.latino,asian,107
2018HU0421994,5,3,59309,3,10_19,m,not.hisp.latino,two.,100
2018HU0198722,5,1,59309,3,40_49,f,not.hisp.latino,white,384
2018HU1316050,5,1,59308,3,50_59,m,not.hisp.latino,white,62
2018HU0450851,5,2,59305,3,30_39,m,not.hisp.latino,white,38
2018HU1317956,5,3,59305,3,10_19,m,not.hisp.latino,black.aa,379
2018HU0037491,5,1,59301,3,70_79,f,not.hisp.latino,white,197
2018HU1108364,5,1,59301,3,80_89,f,not.hisp.latino,white,100
2018HU0097273,5,4,59305,3,10_19,f,not.hisp.latino,white,98
2018HU1096660,5,2,59302,3,10_19,f,not.hisp.latino,two.,509
2018HU0483405,5,2,59303,3,60_69,m,not.hisp.latino,white,172
2018HU0949105,5,1,59301,3,30_39,m,not.hisp.latino,white,113
2018HU0316509,5,1,59306,3,30_39,m,not.hisp.latino,white,184
2018HU0586398,5,4,59303,3,0_9,f,not.hisp.latino,white,119
2018HU0484729,5,1,59303,3,50_59,f,not.hisp.latino,white,64
2018HU0799650,5,2,59302,3,50_59,f,not.hisp.latino,white,59
2018HU0808212,5,3,59308,3,10_19,f,not.hisp.latino,white,59
2018HU0375371,5,3,59305,3,10_19,m,not.hisp.latino,white,540
2018HU1209312,5,1,59307,3,40_49,f,not.hisp.latino,asian,124
2018HU0088708,5,1,59303,3,80_89,f,not.hisp.latino,white,36
2018HU0707987,5,4,59306,3,10_19,f,not.hisp.latino,asian,56
2018HU1398817,5,4,59303,3,20_29,f,not.hisp.latino,asian,80
2018HU0700777,5,2,59304,3,50_59,f,not.hisp.latino,white,35
2018HU0573792,5,1,59305,3,40_49,m,not.hisp.latino,white,57
2018HU0023827,5,4,59305,3,0_9,m,not.hisp.latino,asian,47
2018HU0247863,5,1,59302,3,50_59,m,not.hisp.latino,black.aa,34
2018HU1184644,5,3,59309,3,50_59,f,not.hisp.latino,asian,166
2018HU1013033,5,3,59304,3,0_9,f,not.hisp.latino,white,84
2018HU0536205,5,1,59305,3,80_89,f,not.hisp.latino,white,16
2018HU0648932,5,1,59302,3,60_69,f,not.hisp.latino,white,62
2018HU0562448,5,3,59307,3,20_29,m,hisp.latino,white,53
2018HU1064562,5,1,59307,3,60_69,m,not.hisp.latino,white,288
2018HU1071019,5,2,59301,3,30_39,m,not.hisp.latino,white,20
2018HU1119146,5,1,59306,3,30_39,f,not.hisp.latino,white,61
2018HU1242247,5,4,59302,3,20_29,m,not.hisp.latino,black.aa,110
2018HU0673348,5,2,59303,3,60_69,f,not.hisp.latino,white,68
2018HU1208604,5,6,59305,3,10_19,f,not.hisp.latino,white,100
2018HU1059711,5,1,59309,3,30_39,f,not.hisp.latino,asian,365
2018HU0946761,5,2,59307,3,70_79,f,not.hisp.latino,black.aa,156
2018HU0378885,5,2,59301,3,40_49,f,not.hisp.latino,asian,120
2018HU0322381,5,2,59301,3,40_49,f,not.hisp.latino,white,88
2018HU0994734,5,3,59303,3,10_19,m,not.hisp.latino,white,59
2018HU1316543,5,1,59309,3,60_69,f,not.hisp.latino,black.aa,144
2018HU0304576,5,3,59308,3,10_19,f,not.hisp.latino,white,38
2018HU0939327,5,1,59307,3,30_39,m,not.hisp.latino,black.aa,29
2018HU1293566,5,4,59308,3,0_9,f,not.hisp.latino,asian,59
2018HU0070334,5,2,59303,3,50_59,f,not.hisp.latino,white,53
2018HU1257203,5,3,59308,3,20_29,f,hisp.latino,white,59
2018HU1092369,5,2,59308,3,40_49,m,not.hisp.latino,white,98
2018HU0225797,5,2,59305,3,50_59,f,not.hisp.latino,asian,99
2018HU0110038,5,2,59303,3,30_39,f,not.hisp.latino,white,59
2018HU1225482,5,2,59304,3,40_49,f,not.hisp.latino,white,34
2018HU0302127,5,2,59304,3,70_79,f,not.hisp.latino,white,105
2018HU0990934,5,6,59306,3,10_19,f,not.hisp.latino,white,18
2018HU0892740,5,1,59309,3,30_39,m,not.hisp.latino,asian,30
2018HU0368178,5,2,59308,3,60_69,m,not.hisp.latino,asian,64
2018HU0199614,5,3,59307,3,20_29,f,not.hisp.latino,white,94
2018HU0785239,5,1,59307,3,20_29,m,not.hisp.latino,white,93
2018HU0392429,5,2,59302,3,60_69,f,not.hisp.latino,white,44
2018HU0117226,5,3,59303,3,0_9,f,hisp.latino,white,63
2018HU1286347,5,3,59309,3,0_9,m,not.hisp.latino,asian,53
2018HU0828105,5,1,59308,3,30_39,m,not.hisp.latino,white,241
2018HU1310482,5,2,59306,3,60_69,f,hisp.latino,two.,61
2018HU0752669,5,1,59305,3,60_69,f,not.hisp.latino,white,14
2018HU0189690,5,1,59302,3,50_59,f,not.hisp.latino,white,52
2018HU0160040,5,2,59305,3,40_49,f,not.hisp.latino,white,93
2018HU0773361,5,2,59303,3,50_59,m,not.hisp.latino,white,98
2018HU1238505,5,2,59303,3,40_49,f,not.hisp.latino,white,95
2018HU0348422,5,3,59301,3,10_19,f,hisp.latino,white,81
2018HU0044366,5,1,59304,3,30_39,m,not.hisp.latino,white,16
2018HU0657217,5,1,59307,3,40_49,f,not.hisp.latino,black.aa,204
2018HU0776040,5,1,59304,3,80_89,f,not.hisp.latino,white,185
2018HU0113282,5,3,59303,3,20_29,m,hisp.latino,white,150
2018HU0890523,5,2,59305,3,60_69,f,not.hisp.latino,white,51
2018HU1165005,5,3,59303,3,20_29,m,not.hisp.latino,white,113
2018HU0510107,5,1,59304,3,50_59,m,not.hisp.latino,white,30
2018HU0318764,5,1,59304,3,60_69,m,not.hisp.latino,white,36
2018HU0695411,5,4,59302,3,10_19,m,not.hisp.latino,white,123
2018HU0835624,5,3,59308,3,20_29,f,not.hisp.latino,asian,169
2018HU0140075,5,2,59308,3,40_49,f,not.hisp.latino,white,23
2018GQ0013753,5,1,59303,3,20_29,m,not.hisp.latino,white,9
2018HU0366962,5,3,59303,3,0_9,m,not.hisp.latino,asian,45
2018HU0049123,5,2,59303,3,50_59,f,not.hisp.latino,white,83
2018HU0201372,5,2,59308,3,40_49,f,not.hisp.latino,white,49
2018HU0913917,5,1,59303,3,30_39,m,not.hisp.latino,white,16
2018HU0462753,5,1,59305,3,40_49,f,not.hisp.latino,white,115
2018HU0262563,5,2,59305,3,60_69,f,not.hisp.latino,white,37
2018HU0974893,5,3,59304,3,0_9,f,not.hisp.latino,black.aa,11
2018HU0948276,5,1,59307,3,70_79,m,not.hisp.latino,white,68
2018HU0375454,5,3,59309,3,10_19,f,not.hisp.latino,asian,137
2018HU0112362,5,1,59304,3,60_69,m,not.hisp.latino,white,102
2018HU0980525,5,1,59306,3,40_49,f,not.hisp.latino,white,30
2018HU0075888,5,2,59302,3,60_69,f,not.hisp.latino,black.aa,176
2018HU1230624,5,2,59308,3,70_79,f,not.hisp.latino,white,69
2018HU0908726,5,5,59302,3,20_29,f,hisp.latino,white,274
2018HU1184379,5,2,59305,3,50_59,m,hisp.latino,white,106
2018HU0460301,5,3,59305,3,0_9,f,not.hisp.latino,white,11
2018HU1211127,5,3,59303,3,20_29,f,not.hisp.latino,white,74
2018HU0487008,5,1,59301,3,50_59,m,not.hisp.latino,white,11
2018HU0736164,5,1,59307,3,60_69,m,not.hisp.latino,white,84
2018HU0363694,5,1,59305,3,30_39,f,not.hisp.latino,white,219
2018HU0895332,5,1,59308,3,70_79,f,hisp.latino,white,39
2018HU0056933,5,5,59301,3,60_69,f,not.hisp.latino,asian,93
2018HU0979797,5,2,59308,3,80_89,f,not.hisp.latino,white,64
2018HU1190390,5,4,59307,3,0_9,f,not.hisp.latino,asian,46
2018HU1050141,5,1,59301,3,50_59,f,hisp.latino,white,112
2018HU1373387,5,1,59303,3,60_69,f,hisp.latino,white,122
2018HU0540437,5,4,59304,3,10_19,f,not.hisp.latino,asian,133
2018HU0006728,5,2,59301,3,70_79,m,not.hisp.latino,white,17
2018HU0670030,5,3,59307,3,20_29,f,not.hisp.latino,white,97
2018HU0480850,5,4,59309,3,10_19,f,not.hisp.latino,asian,147
2018HU0437620,5,3,59309,3,30_39,f,not.hisp.latino,white,28
2018HU1292463,5,2,59309,3,30_39,f,not.hisp.latino,white,30
2018HU0795139,5,4,59307,3,50_59,f,not.hisp.latino,white,117
2018HU0811539,5,2,59307,3,60_69,m,not.hisp.latino,black.aa,139
2018HU1071019,5,5,59301,3,0_9,f,not.hisp.latino,white,16
2018HU0109299,5,1,59302,3,30_39,m,not.hisp.latino,asian,209
2018HU0250496,5,2,59305,3,70_79,f,not.hisp.latino,white,74
2018HU0052617,5,3,59301,3,10_19,m,not.hisp.latino,black.aa,73
2018HU0562448,5,1,59307,3,50_59,m,hisp.latino,white,66
2018HU0816176,5,2,59307,3,60_69,f,not.hisp.latino,white,64
2018HU0919418,5,2,59301,3,40_49,f,not.hisp.latino,white,30
2018HU0546511,5,4,59306,3,10_19,f,not.hisp.latino,white,58
2018HU0867499,5,2,59306,3,40_49,f,not.hisp.latino,white,56
2018GQ0144083,5,1,59303,3,60_69,m,hisp.latino,white,187
2018HU0526506,5,1,59309,3,40_49,f,hisp.latino,white,181
2018HU0740815,5,2,59301,3,50_59,m,not.hisp.latino,white,41
2018HU0554488,5,2,59303,3,40_49,f,hisp.latino,white,35
2018HU0589394,5,1,59303,3,40_49,m,not.hisp.latino,white,97
2018GQ0096939,5,1,59303,3,60_69,f,not.hisp.latino,black.aa,6
2018HU1198502,5,1,59304,3,40_49,m,not.hisp.latino,white,138
2018HU1118799,5,3,59307,3,0_9,m,hisp.latino,white,150
2018HU0835624,5,4,59308,3,20_29,m,not.hisp.latino,asian,64
2018HU0211823,5,2,59305,3,30_39,m,not.hisp.latino,white,119
2018HU0476605,5,2,59304,3,60_69,f,not.hisp.latino,white,50
2018HU1127346,5,4,59304,3,0_9,m,not.hisp.latino,asian,18
2018HU1294894,5,1,59304,3,30_39,f,not.hisp.latino,white,58
2018HU0604267,5,1,59303,3,50_59,m,not.hisp.latino,white,23
2018HU1217969,5,1,59303,3,40_49,f,not.hisp.latino,white,62
2018HU1302933,5,2,59308,3,30_39,m,not.hisp.latino,white,20
2018HU0549710,5,1,59303,3,40_49,f,not.hisp.latino,black.aa,77
2018HU1338450,5,1,59304,3,60_69,f,not.hisp.latino,asian,79
2018HU1085325,5,1,59307,3,50_59,f,not.hisp.latino,white,54
2018HU1053130,5,2,59303,3,30_39,f,not.hisp.latino,white,16
2018HU0090823,5,5,59302,3,0_9,f,hisp.latino,white,375
2018HU0935560,5,2,59305,3,20_29,f,not.hisp.latino,white,52
2018HU0620372,5,1,59306,3,50_59,f,not.hisp.latino,black.aa,157
2018HU1193463,5,1,59303,3,50_59,m,not.hisp.latino,white,46
2018HU0701691,5,1,59307,3,40_49,m,not.hisp.latino,white,71
2018HU0818292,5,2,59305,3,50_59,f,not.hisp.latino,white,14
2018HU0735468,5,1,59303,3,40_49,f,not.hisp.latino,white,97
2018HU0290641,5,4,59307,3,10_19,m,hisp.latino,other,43
2018HU1345399,5,4,59305,3,0_9,m,not.hisp.latino,white,105
2018HU1073490,5,1,59306,3,50_59,m,not.hisp.latino,white,61
2018HU0118928,5,4,59305,3,10_19,f,not.hisp.latino,white,102
2018HU1191947,5,2,59309,3,20_29,m,hisp.latino,white,154
2018HU0125778,5,4,59302,3,20_29,f,not.hisp.latino,white,162
2018HU0239342,5,1,59308,3,60_69,f,not.hisp.latino,white,30
2018HU1150853,5,1,59303,3,60_69,m,not.hisp.latino,white,114
2018HU0459773,5,5,59301,3,30_39,m,not.hisp.latino,asian,84
2018HU0299147,5,3,59303,3,10_19,m,not.hisp.latino,white,122
2018HU1025137,5,4,59308,3,50_59,m,not.hisp.latino,white,139
2018HU1067323,5,1,59302,3,40_49,m,not.hisp.latino,white,69
2018HU0793720,5,4,59301,3,0_9,m,hisp.latino,white,92
2018HU0272639,5,1,59304,3,70_79,f,not.hisp.latino,white,94
2018HU1239480,5,1,59308,3,70_79,f,not.hisp.latino,white,19
2018HU1363034,5,1,59308,3,50_59,f,not.hisp.latino,white,202
2018HU0671973,5,1,59309,3,50_59,m,not.hisp.latino,asian,114
2018HU0365330,5,3,59302,3,0_9,m,not.hisp.latino,white,7
2018HU0132959,5,1,59308,3,60_69,f,not.hisp.latino,white,55
2018HU1391960,5,3,59307,3,30_39,m,not.hisp.latino,white,314
2018HU1020561,5,3,59303,3,0_9,m,not.hisp.latino,white,70
2018HU0822831,5,2,59307,3,40_49,f,hisp.latino,black.aa,53
2018HU0435319,5,1,59302,3,50_59,f,not.hisp.latino,asian,45
2018HU1148163,5,1,59302,3,30_39,m,not.hisp.latino,black.aa,35
2018HU0144293,5,2,59301,3,30_39,f,hisp.latino,other,200
2018HU0541329,5,3,59301,3,20_29,f,hisp.latino,white,54
2018HU1194174,5,2,59301,3,0_9,f,hisp.latino,white,251
2018HU0402700,5,1,59301,3,50_59,m,not.hisp.latino,white,143
2018HU0768682,5,3,59309,3,20_29,f,not.hisp.latino,asian,169
2018HU0384632,5,2,59305,3,70_79,f,not.hisp.latino,white,143
2018HU0917191,5,2,59304,3,70_79,m,not.hisp.latino,white,128
2018HU1013033,5,1,59304,3,30_39,f,not.hisp.latino,white,119
2018HU0251037,5,3,59302,3,20_29,f,not.hisp.latino,white,223
2018HU0483386,5,3,59304,3,0_9,m,not.hisp.latino,black.aa,62
2018HU0060820,5,1,59304,3,30_39,f,hisp.latino,white,60
2018HU0374001,5,1,59309,3,60_69,m,not.hisp.latino,black.aa,105
2018HU0631984,5,3,59308,3,10_19,f,not.hisp.latino,white,101
2018HU1253277,5,1,59303,3,80_89,m,not.hisp.latino,black.aa,156
2018HU0083289,5,2,59301,3,40_49,f,not.hisp.latino,white,123
2018HU0774430,5,2,59303,3,40_49,f,not.hisp.latino,white,61
2018HU1342831,5,2,59303,3,70_79,m,not.hisp.latino,white,42
2018HU0484682,5,4,59307,3,30_39,m,not.hisp.latino,white,73
2018HU0094479,5,1,59307,3,40_49,m,not.hisp.latino,asian,17
2018HU0591331,5,1,59307,3,30_39,f,hisp.latino,white,18
2018HU1081302,5,1,59308,3,60_69,m,not.hisp.latino,asian,103
2018HU0366685,5,1,59308,3,60_69,m,not.hisp.latino,white,197
2018HU0876946,5,2,59309,3,50_59,f,not.hisp.latino,asian,68
2018HU1037892,5,2,59304,3,60_69,m,not.hisp.latino,white,37
2018HU0718394,5,2,59303,3,40_49,f,hisp.latino,white,111
2018HU1007285,5,3,59305,3,10_19,m,not.hisp.latino,white,71
2018HU0646071,5,1,59301,3,70_79,m,not.hisp.latino,white,63
2018HU0541329,5,1,59301,3,40_49,m,hisp.latino,white,77
2018HU0523343,5,1,59302,3,50_59,f,not.hisp.latino,black.aa,43
2018HU1190748,5,1,59306,3,40_49,m,not.hisp.latino,black.aa,29
2018HU0212097,5,1,59307,3,50_59,m,not.hisp.latino,asian,25
2018HU0009911,5,1,59301,3,50_59,m,not.hisp.latino,white,38
2018HU0575662,5,4,59309,3,10_19,f,not.hisp.latino,asian,129
2018HU0616694,5,1,59308,3,40_49,f,not.hisp.latino,white,21
2018HU0029891,5,1,59301,3,40_49,f,not.hisp.latino,white,89
2018HU0798445,5,3,59303,3,20_29,f,hisp.latino,white,130
2018HU0207877,5,2,59309,3,20_29,f,not.hisp.latino,white,24
2018HU1132501,5,2,59308,3,50_59,m,not.hisp.latino,white,17
2018HU1292991,5,5,59303,3,10_19,f,not.hisp.latino,black.aa,138
2018HU0153037,5,3,59302,3,0_9,f,not.hisp.latino,white,29
2018HU1026629,5,1,59301,3,20_29,m,hisp.latino,white,65
2018HU0940760,5,1,59303,3,60_69,f,not.hisp.latino,white,111
2018HU1386976,5,2,59301,3,0_9,m,hisp.latino,other,343
2018HU0347414,5,1,59309,3,60_69,m,not.hisp.latino,black.aa,71
2018HU1165078,5,2,59302,3,40_49,f,not.hisp.latino,white,117
2018HU0565908,5,1,59303,3,60_69,f,not.hisp.latino,white,32
2018HU0106254,5,3,59308,3,0_9,m,hisp.latino,white,228
2018HU1202907,5,2,59302,3,40_49,m,not.hisp.latino,white,123
2018HU0053086,5,1,59307,3,40_49,m,not.hisp.latino,white,44
2018HU0853947,5,2,59304,3,70_79,f,not.hisp.latino,white,102
2018HU0004484,5,1,59302,3,20_29,m,not.hisp.latino,white,16
2018HU0737452,5,2,59303,3,60_69,f,not.hisp.latino,white,64
2018HU0697990,5,1,59307,3,30_39,m,not.hisp.latino,asian,528
2018HU0268893,5,2,59301,3,60_69,f,not.hisp.latino,white,52
2018HU0951222,5,1,59307,3,40_49,m,not.hisp.latino,white,39
2018HU0368533,5,3,59304,3,0_9,m,not.hisp.latino,white,56
2018HU0347922,5,1,59309,3,30_39,m,not.hisp.latino,asian,97
2018HU0273163,5,1,59305,3,30_39,f,not.hisp.latino,white,50
2018HU0129086,5,2,59306,3,20_29,m,not.hisp.latino,asian,83
2018HU0481576,5,1,59309,3,20_29,m,not.hisp.latino,white,144
2018HU1344151,5,1,59306,3,80_89,f,not.hisp.latino,white,175
2018HU0522637,5,1,59307,3,20_29,f,not.hisp.latino,white,74
2018HU1057392,5,2,59302,3,40_49,f,not.hisp.latino,white,83
2018HU0735089,5,2,59303,3,60_69,f,not.hisp.latino,white,134
2018HU0837165,5,3,59301,3,0_9,f,not.hisp.latino,asian,63
2018HU0577494,5,1,59302,3,60_69,f,not.hisp.latino,white,68
2018HU0384191,5,3,59302,3,10_19,m,not.hisp.latino,white,54
2018HU0827829,5,2,59307,3,30_39,f,not.hisp.latino,white,96
2018HU0863977,5,2,59301,3,50_59,f,not.hisp.latino,white,22
2018HU0374001,5,1,59309,3,60_69,m,not.hisp.latino,black.aa,105
2018HU1257012,5,3,59307,3,0_9,f,not.hisp.latino,white,15
2018HU0771373,5,1,59304,3,40_49,f,not.hisp.latino,black.aa,111
2018HU1211127,5,1,59303,3,20_29,f,not.hisp.latino,white,54
2018HU0279705,5,1,59307,3,60_69,f,not.hisp.latino,white,132
2018HU0854550,5,3,59308,3,20_29,m,not.hisp.latino,asian,105
2018HU0521711,5,1,59309,3,20_29,m,not.hisp.latino,white,17
2018HU0740815,5,2,59301,3,50_59,m,not.hisp.latino,white,41
2018HU0814989,5,1,59306,3,50_59,f,not.hisp.latino,white,91
2018HU1241149,5,3,59307,3,0_9,m,not.hisp.latino,white,55
2018HU0668631,5,2,59303,3,70_79,f,not.hisp.latino,white,44
2018HU0821866,5,2,59301,3,80_89,m,not.hisp.latino,white,142
2018HU1375651,5,2,59301,3,30_39,m,hisp.latino,white,408
2018HU0427030,5,3,59303,3,10_19,m,hisp.latino,white,58
2018HU0176907,5,1,59305,3,30_39,m,not.hisp.latino,white,121
2018HU0160040,5,4,59305,3,10_19,f,not.hisp.latino,white,101
2018HU1073361,5,3,59303,3,10_19,m,hisp.latino,white,87
2018HU0529760,5,1,59306,3,80_89,m,not.hisp.latino,white,94
2018HU0617042,5,2,59305,3,70_79,m,not.hisp.latino,white,66
2018HU0508928,5,2,59305,3,60_69,m,not.hisp.latino,white,41
2018GQ0072103,5,1,59303,3,10_19,f,not.hisp.latino,white,79
2018HU0477483,5,1,59304,3,80_89,m,not.hisp.latino,white,66
2018HU1290504,5,2,59309,3,60_69,f,not.hisp.latino,white,56
2018HU0502383,5,3,59308,3,10_19,f,not.hisp.latino,white,89
2018HU0200118,5,2,59305,3,30_39,f,not.hisp.latino,white,252
2018HU0753086,5,1,59307,3,30_39,m,not.hisp.latino,white,89
2018HU0115047,5,5,59308,3,0_9,f,not.hisp.latino,white,93
2018HU0893215,5,2,59302,3,40_49,f,not.hisp.latino,white,70
2018HU1325520,5,2,59303,3,50_59,f,hisp.latino,white,18
2018GQ0086776,5,1,59303,3,20_29,f,not.hisp.latino,white,5
2018HU0528197,5,1,59305,3,30_39,f,not.hisp.latino,black.aa,67
2018HU0582258,5,5,59303,3,10_19,f,not.hisp.latino,two.,160
2018HU1309053,5,2,59301,3,40_49,f,not.hisp.latino,black.aa,57
2018HU0421893,5,3,59307,3,40_49,f,not.hisp.latino,white,67
2018HU1098701,5,5,59307,3,0_9,f,not.hisp.latino,white,79
2018HU0416951,5,2,59306,3,60_69,f,not.hisp.latino,black.aa,8
2018HU0352839,5,2,59305,3,60_69,f,not.hisp.latino,white,19
2018HU0480308,5,5,59301,3,0_9,f,not.hisp.latino,white,59
2018HU0058453,5,4,59302,3,0_9,m,not.hisp.latino,white,44
2018HU1265994,5,2,59309,3,20_29,f,not.hisp.latino,asian,98
2018HU1020391,5,2,59303,3,70_79,f,not.hisp.latino,white,62
2018HU0561376,5,3,59309,3,20_29,f,not.hisp.latino,white,256
2018HU0710904,5,1,59304,3,50_59,f,not.hisp.latino,white,55
2018HU1066704,5,4,59303,3,0_9,f,not.hisp.latino,white,100
2018HU0981976,5,1,59303,3,70_79,f,not.hisp.latino,white,287
2018HU0555426,5,3,59309,3,0_9,m,not.hisp.latino,black.aa,33
2018HU0572864,5,2,59301,3,10_19,m,hisp.latino,white,454
2018HU1188954,5,2,59302,3,20_29,f,not.hisp.latino,white,26
2018HU0341464,5,1,59301,3,70_79,f,not.hisp.latino,white,43
2018HU0352943,5,3,59305,3,0_9,f,not.hisp.latino,white,70
2018HU0198433,5,3,59303,3,20_29,f,not.hisp.latino,white,119
2018HU0769313,5,2,59307,3,50_59,f,not.hisp.latino,white,60
2018HU0546168,5,4,59303,3,10_19,m,not.hisp.latino,white,17
2018HU0014414,5,4,59308,3,10_19,f,not.hisp.latino,white,87
2018HU0922243,5,1,59307,3,40_49,m,not.hisp.latino,asian,162
2018HU0014000,5,4,59309,3,10_19,f,not.hisp.latino,asian,124
2018HU0475440,5,2,59305,3,30_39,m,not.hisp.latino,white,114
2018HU0273163,5,2,59305,3,30_39,m,not.hisp.latino,white,42
2018HU0327636,5,1,59301,3,60_69,f,not.hisp.latino,black.aa,17
2018HU1237020,5,1,59309,3,40_49,f,not.hisp.latino,white,44
2018GQ0088804,5,1,59303,3,10_19,f,not.hisp.latino,white,46
2018HU1285206,5,1,59306,3,50_59,f,not.hisp.latino,white,52
2018HU0601358,5,2,59308,3,40_49,f,not.hisp.latino,asian,103
2018HU0777297,5,1,59306,3,60_69,f,not.hisp.latino,white,53
2018HU1025307,5,2,59309,3,50_59,f,not.hisp.latino,white,25
2018HU0176907,5,2,59305,3,30_39,f,not.hisp.latino,white,155
2018HU0200118,5,2,59305,3,30_39,f,not.hisp.latino,white,252
2018HU0452080,5,4,59306,3,0_9,f,not.hisp.latino,asian,122
2018HU1115424,5,1,59307,3,70_79,f,hisp.latino,white,35
2018HU0055252,5,2,59305,3,40_49,f,not.hisp.latino,white,63
2018HU1062679,5,3,59302,3,20_29,m,hisp.latino,white,29
2018HU0097760,5,3,59302,3,70_79,f,not.hisp.latino,white,82
2018HU1083115,5,1,59301,3,70_79,m,not.hisp.latino,white,65
2018HU0274889,5,2,59301,3,30_39,f,not.hisp.latino,asian,65
2018HU0287011,5,3,59308,3,10_19,f,not.hisp.latino,black.aa,221
2018HU0695440,5,3,59301,3,10_19,f,not.hisp.latino,white,54
2018HU0438654,5,1,59303,3,60_69,f,not.hisp.latino,white,123
2018GQ0057079,5,1,59303,3,20_29,f,not.hisp.latino,white,4
2018HU0943839,5,1,59301,3,60_69,f,not.hisp.latino,white,51
2018HU0169230,5,2,59305,3,50_59,f,not.hisp.latino,white,31
2018HU0225687,5,2,59303,3,60_69,f,not.hisp.latino,white,65
2018HU0423670,5,2,59305,3,40_49,f,not.hisp.latino,white,56
2018HU0582041,5,3,59302,3,30_39,f,not.hisp.latino,white,33
2018HU1119524,5,2,59307,3,60_69,f,not.hisp.latino,white,84
2018HU0868523,5,3,59304,3,10_19,m,not.hisp.latino,white,123
2018HU0023827,5,3,59305,3,0_9,m,not.hisp.latino,asian,42
2018HU1213136,5,1,59303,3,70_79,m,not.hisp.latino,white,103
2018HU0733692,5,2,59302,3,70_79,f,not.hisp.latino,white,113
2018HU1336899,5,2,59301,3,10_19,f,not.hisp.latino,white,267
2018HU0923596,5,2,59308,3,70_79,f,not.hisp.latino,asian,14
2018HU1207251,5,2,59301,3,70_79,f,not.hisp.latino,white,52
2018HU0389454,5,4,59309,3,0_9,f,not.hisp.latino,white,200
2018HU0614645,5,1,59304,3,60_69,f,not.hisp.latino,white,40
2018HU0048927,5,2,59303,3,50_59,f,not.hisp.latino,asian,41
2018HU1097592,5,5,59307,3,0_9,f,not.hisp.latino,white,82
2018HU0158145,5,2,59306,3,20_29,m,not.hisp.latino,black.aa,303
2018HU0145211,5,4,59308,3,10_19,f,not.hisp.latino,white,57
2018HU0385886,5,2,59308,3,20_29,m,hisp.latino,white,212
2018HU0850617,5,2,59309,3,60_69,f,not.hisp.latino,white,56
2018HU0328922,5,1,59304,3,50_59,f,hisp.latino,white,87
2018HU0493419,5,4,59304,3,0_9,f,not.hisp.latino,white,44
2018HU0397301,5,1,59301,3,30_39,m,hisp.latino,white,64
2018HU0063393,5,1,59308,3,60_69,f,not.hisp.latino,white,109
2018HU1393699,5,2,59302,3,50_59,f,hisp.latino,white,97
2018HU0373082,5,2,59306,3,50_59,f,not.hisp.latino,white,65
2018HU0988765,5,1,59304,3,30_39,f,not.hisp.latino,white,16
2018HU0172287,5,1,59306,3,50_59,f,not.hisp.latino,white,83
2018HU0526750,5,1,59308,3,50_59,f,not.hisp.latino,white,24
2018HU1223164,5,2,59301,3,70_79,f,not.hisp.latino,asian,90
2018HU0189153,5,3,59303,3,0_9,f,not.hisp.latino,white,109
2018HU0219394,5,1,59305,3,20_29,f,not.hisp.latino,white,62
2018HU0236941,5,5,59301,3,0_9,f,not.hisp.latino,asian,177
2018HU1141097,5,1,59307,3,50_59,m,hisp.latino,white,123
2018HU0021232,5,1,59306,3,30_39,m,not.hisp.latino,black.aa,15
2018HU0184885,5,4,59309,3,30_39,m,not.hisp.latino,white,90
2018HU0251037,5,1,59302,3,50_59,m,not.hisp.latino,white,216
2018HU0714908,5,1,59309,3,30_39,f,not.hisp.latino,white,58
2018HU0484505,5,4,59305,3,0_9,f,hisp.latino,white,125
2018HU0732904,5,2,59305,3,60_69,f,not.hisp.latino,white,83
2018HU1038777,5,2,59302,3,30_39,f,hisp.latino,white,72
2018HU0798962,5,1,59306,3,60_69,m,not.hisp.latino,white,73
2018HU0225687,5,1,59303,3,60_69,m,not.hisp.latino,white,81
2018HU0443372,5,4,59303,3,0_9,m,hisp.latino,white,21
2018GQ0125223,5,1,59303,3,10_19,m,not.hisp.latino,white,2
2018HU0983027,5,1,59302,3,40_49,m,not.hisp.latino,white,69
2018HU0034090,5,4,59304,3,0_9,m,not.hisp.latino,white,47
2018HU0962703,5,2,59306,3,40_49,f,not.hisp.latino,white,62
2018HU0380030,5,2,59308,3,10_19,f,not.hisp.latino,two.,167
2018GQ0088676,5,1,59308,3,50_59,f,not.hisp.latino,white,16
2018HU0888534,5,1,59303,3,60_69,f,hisp.latino,white,35
2018HU0514847,5,4,59302,3,30_39,f,not.hisp.latino,black.aa,83
2018HU0575771,5,2,59303,3,60_69,m,hisp.latino,white,49
2018HU0122774,5,1,59305,3,40_49,f,not.hisp.latino,asian,61
2018HU0768833,5,1,59303,3,70_79,f,not.hisp.latino,asian,10
2018HU0761950,5,3,59302,3,0_9,m,not.hisp.latino,white,122
2018HU0724028,5,2,59303,3,70_79,m,not.hisp.latino,asian,34
2018HU0622152,5,1,59307,3,50_59,f,not.hisp.latino,white,14
2018HU0669151,5,3,59308,3,20_29,f,not.hisp.latino,two.,396
2018HU0283512,5,2,59303,3,60_69,f,not.hisp.latino,asian,71
2018HU1180048,5,2,59307,3,60_69,f,not.hisp.latino,asian,56
2018HU0218052,5,2,59307,3,30_39,f,not.hisp.latino,white,56
2018HU0351984,5,2,59306,3,70_79,f,not.hisp.latino,white,97
2018HU0685027,5,2,59304,3,50_59,f,not.hisp.latino,white,27
2018HU0414040,5,1,59301,3,70_79,f,not.hisp.latino,white,191
2018HU0809899,5,3,59301,3,20_29,m,not.hisp.latino,asian,42
2018HU0698256,5,4,59304,3,60_69,f,not.hisp.latino,asian,199
2018HU0653079,5,2,59301,3,40_49,f,not.hisp.latino,black.aa,564
2018HU0366866,5,3,59303,3,0_9,f,not.hisp.latino,asian,133
2018HU0955203,5,2,59302,3,20_29,f,not.hisp.latino,white,101
2018HU0955823,5,2,59303,3,30_39,f,not.hisp.latino,asian,36
2018HU0364866,5,1,59309,3,20_29,m,not.hisp.latino,white,88
2018HU1242818,5,2,59305,3,30_39,f,not.hisp.latino,white,34
2018HU0191375,5,1,59305,3,60_69,m,not.hisp.latino,white,38
2018HU1052629,5,3,59306,3,0_9,f,not.hisp.latino,white,79
2018HU1114472,5,1,59309,3,30_39,m,not.hisp.latino,white,31
2018HU0167157,5,3,59303,3,10_19,f,hisp.latino,white,145
2018GQ0087332,5,1,59301,3,70_79,m,not.hisp.latino,white,39
2018HU0673348,5,2,59303,3,60_69,f,not.hisp.latino,white,68
2018HU1319987,5,2,59306,3,30_39,f,not.hisp.latino,black.aa,53
2018HU0803307,5,2,59301,3,50_59,f,not.hisp.latino,white,9
2018HU0837764,5,1,59303,3,40_49,f,hisp.latino,other,16
2018HU0601837,5,2,59307,3,30_39,m,not.hisp.latino,white,71
2018HU0783664,5,4,59307,3,10_19,f,not.hisp.latino,white,82
2018HU0779055,5,3,59304,3,0_9,f,not.hisp.latino,asian,123
2018HU0443372,5,2,59303,3,40_49,f,not.hisp.latino,white,18
2018HU0144029,5,3,59303,3,0_9,f,hisp.latino,white,19
2018HU1365675,5,1,59307,3,50_59,f,not.hisp.latino,white,217
2018HU0130525,5,1,59302,3,50_59,f,not.hisp.latino,black.aa,34
2018HU0693424,5,5,59303,3,0_9,f,hisp.latino,white,36
2018HU0893185,5,1,59306,3,50_59,f,not.hisp.latino,white,58
2018HU0708512,5,1,59308,3,30_39,f,not.hisp.latino,black.aa,141
2018HU1173868,5,2,59307,3,40_49,f,not.hisp.latino,asian,59
2018HU1003539,5,1,59305,3,30_39,f,not.hisp.latino,black.aa,40
2018HU1252853,5,1,59306,3,30_39,f,not.hisp.latino,white,57
2018GQ0056617,5,1,59303,3,10_19,f,not.hisp.latino,white,76
2018HU0249257,5,3,59307,3,0_9,f,not.hisp.latino,white,104
2018HU0754944,5,3,59301,3,10_19,m,hisp.latino,other,68
2018HU1013516,5,3,59302,3,0_9,m,not.hisp.latino,black.aa,75
2018HU0211038,5,1,59301,3,60_69,f,not.hisp.latino,asian,304
2018HU0829809,5,4,59306,3,20_29,m,not.hisp.latino,white,24
2018HU0325877,5,3,59303,3,10_19,f,not.hisp.latino,asian,61
2018HU1349942,5,2,59303,3,30_39,f,not.hisp.latino,white,174
2018HU1310482,5,2,59306,3,60_69,f,hisp.latino,two.,61
2018HU0926619,5,4,59305,3,10_19,m,not.hisp.latino,white,17
2018HU0034881,5,2,59302,3,30_39,f,not.hisp.latino,white,33
2018HU0320374,5,4,59303,3,10_19,m,not.hisp.latino,white,51
2018HU0151871,5,1,59302,3,50_59,f,not.hisp.latino,asian,20
2018HU0082549,5,4,59308,3,10_19,f,not.hisp.latino,white,55
2018HU0616110,5,2,59303,3,40_49,f,not.hisp.latino,asian,199
2018HU0657217,5,2,59307,3,40_49,m,not.hisp.latino,black.aa,222
2018HU0944832,5,2,59302,3,40_49,m,not.hisp.latino,white,74
2018HU0018795,5,1,59302,3,30_39,m,not.hisp.latino,black.aa,84
2018HU0897687,5,2,59302,3,50_59,f,not.hisp.latino,asian,171
2018HU1162792,5,3,59301,3,0_9,m,hisp.latino,other,161
2018HU0395712,5,2,59308,3,50_59,f,not.hisp.latino,white,78
2018HU0888175,5,1,59301,3,30_39,f,not.hisp.latino,white,71
2018HU1033699,5,2,59304,3,50_59,f,not.hisp.latino,white,115
2018HU0899622,5,3,59304,3,80_89,f,not.hisp.latino,asian,188
2018HU0587268,5,2,59306,3,20_29,f,not.hisp.latino,asian,34
2018HU1339122,5,1,59308,3,40_49,f,hisp.latino,white,131
2018HU1268641,5,1,59309,3,50_59,m,not.hisp.latino,white,63
2018HU0269591,5,2,59303,3,40_49,f,not.hisp.latino,white,16
2018HU0544009,5,1,59305,3,50_59,f,not.hisp.latino,white,56
2018HU1190961,5,2,59304,3,30_39,f,not.hisp.latino,black.aa,166
2018HU0985970,5,3,59305,3,10_19,m,hisp.latino,white,85
2018HU0987519,5,2,59307,3,50_59,f,not.hisp.latino,black.aa,154
2018HU0917191,5,1,59304,3,60_69,f,not.hisp.latino,white,120
2018HU0835624,5,3,59308,3,20_29,f,not.hisp.latino,asian,169
2018HU1068747,5,2,59304,3,50_59,f,not.hisp.latino,white,68
2018HU0716138,5,4,59304,3,30_39,m,not.hisp.latino,white,191
2018HU1258448,5,1,59307,3,60_69,m,not.hisp.latino,asian,195
2018HU0199909,5,2,59304,3,60_69,f,not.hisp.latino,white,59
2018HU0035251,5,2,59305,3,50_59,f,not.hisp.latino,white,57
2018HU1191947,5,1,59309,3,40_49,f,hisp.latino,white,148
2018HU0033912,5,2,59302,3,70_79,f,not.hisp.latino,white,79
2018HU0770831,5,4,59309,3,10_19,f,not.hisp.latino,asian,188
2018HU0297213,5,2,59302,3,50_59,f,not.hisp.latino,white,65
2018HU0975658,5,2,59307,3,40_49,f,not.hisp.latino,white,64
2018GQ0013753,5,1,59303,3,20_29,m,not.hisp.latino,white,9
2018HU1263643,5,2,59304,3,60_69,m,hisp.latino,white,99
2018HU1391605,5,2,59304,3,60_69,f,not.hisp.latino,white,61
2018HU0845987,5,5,59306,3,40_49,m,hisp.latino,white,218
2018HU0158668,5,1,59308,3,50_59,m,not.hisp.latino,white,64
2018HU0974893,5,1,59304,3,20_29,f,not.hisp.latino,black.aa,20
2018HU0694288,5,6,59308,3,0_9,m,not.hisp.latino,white,164
2018HU1170293,5,1,59309,3,30_39,f,not.hisp.latino,white,59
2018HU1054568,5,4,59307,3,0_9,f,not.hisp.latino,white,53
2018HU1210094,5,4,59305,3,10_19,m,hisp.latino,white,21
2018HU0743349,5,3,59306,3,0_9,f,not.hisp.latino,white,87
2018HU0977003,5,3,59308,3,20_29,m,not.hisp.latino,asian,62
2018HU1191548,5,1,59303,3,80_89,f,not.hisp.latino,white,133
2018HU0685777,5,1,59302,3,40_49,f,not.hisp.latino,black.aa,182
2018HU0722575,5,1,59306,3,60_69,m,not.hisp.latino,asian,180
2018HU1097542,5,1,59305,3,40_49,f,not.hisp.latino,white,95
2018HU0393266,5,1,59306,3,60_69,f,not.hisp.latino,white,89
2018HU0421994,5,2,59309,3,40_49,f,not.hisp.latino,asian,93
2018HU0796996,5,2,59305,3,40_49,f,not.hisp.latino,white,105
2018HU0192638,5,1,59303,3,40_49,f,not.hisp.latino,white,353
2018HU0814989,5,1,59306,3,50_59,f,not.hisp.latino,white,91
2018HU0863561,5,2,59303,3,70_79,f,not.hisp.latino,white,54
2018HU1386976,5,1,59301,3,30_39,m,hisp.latino,other,215
2018HU0365999,5,2,59306,3,20_29,f,not.hisp.latino,black.aa,210
2018HU1198941,5,2,59306,3,60_69,m,not.hisp.latino,white,55
2018HU0648418,5,2,59301,3,40_49,f,not.hisp.latino,white,19
2018HU0761950,5,3,59302,3,0_9,m,not.hisp.latino,white,122
2018HU0809512,5,3,59309,3,20_29,f,not.hisp.latino,white,47
2018HU1216597,5,3,59306,3,0_9,m,not.hisp.latino,white,77
2018HU0665588,5,1,59306,3,60_69,m,not.hisp.latino,white,10
2018HU0549074,5,2,59306,3,60_69,f,not.hisp.latino,white,10
2018HU1326893,5,1,59306,3,30_39,f,not.hisp.latino,white,9
2018HU1311479,5,1,59303,3,40_49,f,not.hisp.latino,white,47
2018HU1075547,5,3,59306,3,10_19,f,hisp.latino,white,126
2018HU0833131,5,2,59302,3,10_19,m,hisp.latino,other,49
2018HU0875531,5,1,59301,3,50_59,f,not.hisp.latino,white,199
2018HU0163552,5,1,59301,3,70_79,f,not.hisp.latino,black.aa,103
2018HU0606603,5,3,59308,3,20_29,f,not.hisp.latino,white,128
2018HU0550865,5,3,59305,3,10_19,f,not.hisp.latino,white,22
2018HU0308943,5,2,59305,3,30_39,m,not.hisp.latino,white,300
2018HU0354436,5,3,59301,3,20_29,m,not.hisp.latino,black.aa,172
2018HU0677914,5,2,59303,3,60_69,f,not.hisp.latino,white,20
2018HU0368682,5,2,59307,3,60_69,f,not.hisp.latino,white,42
2018HU0517266,5,1,59307,3,50_59,m,not.hisp.latino,white,178
2018HU1029747,5,1,59305,3,60_69,f,not.hisp.latino,white,148
2018HU0413481,5,2,59304,3,10_19,m,hisp.latino,other,270
2018HU1200161,5,1,59302,3,50_59,m,not.hisp.latino,white,98
2018HU0714908,5,1,59309,3,30_39,f,not.hisp.latino,white,58
2018HU0380030,5,1,59308,3,40_49,f,not.hisp.latino,asian,113
2018HU1251799,5,2,59302,3,40_49,m,hisp.latino,white,57
2018HU0768170,5,3,59306,3,10_19,f,not.hisp.latino,other,30
2018HU0302934,5,2,59301,3,60_69,m,not.hisp.latino,white,415
2018HU0958580,5,2,59302,3,80_89,m,not.hisp.latino,white,50
2018HU0418908,5,2,59308,3,30_39,f,not.hisp.latino,white,47
2018HU1241718,5,3,59304,3,0_9,m,not.hisp.latino,white,63
2018HU1156245,5,1,59302,3,70_79,f,not.hisp.latino,white,20
2018HU0307507,5,3,59303,3,0_9,f,hisp.latino,white,211
2018HU0219933,5,4,59305,3,10_19,m,not.hisp.latino,white,18
2018HU0921756,5,5,59302,3,10_19,m,not.hisp.latino,white,113
2018HU0589394,5,1,59303,3,40_49,m,not.hisp.latino,white,97
2018HU0924994,5,1,59308,3,50_59,m,not.hisp.latino,asian,138
2018HU0546168,5,3,59303,3,10_19,m,not.hisp.latino,white,17
2018HU1347065,5,3,59304,3,10_19,m,not.hisp.latino,white,12
2018HU0753652,5,3,59305,3,50_59,f,not.hisp.latino,white,50
2018HU0854458,5,3,59308,3,10_19,m,hisp.latino,white,132
2018HU0606603,5,2,59308,3,50_59,f,not.hisp.latino,white,82
2018HU0997905,5,1,59305,3,60_69,m,not.hisp.latino,white,70
2018HU0483785,5,1,59305,3,50_59,f,not.hisp.latino,white,25
2018HU0109710,5,2,59306,3,70_79,f,not.hisp.latino,white,16
2018HU1071949,5,1,59305,3,30_39,f,not.hisp.latino,asian,111
2018HU0523418,5,1,59309,3,50_59,f,not.hisp.latino,black.aa,185
2018HU0302934,5,2,59301,3,60_69,m,not.hisp.latino,white,415
2018HU1139782,5,2,59307,3,50_59,f,not.hisp.latino,white,148
2018HU0342475,5,1,59309,3,60_69,m,not.hisp.latino,white,143
2018HU0374001,5,1,59309,3,60_69,m,not.hisp.latino,black.aa,105
2018GQ0072103,5,1,59303,3,10_19,f,not.hisp.latino,white,79
2018HU0377448,5,1,59308,3,60_69,f,not.hisp.latino,asian,128
2018HU0260599,5,1,59303,3,70_79,m,not.hisp.latino,white,67
2018HU0660409,5,1,59307,3,30_39,f,hisp.latino,white,136
2018HU1190708,5,2,59304,3,60_69,f,not.hisp.latino,white,35
2018HU0566030,5,4,59305,3,0_9,f,not.hisp.latino,white,23
2018HU0423601,5,2,59304,3,20_29,f,not.hisp.latino,white,42
2018HU0755241,5,3,59309,3,10_19,f,not.hisp.latino,white,81
2018HU1117441,5,2,59301,3,20_29,f,not.hisp.latino,white,44
2018HU0960198,5,2,59309,3,50_59,f,not.hisp.latino,white,163
2018HU0962689,5,3,59303,3,0_9,m,not.hisp.latino,white,82
2018HU0368178,5,1,59308,3,50_59,f,not.hisp.latino,asian,78
2018HU0983027,5,3,59302,3,10_19,f,not.hisp.latino,white,66
2018HU1239480,5,2,59308,3,60_69,m,not.hisp.latino,white,23
2018HU0589827,5,1,59305,3,70_79,m,not.hisp.latino,white,33
2018HU0366962,5,1,59303,3,40_49,f,not.hisp.latino,asian,78
2018HU1106058,5,2,59307,3,60_69,f,not.hisp.latino,white,164
2018HU1270800,5,3,59304,3,0_9,m,not.hisp.latino,white,61
2018HU1008651,5,1,59307,3,40_49,f,not.hisp.latino,white,121
2018HU0691880,5,2,59301,3,60_69,f,not.hisp.latino,white,61
2018HU0610492,5,1,59308,3,40_49,m,not.hisp.latino,white,103
2018HU1196701,5,4,59308,3,0_9,m,not.hisp.latino,white,33
2018HU0111973,5,1,59305,3,70_79,m,not.hisp.latino,white,63
2018HU0348422,5,2,59301,3,40_49,f,hisp.latino,white,78
2018HU1190325,5,1,59309,3,60_69,m,not.hisp.latino,white,63
2018HU0995296,5,3,59308,3,10_19,f,not.hisp.latino,white,82
2018HU0349071,5,1,59306,3,60_69,f,not.hisp.latino,white,51
2018HU1037247,5,3,59301,3,10_19,f,hisp.latino,other,100
2018HU0022320,5,2,59302,3,70_79,f,not.hisp.latino,white,57
2018HU0026890,5,2,59301,3,50_59,f,not.hisp.latino,asian,76
2018HU0266494,5,1,59306,3,30_39,m,not.hisp.latino,white,72
2018HU0601358,5,1,59308,3,40_49,f,not.hisp.latino,asian,103
2018HU0314687,5,4,59303,3,50_59,f,not.hisp.latino,white,76
2018HU0657217,5,1,59307,3,40_49,f,not.hisp.latino,black.aa,204
2018HU1181185,5,1,59303,3,20_29,m,not.hisp.latino,asian,30
2018HU1345961,5,1,59302,3,70_79,m,not.hisp.latino,white,97
2018HU1013516,5,1,59302,3,20_29,f,not.hisp.latino,black.aa,149
2018HU0400155,5,3,59309,3,10_19,m,not.hisp.latino,asian,476
2018HU0487480,5,2,59303,3,60_69,m,not.hisp.latino,white,63
2018HU0949747,5,5,59307,3,10_19,m,not.hisp.latino,two.,25
2018HU0432952,5,3,59302,3,10_19,f,not.hisp.latino,white,56
2018HU1085389,5,2,59308,3,60_69,f,not.hisp.latino,white,151
2018HU0601358,5,3,59308,3,10_19,m,not.hisp.latino,asian,56
2018HU0251037,5,3,59302,3,20_29,f,not.hisp.latino,white,223
2018HU0631984,5,2,59308,3,40_49,f,not.hisp.latino,white,135
2018HU0164956,5,1,59307,3,70_79,f,not.hisp.latino,white,158
2018HU1106292,5,1,59308,3,50_59,f,not.hisp.latino,white,54
2018HU1309210,5,7,59307,3,0_9,f,hisp.latino,other,65
2018HU0198542,5,3,59307,3,10_19,f,not.hisp.latino,asian,91
2018HU0811539,5,1,59307,3,60_69,f,not.hisp.latino,black.aa,175
2018HU0347656,5,6,59301,3,0_9,f,not.hisp.latino,white,106
2018HU0585201,5,1,59307,3,60_69,f,not.hisp.latino,white,255
2018HU0421626,5,2,59303,3,60_69,f,not.hisp.latino,white,62
2018HU0229784,5,2,59309,3,50_59,m,hisp.latino,white,169
2018HU1083115,5,2,59301,3,70_79,f,not.hisp.latino,white,58
2018HU1117441,5,1,59301,3,60_69,f,not.hisp.latino,white,34
2018HU0614055,5,2,59308,3,60_69,f,not.hisp.latino,white,18
2018HU0461303,5,3,59308,3,10_19,m,not.hisp.latino,white,61
2018HU0416345,5,1,59301,3,60_69,f,not.hisp.latino,white,12
2018HU0424497,5,4,59306,3,0_9,m,hisp.latino,white,167
2018HU0260902,5,1,59303,3,50_59,f,not.hisp.latino,white,45
2018HU1308683,5,1,59303,3,40_49,m,not.hisp.latino,white,85
2018HU0587354,5,2,59303,3,40_49,m,not.hisp.latino,white,50
2018HU0769313,5,3,59307,3,20_29,f,not.hisp.latino,white,65
2018HU0890523,5,1,59305,3,60_69,m,not.hisp.latino,white,53
2018HU1263261,5,1,59308,3,70_79,f,not.hisp.latino,white,22
2018HU1266708,5,2,59301,3,10_19,m,hisp.latino,white,15
2018HU1258846,5,2,59306,3,30_39,m,not.hisp.latino,white,54
2018HU0587354,5,4,59303,3,10_19,m,not.hisp.latino,white,49
2018HU0429127,5,2,59307,3,30_39,m,not.hisp.latino,white,111
2018HU1293566,5,4,59308,3,0_9,f,not.hisp.latino,asian,59
2018HU0644086,5,3,59306,3,10_19,f,not.hisp.latino,white,58
2018HU0335595,5,1,59302,3,20_29,f,not.hisp.latino,white,97
2018HU1193463,5,1,59303,3,50_59,m,not.hisp.latino,white,46
2018HU0540437,5,1,59304,3,50_59,m,not.hisp.latino,asian,163
2018HU0534890,5,1,59301,3,30_39,f,not.hisp.latino,white,160
2018HU0777920,5,1,59303,3,50_59,f,not.hisp.latino,asian,73
2018HU0311237,5,1,59309,3,50_59,m,hisp.latino,white,43
2018HU1292991,5,3,59303,3,20_29,m,not.hisp.latino,black.aa,113
2018HU0660836,5,3,59302,3,10_19,f,not.hisp.latino,white,113
2018HU0502999,5,1,59306,3,70_79,f,not.hisp.latino,white,30
2018HU1205888,5,2,59307,3,20_29,f,not.hisp.latino,asian,23
2018HU0689423,5,1,59308,3,50_59,m,not.hisp.latino,white,130
2018HU0270653,5,2,59307,3,70_79,f,not.hisp.latino,white,43
2018HU0783267,5,2,59308,3,60_69,f,not.hisp.latino,white,61
2018HU0273392,5,1,59305,3,60_69,f,not.hisp.latino,white,11
2018HU0055277,5,1,59301,3,20_29,f,not.hisp.latino,white,118
2018HU0804467,5,6,59305,3,20_29,m,not.hisp.latino,asian,492
2018HU0863561,5,1,59303,3,80_89,m,not.hisp.latino,white,48
2018HU0142867,5,1,59308,3,60_69,m,not.hisp.latino,white,78
2018HU0392429,5,2,59302,3,60_69,f,not.hisp.latino,white,44
2018HU0310069,5,1,59303,3,70_79,f,not.hisp.latino,white,178
2018HU1062906,5,3,59301,3,30_39,f,not.hisp.latino,white,101
2018HU0744859,5,2,59307,3,30_39,f,not.hisp.latino,white,12
2018HU0975178,5,3,59307,3,10_19,f,not.hisp.latino,white,95
2018HU0829211,5,1,59309,3,40_49,m,not.hisp.latino,white,132
2018HU0424518,5,3,59308,3,10_19,f,not.hisp.latino,asian,25
2018HU0695440,5,3,59301,3,10_19,f,not.hisp.latino,white,54
2018HU0812867,5,1,59302,3,30_39,m,not.hisp.latino,black.aa,81
2018HU0483405,5,1,59303,3,50_59,f,not.hisp.latino,white,158
2018HU0117747,5,1,59309,3,60_69,m,not.hisp.latino,white,55
2018HU0131006,5,3,59309,3,20_29,m,hisp.latino,white,56
2018HU0215899,5,3,59307,3,0_9,m,not.hisp.latino,white,58
2018HU0589394,5,3,59303,3,0_9,m,not.hisp.latino,white,93
2018HU0209164,5,3,59306,3,30_39,f,not.hisp.latino,black.aa,86
2018HU0816255,5,2,59301,3,40_49,f,hisp.latino,white,347
2018HU0845987,5,1,59306,3,40_49,f,hisp.latino,white,116
2018HU1108122,5,2,59307,3,60_69,f,not.hisp.latino,asian,70
2018HU0715065,5,2,59306,3,60_69,f,not.hisp.latino,white,14
2018HU0237825,5,1,59304,3,40_49,f,not.hisp.latino,white,12
2018HU0274274,5,3,59303,3,0_9,m,not.hisp.latino,white,78
2018HU0920705,5,3,59307,3,20_29,m,not.hisp.latino,white,106
2018HU0801968,5,2,59308,3,30_39,f,not.hisp.latino,asian,18
2018HU0899865,5,1,59302,3,30_39,m,hisp.latino,black.aa,195
2018HU0749588,5,4,59305,3,0_9,f,not.hisp.latino,white,17
2018GQ0056617,5,1,59303,3,10_19,f,not.hisp.latino,white,76
2018HU0527045,5,4,59303,3,10_19,f,not.hisp.latino,white,74
2018HU0195601,5,3,59308,3,0_9,m,not.hisp.latino,asian,33
2018HU0536611,5,1,59307,3,60_69,f,not.hisp.latino,white,27
2018HU0407570,5,2,59302,3,70_79,f,not.hisp.latino,white,67
2018HU0920400,5,3,59304,3,20_29,m,not.hisp.latino,white,179
2018HU0594243,5,1,59301,3,20_29,m,not.hisp.latino,white,88
2018HU0721057,5,1,59301,3,70_79,m,not.hisp.latino,asian,31
2018HU0111783,5,4,59306,3,0_9,f,not.hisp.latino,white,119
2018HU1167526,5,5,59301,3,0_9,f,hisp.latino,a.ind..nat.ak,399
2018HU1120683,5,2,59307,3,30_39,f,not.hisp.latino,asian,57
2018HU0983887,5,1,59302,3,60_69,m,not.hisp.latino,black.aa,17
2018HU0565938,5,1,59302,3,50_59,f,not.hisp.latino,white,62
2018HU0236941,5,1,59301,3,40_49,m,not.hisp.latino,asian,122
2018HU0102972,5,1,59301,3,20_29,f,not.hisp.latino,white,88
2018HU0562448,5,7,59307,3,30_39,m,hisp.latino,white,119
2018HU1303836,5,1,59305,3,50_59,m,not.hisp.latino,asian,70
2018HU0250840,5,5,59309,3,20_29,f,not.hisp.latino,white,59
2018HU0111486,5,3,59304,3,80_89,f,not.hisp.latino,asian,181
2018HU0493419,5,1,59304,3,40_49,m,not.hisp.latino,white,42
2018HU0422014,5,2,59303,3,40_49,m,not.hisp.latino,white,17
2018HU1011792,5,3,59305,3,30_39,m,not.hisp.latino,white,15
2018HU1237976,5,4,59304,3,0_9,m,not.hisp.latino,white,41
2018HU1137357,5,1,59307,3,30_39,m,not.hisp.latino,white,52
2018HU1163825,5,2,59301,3,40_49,m,not.hisp.latino,white,57
2018HU0309108,5,3,59303,3,10_19,f,not.hisp.latino,white,164
2018HU1231422,5,3,59302,3,10_19,f,not.hisp.latino,black.aa,86
2018HU0137839,5,1,59301,3,60_69,f,not.hisp.latino,white,88
2018HU0344945,5,1,59301,3,60_69,m,not.hisp.latino,asian,21
2018HU0898877,5,2,59301,3,0_9,m,not.hisp.latino,black.aa,180
2018HU0727924,5,2,59307,3,60_69,f,not.hisp.latino,white,74
2018HU0733386,5,1,59306,3,30_39,f,not.hisp.latino,white,108
2018HU1248074,5,2,59304,3,20_29,m,not.hisp.latino,two.,302
2018HU0483701,5,4,59306,3,30_39,f,not.hisp.latino,white,83
2018HU1233425,5,3,59302,3,0_9,f,not.hisp.latino,asian,16
2018HU0433375,5,1,59303,3,40_49,f,not.hisp.latino,white,21
2018HU1294894,5,1,59304,3,30_39,f,not.hisp.latino,white,58
2018HU1084756,5,2,59302,3,20_29,m,hisp.latino,white,127
2018HU0558670,5,2,59302,3,70_79,f,hisp.latino,white,880
2018HU0358915,5,4,59309,3,60_69,f,not.hisp.latino,asian,29
2018HU0017675,5,2,59302,3,30_39,f,not.hisp.latino,asian,166
2018HU0916313,5,2,59303,3,70_79,f,not.hisp.latino,white,114
2018HU1228028,5,3,59301,3,10_19,f,not.hisp.latino,black.aa,18
2018HU0144293,5,2,59301,3,30_39,f,hisp.latino,other,200
2018HU0167157,5,2,59303,3,50_59,f,hisp.latino,white,120
2018HU0312566,5,1,59304,3,50_59,f,not.hisp.latino,white,295
2018HU0071151,5,4,59308,3,0_9,f,not.hisp.latino,white,86
2018HU0107277,5,1,59308,3,60_69,f,not.hisp.latino,white,31
2018HU0173077,5,3,59309,3,10_19,m,not.hisp.latino,white,97
2018HU0066229,5,1,59302,3,20_29,f,not.hisp.latino,white,35
2018HU0364537,5,3,59305,3,0_9,f,not.hisp.latino,white,67
2018HU0140075,5,1,59308,3,40_49,m,not.hisp.latino,white,24
2018HU0179228,5,3,59303,3,20_29,f,not.hisp.latino,white,231
2018HU0300999,5,3,59303,3,20_29,f,not.hisp.latino,white,19
2018HU1191752,5,3,59306,3,0_9,f,not.hisp.latino,white,100
2018HU0087595,5,1,59309,3,60_69,f,not.hisp.latino,white,58
2018HU0530968,5,1,59305,3,30_39,m,not.hisp.latino,asian,82
2018HU0660276,5,4,59308,3,50_59,m,not.hisp.latino,asian,147
2018HU0151702,5,2,59301,3,20_29,m,not.hisp.latino,white,33
2018HU0612776,5,2,59307,3,50_59,m,not.hisp.latino,white,31
2018HU0310356,5,1,59302,3,60_69,f,not.hisp.latino,white,54
2018HU1246479,5,1,59302,3,70_79,m,not.hisp.latino,white,103
2018HU1114545,5,2,59308,3,10_19,f,not.hisp.latino,asian,85
2018HU0849907,5,2,59306,3,10_19,f,not.hisp.latino,black.aa,184
2018HU1377626,5,1,59303,3,20_29,f,not.hisp.latino,white,76
2018HU0588963,5,1,59309,3,20_29,m,not.hisp.latino,white,93
2018HU0134206,5,3,59305,3,0_9,f,not.hisp.latino,white,102
2018HU0308777,5,3,59307,3,10_19,f,not.hisp.latino,white,21
2018HU1072295,5,2,59302,3,80_89,f,not.hisp.latino,white,54
2018HU0024653,5,3,59309,3,0_9,m,not.hisp.latino,black.aa,500
2018HU1014747,5,2,59302,3,60_69,m,not.hisp.latino,white,19
2018HU0148164,5,4,59307,3,0_9,f,not.hisp.latino,white,37
2018HU0405590,5,2,59304,3,40_49,f,not.hisp.latino,asian,105
2018HU0043265,5,2,59306,3,20_29,f,not.hisp.latino,white,119
2018HU0969854,5,2,59309,3,50_59,m,not.hisp.latino,white,48
2018HU0722575,5,3,59306,3,50_59,f,not.hisp.latino,asian,270
2018HU0248387,5,1,59302,3,60_69,m,not.hisp.latino,asian,35
2018HU1142799,5,1,59302,3,60_69,m,not.hisp.latino,white,101
2018HU0570841,5,1,59308,3,70_79,f,not.hisp.latino,white,88
2018HU0415987,5,2,59304,3,70_79,f,not.hisp.latino,white,11
2018HU0968236,5,1,59307,3,40_49,f,not.hisp.latino,asian,20
2018HU0670030,5,3,59307,3,20_29,f,not.hisp.latino,white,97
2018HU0245350,5,3,59305,3,0_9,f,not.hisp.latino,white,61
2018HU0803683,5,2,59307,3,10_19,f,not.hisp.latino,white,80
2018HU0311436,5,2,59309,3,50_59,f,not.hisp.latino,white,199
2018HU0799379,5,1,59301,3,70_79,f,not.hisp.latino,asian,53
2018HU0917245,5,1,59301,3,30_39,m,not.hisp.latino,white,93
2018HU0203472,5,1,59301,3,40_49,m,not.hisp.latino,white,57
2018HU0131006,5,1,59309,3,30_39,m,hisp.latino,white,94
2018HU0238465,5,1,59307,3,80_89,f,not.hisp.latino,white,61
2018HU0837500,5,1,59304,3,30_39,m,not.hisp.latino,white,102
2018HU0215416,5,1,59308,3,50_59,f,not.hisp.latino,white,86
2018HU0239992,5,1,59305,3,50_59,m,not.hisp.latino,white,38
2018HU0210876,5,1,59301,3,80_89,f,not.hisp.latino,white,9
2018HU0375454,5,3,59309,3,10_19,f,not.hisp.latino,asian,137
2018HU0498307,5,1,59302,3,40_49,f,not.hisp.latino,white,41
2018HU0972882,5,1,59301,3,80_89,f,not.hisp.latino,white,76
2018HU0499250,5,2,59305,3,50_59,f,not.hisp.latino,white,52
2018HU0464188,5,1,59301,3,50_59,f,not.hisp.latino,white,21
2018HU1062540,5,1,59303,3,40_49,f,not.hisp.latino,asian,21
2018HU0950441,5,2,59305,3,30_39,f,not.hisp.latino,white,179
2018HU1371537,5,1,59307,3,60_69,f,not.hisp.latino,white,264
2018HU0706106,5,2,59307,3,50_59,f,not.hisp.latino,white,113
2018HU0022902,5,1,59303,3,60_69,m,not.hisp.latino,white,92
2018HU1180048,5,2,59307,3,60_69,f,not.hisp.latino,asian,56
2018HU0144293,5,2,59301,3,30_39,f,hisp.latino,other,200
2018HU0021188,5,4,59302,3,10_19,f,not.hisp.latino,white,63
2018HU1196701,5,3,59308,3,0_9,f,not.hisp.latino,white,25
2018HU0444481,5,1,59305,3,50_59,f,not.hisp.latino,white,47
2018HU0382091,5,1,59301,3,60_69,f,not.hisp.latino,white,65
2018HU1376970,5,4,59307,3,20_29,f,not.hisp.latino,white,24
2018HU0373940,5,1,59309,3,40_49,m,not.hisp.latino,asian,16
2018HU0324026,5,1,59303,3,30_39,f,not.hisp.latino,white,93
2018HU0873906,5,3,59304,3,0_9,f,hisp.latino,black.aa,210
2018HU0278022,5,2,59306,3,50_59,f,not.hisp.latino,asian,124
2018HU0740361,5,2,59303,3,70_79,m,not.hisp.latino,asian,33
2018HU0421626,5,2,59303,3,60_69,f,not.hisp.latino,white,62
2018HU0202826,5,1,59304,3,40_49,f,not.hisp.latino,white,13
2018HU1320215,5,6,59301,3,30_39,m,not.hisp.latino,asian,269
2018HU0990948,5,1,59303,3,20_29,f,not.hisp.latino,white,78
2018HU0695411,5,8,59302,3,60_69,f,not.hisp.latino,white,129
2018HU0709298,5,2,59304,3,60_69,m,not.hisp.latino,white,9
2018HU0980525,5,3,59306,3,10_19,f,hisp.latino,white,37
2018HU0918779,5,5,59307,3,0_9,f,not.hisp.latino,asian,153
2018HU0596075,5,1,59307,3,30_39,m,not.hisp.latino,asian,111
2018HU0589950,5,2,59305,3,20_29,f,not.hisp.latino,black.aa,121
2018HU0755582,5,2,59302,3,60_69,f,not.hisp.latino,white,47
2018HU0587354,5,5,59303,3,10_19,f,not.hisp.latino,white,47
2018HU0145042,5,2,59305,3,60_69,m,not.hisp.latino,asian,236
2018HU1127344,5,1,59301,3,60_69,m,not.hisp.latino,white,18
2018HU0820617,5,2,59302,3,10_19,m,not.hisp.latino,white,58
2018GQ0034100,5,1,59305,3,50_59,m,not.hisp.latino,white,11
2018HU1161859,5,4,59309,3,0_9,f,not.hisp.latino,white,143
2018HU0043265,5,3,59306,3,10_19,m,not.hisp.latino,white,128
2018HU1290474,5,1,59309,3,20_29,f,not.hisp.latino,white,179
2018HU0858853,5,1,59301,3,20_29,f,not.hisp.latino,white,28
2018HU0420948,5,1,59303,3,60_69,f,not.hisp.latino,white,19
2018HU0970226,5,3,59306,3,80_89,f,not.hisp.latino,white,122
2018HU0175859,5,5,59306,3,0_9,m,not.hisp.latino,white,12
2018HU0845987,5,4,59306,3,10_19,f,hisp.latino,white,204
2018HU0985970,5,2,59305,3,50_59,m,hisp.latino,white,155
2018HU0659967,5,2,59303,3,40_49,f,not.hisp.latino,asian,33
2018HU0626970,5,2,59301,3,40_49,f,not.hisp.latino,asian,60
2018HU1191947,5,1,59309,3,40_49,f,hisp.latino,white,148
2018HU1112572,5,3,59306,3,10_19,f,not.hisp.latino,asian,413
2018HU0117226,5,1,59303,3,40_49,m,hisp.latino,white,31
2018HU1211127,5,1,59303,3,20_29,f,not.hisp.latino,white,54
2018HU0958580,5,1,59302,3,80_89,f,not.hisp.latino,white,59
2018HU0752227,5,2,59308,3,50_59,m,not.hisp.latino,white,67
2018HU1013516,5,2,59302,3,10_19,f,not.hisp.latino,black.aa,89
2018HU1170132,5,3,59302,3,10_19,f,not.hisp.latino,white,37
2018HU1072649,5,4,59309,3,0_9,f,hisp.latino,white,23
2018HU1251076,5,1,59307,3,50_59,m,not.hisp.latino,white,117
2018HU0484576,5,3,59301,3,20_29,f,hisp.latino,white,143
2018HU1263643,5,2,59304,3,60_69,m,hisp.latino,white,99
2018HU0525322,5,2,59305,3,30_39,m,not.hisp.latino,asian,199
2018HU1341523,5,1,59308,3,30_39,m,not.hisp.latino,asian,12
2018HU0202826,5,2,59304,3,50_59,m,not.hisp.latino,white,15
2018HU0063760,5,2,59303,3,60_69,f,not.hisp.latino,white,20
2018HU0807924,5,3,59302,3,0_9,f,not.hisp.latino,white,61
2018HU1362974,5,2,59307,3,40_49,f,not.hisp.latino,asian,76
2018HU0320276,5,1,59308,3,20_29,m,not.hisp.latino,white,171
2018HU0750435,5,1,59301,3,50_59,f,not.hisp.latino,white,65
2018HU0313285,5,2,59305,3,40_49,f,not.hisp.latino,asian,130
2018HU1023268,5,2,59303,3,60_69,f,not.hisp.latino,white,20
2018GQ0096939,5,1,59303,3,60_69,f,not.hisp.latino,black.aa,6
2018HU0883908,5,3,59305,3,10_19,f,not.hisp.latino,white,104
2018HU0565825,5,1,59306,3,30_39,m,not.hisp.latino,white,70
2018HU1042418,5,2,59305,3,50_59,f,not.hisp.latino,white,14
2018HU0966781,5,1,59309,3,60_69,m,not.hisp.latino,white,116
2018HU0783664,5,2,59307,3,40_49,m,not.hisp.latino,white,68
2018HU1213172,5,1,59304,3,40_49,f,not.hisp.latino,white,111
2018HU0191103,5,2,59309,3,50_59,m,not.hisp.latino,white,108
2018HU0723144,5,1,59305,3,40_49,f,not.hisp.latino,white,14
2018HU1259570,5,1,59302,3,50_59,f,not.hisp.latino,white,46
2018HU1066704,5,3,59303,3,0_9,f,not.hisp.latino,white,94
2018HU0654042,5,2,59303,3,70_79,f,not.hisp.latino,white,75
2018HU0102470,5,2,59304,3,50_59,f,hisp.latino,white,39
2018HU1072295,5,1,59302,3,80_89,m,not.hisp.latino,white,43
2018HU1195755,5,1,59305,3,60_69,f,not.hisp.latino,white,9
2018HU0716702,5,1,59308,3,70_79,f,hisp.latino,white,21
2018HU0972949,5,1,59308,3,20_29,m,not.hisp.latino,white,158
2018HU1240690,5,1,59305,3,80_89,f,not.hisp.latino,white,127
2018HU0350474,5,2,59304,3,0_9,m,not.hisp.latino,asian,104
2018HU0311436,5,2,59309,3,50_59,f,not.hisp.latino,white,199
2018HU0496242,5,1,59302,3,50_59,f,not.hisp.latino,white,85
2018HU0388727,5,1,59303,3,70_79,f,not.hisp.latino,white,74
2018HU0791829,5,1,59307,3,40_49,f,not.hisp.latino,white,20
2018HU0652813,5,3,59307,3,0_9,f,hisp.latino,white,144
2018HU0373940,5,2,59309,3,30_39,f,not.hisp.latino,asian,17
2018HU0987217,5,1,59303,3,60_69,f,not.hisp.latino,black.aa,24
2018HU0733692,5,2,59302,3,70_79,f,not.hisp.latino,white,113
2018HU1305726,5,2,59305,3,50_59,f,not.hisp.latino,white,14
2018HU1042490,5,2,59305,3,10_19,f,hisp.latino,white,63
2018HU1328190,5,3,59307,3,20_29,f,not.hisp.latino,white,125
2018HU0087595,5,1,59309,3,60_69,f,not.hisp.latino,white,58
2018HU0605466,5,1,59304,3,50_59,m,not.hisp.latino,white,32
2018GQ0055587,5,1,59302,3,40_49,m,not.hisp.latino,white,41
2018HU1386244,5,1,59307,3,60_69,f,not.hisp.latino,white,17
2018HU0815030,5,2,59304,3,40_49,f,not.hisp.latino,asian,63
2018HU0521711,5,2,59309,3,0_9,f,not.hisp.latino,white,17
2018HU1293744,5,3,59307,3,40_49,f,not.hisp.latino,white,151
2018HU1020098,5,3,59302,3,0_9,f,not.hisp.latino,white,18
2018HU0833609,5,2,59307,3,60_69,f,not.hisp.latino,asian,95
2018HU0744859,5,2,59307,3,30_39,f,not.hisp.latino,white,12
2018HU0328420,5,2,59303,3,70_79,m,not.hisp.latino,white,15
2018HU0614645,5,1,59304,3,60_69,f,not.hisp.latino,white,40
2018HU1202662,5,2,59304,3,50_59,f,not.hisp.latino,black.aa,153
2018HU0522489,5,2,59308,3,60_69,f,not.hisp.latino,white,11
2018HU0357346,5,4,59306,3,20_29,m,not.hisp.latino,white,82
2018HU1062825,5,2,59304,3,50_59,m,not.hisp.latino,asian,87
2018HU1156581,5,2,59307,3,20_29,f,hisp.latino,white,26
2018HU0702322,5,3,59305,3,20_29,f,not.hisp.latino,white,172
2018HU1280659,5,1,59308,3,40_49,f,not.hisp.latino,white,80
2018HU1152039,5,2,59301,3,50_59,m,not.hisp.latino,white,103
2018HU0990948,5,4,59303,3,20_29,f,not.hisp.latino,white,105
2018HU1091501,5,4,59303,3,0_9,m,not.hisp.latino,white,159
2018HU0007491,5,1,59306,3,50_59,f,not.hisp.latino,black.aa,73
2018HU1228224,5,1,59305,3,50_59,f,not.hisp.latino,asian,32
2018HU0233258,5,2,59301,3,20_29,f,not.hisp.latino,white,152
2018HU1144496,5,1,59305,3,40_49,m,not.hisp.latino,white,112
2018HU0700176,5,1,59307,3,40_49,f,not.hisp.latino,white,31
2018HU0226130,5,5,59303,3,50_59,m,not.hisp.latino,white,42
2018HU0732904,5,2,59305,3,60_69,f,not.hisp.latino,white,83
2018HU1036634,5,1,59301,3,30_39,f,not.hisp.latino,white,106
2018HU1326598,5,2,59306,3,40_49,f,not.hisp.latino,asian,20
2018HU0207057,5,2,59309,3,50_59,m,not.hisp.latino,white,105
2018HU0619233,5,2,59308,3,60_69,f,not.hisp.latino,white,38
2018HU0200118,5,2,59305,3,30_39,f,not.hisp.latino,white,252
2018HU0191103,5,7,59309,3,10_19,f,not.hisp.latino,white,123
2018HU1105060,5,1,59308,3,40_49,f,not.hisp.latino,white,188
2018HU0376636,5,2,59303,3,30_39,f,hisp.latino,white,10
2018HU0635276,5,2,59307,3,30_39,f,not.hisp.latino,two.,438
2018HU0044094,5,2,59308,3,60_69,f,not.hisp.latino,white,72
2018HU0021205,5,1,59301,3,60_69,f,not.hisp.latino,asian,38
2018HU0673348,5,2,59303,3,60_69,f,not.hisp.latino,white,68
2018HU1342831,5,1,59303,3,60_69,f,not.hisp.latino,white,41
2018HU0273400,5,3,59306,3,20_29,m,not.hisp.latino,white,108
2018HU0175859,5,4,59306,3,0_9,f,not.hisp.latino,white,9
2018HU0652531,5,2,59308,3,40_49,m,not.hisp.latino,white,12
2018HU0046015,5,1,59307,3,50_59,f,not.hisp.latino,white,20
2018HU0236941,5,1,59301,3,40_49,m,not.hisp.latino,asian,122
2018HU0158668,5,4,59308,3,10_19,f,not.hisp.latino,white,57
2018HU0822509,5,3,59305,3,10_19,f,not.hisp.latino,white,103
2018HU0639485,5,3,59306,3,20_29,m,not.hisp.latino,asian,94
2018HU0134946,5,1,59301,3,50_59,f,not.hisp.latino,white,61
2018HU0700391,5,3,59303,3,40_49,f,not.hisp.latino,white,149
2018HU0213082,5,2,59301,3,50_59,f,not.hisp.latino,white,32
2018HU0274836,5,3,59308,3,10_19,m,hisp.latino,white,44
2018HU0659328,5,1,59305,3,60_69,m,not.hisp.latino,white,18
2018HU1199969,5,2,59304,3,30_39,f,not.hisp.latino,white,71
2018HU0911122,5,1,59305,3,30_39,f,not.hisp.latino,white,63
2018HU1398556,5,1,59303,3,80_89,f,not.hisp.latino,white,72
2018HU1056583,5,2,59304,3,60_69,f,not.hisp.latino,white,94
2018HU0419667,5,5,59301,3,0_9,m,hisp.latino,white,84
2018HU0535118,5,1,59304,3,50_59,f,not.hisp.latino,white,76
2018HU0291867,5,3,59306,3,30_39,f,hisp.latino,other,80
2018HU0587654,5,6,59308,3,30_39,f,not.hisp.latino,asian,135
2018HU0165760,5,1,59302,3,40_49,f,not.hisp.latino,white,17
2018HU0125612,5,1,59305,3,60_69,m,not.hisp.latino,white,111
2018HU1206260,5,2,59308,3,30_39,m,not.hisp.latino,white,113
2018HU0505924,5,2,59308,3,10_19,m,not.hisp.latino,white,116
2018HU0672853,5,2,59303,3,70_79,f,not.hisp.latino,black.aa,60
2018HU1064562,5,2,59307,3,60_69,f,not.hisp.latino,white,256
2018HU1294894,5,3,59304,3,0_9,m,hisp.latino,white,86
2018HU0796996,5,1,59305,3,40_49,m,not.hisp.latino,white,115
2018HU0572864,5,1,59301,3,30_39,m,hisp.latino,white,331
2018HU0383546,5,4,59307,3,60_69,f,not.hisp.latino,two.,97
2018HU0273400,5,1,59306,3,50_59,f,not.hisp.latino,white,97
2018HU0202728,5,2,59301,3,60_69,f,not.hisp.latino,white,31
2018HU1280659,5,5,59308,3,0_9,f,not.hisp.latino,white,61
2018HU1307374,5,1,59305,3,40_49,f,not.hisp.latino,white,86
2018HU0187297,5,2,59304,3,50_59,f,not.hisp.latino,white,185
2018HU0185833,5,3,59301,3,40_49,f,hisp.latino,other,921
2018HU0835010,5,4,59305,3,10_19,m,hisp.latino,white,92
2018HU0497165,5,1,59309,3,30_39,m,not.hisp.latino,white,63
2018HU0207057,5,3,59309,3,20_29,m,not.hisp.latino,white,119
2018HU0107524,5,1,59308,3,50_59,f,not.hisp.latino,white,94
2018HU0662714,5,2,59307,3,30_39,f,hisp.latino,other,163
2018HU0764291,5,3,59303,3,10_19,f,not.hisp.latino,white,12
2018HU0014143,5,2,59302,3,50_59,m,not.hisp.latino,black.aa,51
2018HU1163744,5,1,59302,3,30_39,m,not.hisp.latino,white,60
2018HU1085325,5,1,59307,3,50_59,f,not.hisp.latino,white,54
2018HU0506016,5,1,59306,3,40_49,m,not.hisp.latino,white,70
2018HU1014625,5,3,59307,3,20_29,m,not.hisp.latino,white,81
2018HU0767356,5,1,59304,3,30_39,m,not.hisp.latino,white,11
2018HU0274323,5,2,59301,3,40_49,f,hisp.latino,white,36
2018HU0320625,5,1,59304,3,30_39,f,not.hisp.latino,asian,39
2018GQ0006854,5,1,59303,3,20_29,f,not.hisp.latino,white,10
2018HU1372959,5,1,59307,3,60_69,m,not.hisp.latino,asian,105
2018HU1093997,5,2,59309,3,70_79,f,not.hisp.latino,asian,157
2018HU0212766,5,1,59301,3,70_79,f,not.hisp.latino,white,113
2018HU0260902,5,2,59303,3,50_59,m,not.hisp.latino,white,59
2018HU0966130,5,3,59304,3,60_69,m,not.hisp.latino,white,197
2018HU0595562,5,2,59302,3,30_39,f,not.hisp.latino,white,65
2018HU0212766,5,1,59301,3,70_79,f,not.hisp.latino,white,113
2018HU0732014,5,1,59307,3,50_59,f,not.hisp.latino,white,91
2018HU1255920,5,3,59301,3,0_9,f,not.hisp.latino,white,52
2018HU1082756,5,3,59304,3,20_29,m,not.hisp.latino,black.aa,164
2018HU0483701,5,3,59306,3,0_9,m,hisp.latino,other,183
2018HU1016842,5,3,59302,3,20_29,m,not.hisp.latino,white,89
2018HU0328922,5,5,59304,3,70_79,f,hisp.latino,white,64
2018HU0228151,5,1,59308,3,60_69,f,not.hisp.latino,white,34
2018HU0761746,5,1,59305,3,40_49,f,not.hisp.latino,white,28
2018HU0004484,5,1,59302,3,20_29,m,not.hisp.latino,white,16
2018HU1204822,5,3,59302,3,80_89,f,not.hisp.latino,asian,16
2018HU0962703,5,4,59306,3,10_19,m,not.hisp.latino,white,84
2018HU0139634,5,1,59306,3,60_69,m,not.hisp.latino,white,115
2018HU0921194,5,2,59301,3,30_39,f,not.hisp.latino,asian,47
2018HU1377811,5,4,59302,3,20_29,f,not.hisp.latino,black.aa,248
2018HU1190961,5,1,59304,3,40_49,m,not.hisp.latino,black.aa,283
2018HU0958580,5,1,59302,3,80_89,f,not.hisp.latino,white,59
2018HU0086643,5,2,59306,3,60_69,f,not.hisp.latino,white,55
2018HU0014923,5,2,59308,3,50_59,f,not.hisp.latino,white,111
2018HU0552508,5,5,59304,3,0_9,f,not.hisp.latino,white,15
2018HU0483261,5,2,59307,3,30_39,m,not.hisp.latino,white,17
2018HU1055109,5,1,59307,3,40_49,m,not.hisp.latino,white,108
2018HU0439968,5,1,59303,3,40_49,m,not.hisp.latino,white,98
2018HU0046082,5,2,59306,3,20_29,f,not.hisp.latino,white,31
2018HU1320128,5,2,59309,3,50_59,f,not.hisp.latino,asian,20
2018HU1169241,5,2,59303,3,70_79,f,not.hisp.latino,asian,45
2018HU1205945,5,2,59309,3,30_39,m,hisp.latino,white,107
2018HU0648786,5,2,59305,3,50_59,f,not.hisp.latino,white,45
2018HU1306474,5,1,59306,3,30_39,f,not.hisp.latino,white,155
2018HU1190961,5,4,59304,3,10_19,f,not.hisp.latino,black.aa,265
2018HU1163440,5,3,59302,3,20_29,m,not.hisp.latino,white,23
2018HU0069523,5,3,59303,3,0_9,m,not.hisp.latino,white,27
2018HU0682626,5,3,59307,3,0_9,f,not.hisp.latino,asian,22
2018HU0354389,5,3,59304,3,10_19,f,not.hisp.latino,black.aa,114
2018HU0622724,5,5,59304,3,0_9,m,not.hisp.latino,white,76
2018HU0429175,5,2,59306,3,0_9,m,not.hisp.latino,white,491
2018HU0459773,5,6,59301,3,40_49,f,not.hisp.latino,asian,63
2018HU0493419,5,3,59304,3,0_9,m,not.hisp.latino,white,44
2018HU0544846,5,1,59302,3,50_59,f,not.hisp.latino,white,83
2018HU0554483,5,1,59305,3,40_49,m,not.hisp.latino,asian,20
2018HU0668631,5,2,59303,3,70_79,f,not.hisp.latino,white,44
2018HU0633223,5,1,59308,3,30_39,m,not.hisp.latino,asian,106
2018HU1386286,5,3,59305,3,20_29,f,not.hisp.latino,white,68
2018HU1238804,5,2,59302,3,10_19,f,not.hisp.latino,black.aa,378
2018HU0501851,5,2,59303,3,40_49,m,not.hisp.latino,white,109
2018HU0545776,5,3,59304,3,0_9,f,hisp.latino,white,68
2018HU0007086,5,1,59306,3,50_59,f,not.hisp.latino,white,177
2018HU0961240,5,1,59303,3,60_69,m,not.hisp.latino,white,17
2018HU1034047,5,1,59302,3,50_59,m,not.hisp.latino,white,92
2018HU0924526,5,4,59304,3,10_19,f,not.hisp.latino,white,33
2018HU0402700,5,5,59301,3,10_19,m,not.hisp.latino,white,118
2018HU0690488,5,2,59305,3,10_19,m,not.hisp.latino,white,114
2018HU0384849,5,3,59303,3,10_19,m,not.hisp.latino,white,57
2018GQ0128027,5,1,59306,3,80_89,m,not.hisp.latino,white,0
2018HU1000087,5,1,59308,3,60_69,m,not.hisp.latino,white,68
2018HU0211823,5,6,59305,3,20_29,f,not.hisp.latino,white,100
2018HU0795702,5,2,59307,3,40_49,m,not.hisp.latino,white,62
2018HU0209418,5,3,59301,3,0_9,m,not.hisp.latino,black.aa,91
2018HU0361023,5,1,59309,3,60_69,m,not.hisp.latino,white,61
2018HU0956067,5,3,59302,3,20_29,f,not.hisp.latino,white,16
2018HU0034090,5,3,59304,3,0_9,m,not.hisp.latino,white,59
2018HU1347216,5,1,59307,3,60_69,m,not.hisp.latino,black.aa,79
2018HU0548631,5,1,59301,3,80_89,f,not.hisp.latino,white,32
2018HU0342475,5,2,59309,3,50_59,f,not.hisp.latino,white,174
2018HU1148101,5,4,59304,3,0_9,m,hisp.latino,white,301
2018HU0444961,5,1,59308,3,50_59,m,not.hisp.latino,white,41
2018HU0111783,5,4,59306,3,0_9,f,not.hisp.latino,white,119
2018HU0562124,5,3,59307,3,0_9,m,hisp.latino,white,86
2018HU0338712,5,3,59305,3,10_19,f,not.hisp.latino,white,19
2018HU0631984,5,1,59308,3,40_49,m,not.hisp.latino,white,163
2018HU0623942,5,3,59304,3,10_19,f,not.hisp.latino,white,199
2018HU1270800,5,2,59304,3,40_49,f,not.hisp.latino,white,65
2018HU1189766,5,1,59307,3,30_39,f,hisp.latino,black.aa,397
2018HU1340782,5,2,59306,3,30_39,f,hisp.latino,white,350
2018HU0049123,5,5,59303,3,20_29,m,not.hisp.latino,white,160
2018HU0389679,5,2,59307,3,50_59,m,not.hisp.latino,white,116
2018HU0566030,5,4,59305,3,0_9,f,not.hisp.latino,white,23
2018HU0943839,5,1,59301,3,60_69,f,not.hisp.latino,white,51
