"PPSORT","CMA","AGE","SEX","RACE","KOL","WORKLANG","MARST","DWEL","MOBL"
155043,933,"a80_84","f","eo_weo_German","official_lang","work.no.official_lang","widowed","other.attached","non.movers"
686521,933,"a35_39","f","ao_esao_Chinese","official_lang","work.official_lang","no.married","other.attached","non.movers"
626766,933,"a35_39","m","ao_sao_ei","official_lang","work.official_lang","married","other.attached","non.movers"
813344,933,"a15_19","f","ao_esao_Chinese","official_lang","work.no.official_lang","no.married","single.detached.house","external.movers"
159229,933,"a20_24","m","eo_bio_English","official_lang","work.official_lang","no.married","other.attached","nonmigrants.movers"
284624,933,"a70_74","f","eo_weo_German","official_lang","work.official_lang","divorced","other.attached","non.movers"
501637,933,"a30_34","f","ao_esao_Chinese","official_lang","work.official_lang","married","other.attached","nonmigrants.movers"
829601,933,"a70_74","f","eo_neo","official_lang","work.official_lang","widowed","other.attached","non.movers"
697083,933,"a45_49","m","eo_oweo","official_lang","work.official_lang","married","other.attached","nonmigrants.movers"
697083,933,"a45_49","m","eo_oweo","official_lang","work.official_lang","married","other.attached","nonmigrants.movers"
405600,933,"a40_44","f","eo_seo_Italian","official_lang","work.official_lang","married","other.attached","non.movers"
365558,933,"a75_79","f","eo_bio_Scottish","official_lang","work.no.official_lang","divorced","other.attached","non.movers"
663467,933,"a15_19","f","eo_eeo_Hungarian","official_lang","work.official_lang","no.married","other.attached","non.movers"
744636,933,"a20_24","f","ao_sao_ei","official_lang","work.official_lang","no.married","other.attached","non.movers"
73754,933,"a15_19","f","ao_sao_ei","official_lang","work.official_lang","no.married","other.attached","non.movers"
511266,933,"a65_69","m","onao_Canadian","official_lang","work.official_lang","married","other.attached","non.movers"
67041,933,"a15_19","m","onao_Canadian","official_lang","work.official_lang","no.married","single.detached.house","non.movers"
193242,933,"a15_19","f","ao_sao_ei","official_lang","work.official_lang","no.married","other.attached","non.movers"
376484,933,"a40_44","m","eo_weo_German","official_lang","work.official_lang","married","single.detached.house","non.movers"
198406,933,"a15_19","f","ao_sao_ei","official_lang","work.no.official_lang","no.married","single.detached.house","non.movers"
77312,933,"a15_19","m","onao_Canadian","official_lang","work.no.official_lang","no.married","other.attached","non.movers"
495486,933,"a20_24","f","ao","official_lang","work.official_lang","no.married","other.attached","nonmigrants.movers"
57574,933,"a40_44","m","onao_Canadian","official_lang","work.no.official_lang","no.married","other.attached","non.movers"
204371,933,"a10_14","m","ao_esao_Chinese","official_lang","work.no.official_lang","no.married","other.attached","non.movers"
898663,933,"a50_54","f","ao_esao_Chinese","official_lang","work.official_lang","married","single.detached.house","non.movers"
485912,933,"a65_69","m","ao_esao_Filipino","official_lang","work.no.official_lang","married","single.detached.house","non.movers"
843507,933,"a15_19","m","ao_esao_Chinese","official_lang","work.no.official_lang","no.married","other.attached","external.movers"
919040,933,"a40_44","f","ao_sao_ei","official_lang","work.official_lang","divorced","other.attached","non.movers"
554063,933,"a30_34","f","ao_esao_Chinese","official_lang","work.official_lang","married","other.attached","non.movers"
792887,933,"a60_64","f","ao_esao_Chinese","official_lang","work.no.official_lang","divorced","other.attached","non.movers"
331629,933,"a40_44","f","lcsao","official_lang","work.no.official_lang","separated","other.attached","non.movers"
275273,933,"a70_74","m","ao_esao_Chinese","official_lang","work.no.official_lang","married","other.attached","non.movers"
744778,933,"a65_69","f","ao_esao_Chinese","official_lang","work.no.official_lang","married","other.attached","non.movers"
549400,933,"a35_39","f","ao_esao_Chinese","official_lang","work.official_lang","divorced","other.attached","non.movers"
209698,933,"a5_9","m","ao_esao_Chinese","official_lang","work.no.official_lang","no.married","other.attached","external.movers"
383,933,"a40_44","f","ao_esao_Chinese","official_lang","work.official_lang","married","single.detached.house","non.movers"
749963,933,"a55_59","m","ao_esao_Chinese","official_lang","work.no.official_lang","married","other.attached","non.movers"
857589,933,"a40_44","m","ao_esao_Chinese","official_lang","work.official_lang","married","other.attached","non.movers"
218495,933,"a0_4","m","ao_esao_Chinese","official_lang","work.no.official_lang","no.married","other.attached","non.movers"
750579,933,"a40_44","m","oo","official_lang","work.official_lang","married","other.attached","non.movers"
291024,933,"a45_49","f","eo_bio_Scottish","official_lang","work.no.official_lang","married","other.attached","non.movers"
828142,933,"a40_44","f","eo_seo_Italian","official_lang","work.official_lang","separated","other.attached","non.movers"
63966,933,"a50_54","m","ao_esao_Filipino","official_lang","work.official_lang","married","other.attached","non.movers"
467681,933,"a40_44","f","ao_esao_Filipino","official_lang","work.official_lang","married","other.attached","non.movers"
445661,933,"a30_34","m","ao_esao_Chinese","official_lang","work.official_lang","living.common.law","other.attached","nonmigrants.movers"
399802,933,"a40_44","m","lcsao","official_lang","work.official_lang","married","other.attached","non.movers"
205478,933,"a20_24","f","ao_esao_Chinese","official_lang","work.no.official_lang","no.married","other.attached","external.movers"
670594,933,"a70_74","m","ao_esao_Chinese","no.official_lang","work.no.official_lang","married","other.attached","non.movers"
579119,933,"a10_14","m","ao_esao_Chinese","official_lang","work.no.official_lang","no.married","other.attached","non.movers"
390151,933,"a35_39","m","eo_obio","official_lang","work.official_lang","no.married","other.attached","non.movers"
117306,933,"a25_29","f","ao_esao_Chinese","official_lang","work.official_lang","no.married","other.attached","non.movers"
721397,933,"a20_24","f","lcsao","official_lang","work.no.official_lang","no.married","other.attached","non.movers"
219131,933,"a45_49","f","ao_esao_Chinese","official_lang","work.official_lang","married","other.attached","non.movers"
592019,933,"a30_34","m","eo_eeo_Polish","official_lang","work.official_lang","married","other.attached","non.movers"
352992,933,"a30_34","m","eo_bio_Irish","official_lang","work.official_lang","living.common.law","other.attached","non.movers"
571010,933,"a5_9","f","ao_esao_Chinese","official_lang","work.no.official_lang","no.married","other.attached","non.movers"
302784,933,"a10_14","f","ao_esao_Chinese","official_lang","work.no.official_lang","no.married","other.attached","non.movers"
163329,933,"a5_9","f","ao_sao_ei","official_lang","work.no.official_lang","no.married","other.attached","nonmigrants.movers"
220659,933,"a65_69","f","eo_bio_Scottish","official_lang","work.no.official_lang","married","single.detached.house","non.movers"
719523,933,"a60_64","m","eo_eeo_Ukrainian","official_lang","work.no.official_lang","separated","single.detached.house","non.movers"
372142,933,"a40_44","f","ao_esao_Chinese","official_lang","work.official_lang","married","other.attached","non.movers"
48029,933,"a60_64","m","ao_esao_Chinese","official_lang","work.official_lang","married","single.detached.house","non.movers"
531983,933,"a45_49","f","ao_esao_Chinese","official_lang","work.official_lang","married","other.attached","non.movers"
693270,933,"a10_14","m","ao_sao_ei","official_lang","work.no.official_lang","no.married","other.attached","non.movers"
247058,933,"a20_24","f","ao_sao_ei","official_lang","work.no.official_lang","no.married","other.attached","external.movers"
467379,933,"a10_14","m","lcsao","official_lang","work.no.official_lang","no.married","other.attached","nonmigrants.movers"
134165,933,"a55_59","m","ao_esao_Chinese","official_lang","work.official_lang","married","single.detached.house","non.movers"
449479,933,"a60_64","m","eo_eeo_Ukrainian","official_lang","work.official_lang","married","other.attached","non.movers"
133121,933,"a30_34","f","ao_esao_Chinese","official_lang","work.official_lang","married","other.attached","non.movers"
764308,933,"a40_44","m","ao_esao_Chinese","official_lang","work.official_lang","married","other.attached","non.movers"
688099,933,"a20_24","m","onao_Canadian","official_lang","work.official_lang","no.married","single.detached.house","external.movers"
320514,933,"a45_49","m","ao_esao_Chinese","official_lang","work.no.official_lang","married","other.attached","non.movers"
790715,933,"a25_29","f","eo_seo_Spanish","official_lang","work.official_lang","no.married","other.attached","non.movers"
24311,933,"a35_39","f","eo_oseo","official_lang","work.official_lang","married","other.attached","non.movers"
689999,933,"a30_34","m","ao_esao_Chinese","official_lang","work.official_lang","married","other.attached","nonmigrants.movers"
411647,933,"a30_34","f","eo_bio_English","official_lang","work.official_lang","married","other.attached","non.movers"
114902,933,"a10_14","f","naao","official_lang","work.no.official_lang","no.married","other.attached","nonmigrants.movers"
112192,933,"a80_84","m","eo_seo_Italian","official_lang","work.official_lang","married","single.detached.house","non.movers"
598122,933,"a70_74","m","eo_bio_Scottish","official_lang","work.no.official_lang","married","other.attached","non.movers"
124278,933,"a65_69","f","eo_bio_Scottish","official_lang","work.no.official_lang","married","other.attached","non.movers"
811177,933,"a5_9","m","ao_oesao","official_lang","work.no.official_lang","no.married","other.attached","non.movers"
165678,933,"a5_9","f","ao_esao_Chinese","official_lang","work.no.official_lang","no.married","other.attached","external.movers"
842363,933,"a45_49","f","ao_esao_Chinese","official_lang","work.official_lang","married","other.attached","non.movers"
37759,933,"a50_54","m","ao_esao_Chinese","official_lang","work.official_lang","living.common.law","other.attached","non.movers"
236794,933,"a30_34","f","onao_Canadian","official_lang","work.official_lang","living.common.law","other.attached","nonmigrants.movers"
415417,933,"a35_39","f","ao_esao_Chinese","official_lang","work.no.official_lang","married","other.attached","non.movers"
500707,933,"a45_49","m","ao_esao_Chinese","official_lang","work.official_lang","married","single.detached.house","non.movers"
564909,933,"a55_59","f","eo_seo_Italian","official_lang","work.official_lang","married","other.attached","non.movers"
659530,933,"a40_44","m","eo_seo_Spanish","official_lang","work.official_lang","married","other.attached","non.movers"
685356,933,"a75_79","f","eo_weo_German","official_lang","work.no.official_lang","widowed","other.attached","non.movers"
268801,933,"a65_69","f","eo_eeo_Ukrainian","official_lang","work.official_lang","separated","other.attached","non.movers"
415943,933,"a0_4","f","ao_sao_ei","official_lang","work.no.official_lang","no.married","other.attached","non.movers"
383980,933,"a65_69","f","eo_bio_English","official_lang","work.no.official_lang","widowed","other.attached","non.movers"
141678,933,"a60_64","m","ao_esao_Chinese","no.official_lang","work.no.official_lang","living.common.law","other.attached","non.movers"
460027,933,"a40_44","f","ao_sao_ei","official_lang","work.official_lang","married","other.attached","non.movers"
492683,933,"a55_59","m","eo_eeo_Hungarian","official_lang","work.official_lang","married","other.attached","non.movers"
195260,933,"a25_29","m","eo_eeo_Hungarian","official_lang","work.official_lang","no.married","other.attached","non.movers"
676893,933,"a20_24","f","ao_esao_Chinese","official_lang","work.official_lang","no.married","other.attached","non.movers"
605912,933,"a20_24","f","eo_oseo","official_lang","work.official_lang","separated","other.attached","non.movers"
776465,933,"a70_74","m","eo_bio_Irish","official_lang","work.official_lang","married","other.attached","non.movers"
626231,933,"a45_49","m","ao","official_lang","work.no.official_lang","separated","other.attached","non.movers"
904780,933,"a60_64","f","ao_esao_Chinese","no.official_lang","work.no.official_lang","married","other.attached","non.movers"
713380,933,"a25_29","f","ao_esao_Chinese","official_lang","work.no.official_lang","married","other.attached","non.movers"
340000,933,"a55_59","m","ao_esao_Chinese","official_lang","work.no.official_lang","married","other.attached","non.movers"
361224,933,"a60_64","f","eo_seo_Italian","official_lang","work.official_lang","divorced","single.detached.house","non.movers"
819101,933,"a25_29","f","lcsao","official_lang","work.no.official_lang","no.married","other.attached","non.movers"
23824,933,"a20_24","f","ao_esao_Chinese","official_lang","work.official_lang","no.married","other.attached","non.movers"
135967,933,"a30_34","f","eo_eeo_Polish","official_lang","work.official_lang","no.married","other.attached","non.movers"
756653,933,"a30_34","f","eo_oseo","official_lang","work.no.official_lang","married","single.detached.house","non.movers"
658056,933,"a50_54","m","ao_sao_ei","official_lang","work.official_lang","married","other.attached","non.movers"
147925,933,"a50_54","f","eo_seo_Italian","official_lang","work.official_lang","married","single.detached.house","non.movers"
157818,933,"a75_79","f","eo_weo_German","official_lang","work.no.official_lang","married","other.attached","non.movers"
87565,933,"a0_4","m","eo_bio_English","official_lang","work.no.official_lang","no.married","other.attached","non.movers"
87590,933,"a40_44","f","ao","official_lang","work.official_lang","married","other.attached","non.movers"
603128,933,"a70_74","f","ao_sao_ei","no.official_lang","work.no.official_lang","married","single.detached.house","non.movers"
33498,933,"a70_74","m","eo_weo_German","official_lang","work.no.official_lang","married","other.attached","non.movers"
418530,933,"a75_79","f","eo_obio","official_lang","work.no.official_lang","divorced","other.attached","non.movers"
373756,933,"a45_49","m","ao_sao_ei","official_lang","work.official_lang","married","other.attached","non.movers"
869031,933,"a35_39","f","ao_esao_Chinese","official_lang","work.official_lang","married","other.attached","non.movers"
764962,933,"a5_9","f","ao_esao_Chinese","official_lang","work.no.official_lang","no.married","other.attached","external.movers"
506704,933,"a40_44","f","ao_esao_Chinese","official_lang","work.official_lang","living.common.law","other.attached","non.movers"
244767,933,"a0_4","m","ao_esao_Chinese","official_lang","work.no.official_lang","no.married","other.attached","non.movers"
260346,933,"a15_19","f","ao_esao_Chinese","official_lang","work.no.official_lang","no.married","single.detached.house","non.movers"
209458,933,"a0_4","f","eo_seo_Italian","official_lang","work.no.official_lang","no.married","other.attached","non.movers"
748740,933,"a50_54","m","eo_weo_German","official_lang","work.official_lang","married","other.attached","non.movers"
805238,933,"a60_64","m","ao_esao_Chinese","official_lang","work.official_lang","married","other.attached","non.movers"
171901,933,"a40_44","m","onao","official_lang","work.official_lang","married","other.attached","non.movers"
704305,933,"a5_9","m","onao","official_lang","work.no.official_lang","no.married","other.attached","non.movers"
704305,933,"a5_9","m","onao","official_lang","work.no.official_lang","no.married","other.attached","non.movers"
368396,933,"a30_34","f","ao_esao_Chinese","official_lang","work.official_lang","no.married","other.attached","nonmigrants.movers"
393990,933,"a5_9","m","onao_Canadian","official_lang","work.no.official_lang","no.married","other.attached","non.movers"
655684,933,"a50_54","m","eo_eeo_Ukrainian","official_lang","work.official_lang","married","other.attached","non.movers"
348034,933,"a5_9","f","ao_esao_Chinese","official_lang","work.no.official_lang","no.married","other.attached","non.movers"
788691,933,"a0_4","m","ao_esao_Chinese","no.official_lang","work.no.official_lang","no.married","other.attached","nonmigrants.movers"
138953,933,"a45_49","f","eo_weo_German","official_lang","work.official_lang","married","single.detached.house","non.movers"
46197,933,"a40_44","f","eo_neo","official_lang","work.official_lang","married","other.attached","non.movers"
93389,933,"a80_84","m","eo_eeo_Hungarian","official_lang","work.no.official_lang","married","single.detached.house","non.movers"
293698,933,"a15_19","m","ao_esao_Chinese","official_lang","work.no.official_lang","no.married","other.attached","external.movers"
420351,933,"a55_59","m","ao_esao_Chinese","official_lang","work.official_lang","married","other.attached","non.movers"
300950,933,"a80_84","m","ao_esao_Chinese","official_lang","work.no.official_lang","married","other.attached","external.movers"
658412,933,"a5_9","m","ao_esao_Chinese","official_lang","work.no.official_lang","no.married","other.attached","non.movers"
604230,933,"a35_39","f","ao_esao_Chinese","official_lang","work.official_lang","married","other.attached","non.movers"
26978,933,"a75_79","m","ao_esao_Chinese","official_lang","work.no.official_lang","married","other.attached","non.movers"
315948,933,"a85_","m","eo_bio_English","official_lang","work.no.official_lang","married","other.attached","non.movers"
308346,933,"a80_84","f","eo_bio_English","official_lang","work.no.official_lang","married","other.attached","non.movers"
832923,933,"a20_24","m","eo_oseo","official_lang","work.official_lang","no.married","other.attached","non.movers"
845577,933,"a50_54","f","eo_weo_German","official_lang","work.official_lang","divorced","other.attached","non.movers"
541141,933,"a45_49","f","eo_seo_Italian","official_lang","work.official_lang","married","other.attached","non.movers"
776887,933,"a25_29","m","ao_esao_Chinese","official_lang","work.no.official_lang","no.married","single.detached.house","non.movers"
58061,933,"a80_84","m","ao_esao_Chinese","official_lang","work.no.official_lang","married","other.attached","non.movers"
70903,933,"a65_69","f","ao_esao_Chinese","official_lang","work.no.official_lang","married","other.attached","nonmigrants.movers"
883306,933,"a15_19","f","ao_sao_ei","official_lang","work.no.official_lang","no.married","other.attached","nonmigrants.movers"
312713,933,"a30_34","m","eo_bio_English","official_lang","work.official_lang","married","other.attached","non.movers"
649115,933,"a40_44","m","ao_esao_Chinese","official_lang","work.official_lang","married","other.attached","non.movers"
143852,933,"a40_44","m","eo_seo_Italian","official_lang","work.official_lang","married","other.attached","non.movers"
365242,933,"a10_14","f","eo_seo_Italian","official_lang","work.no.official_lang","no.married","other.attached","non.movers"
486689,933,"a60_64","m","ao_esao_Chinese","official_lang","work.no.official_lang","married","other.attached","non.movers"
485256,933,"a55_59","m","oo","official_lang","work.official_lang","married","other.attached","non.movers"
463492,933,"a15_19","f","oo","official_lang","work.no.official_lang","no.married","other.attached","non.movers"
13849,933,"a50_54","f","eo_eeo_Ukrainian","official_lang","work.official_lang","married","other.attached","non.movers"
337670,933,"a0_4","f","onao_Canadian","official_lang","work.no.official_lang","no.married","single.detached.house","non.movers"
578811,933,"a45_49","f","eo_weo_German","official_lang","work.official_lang","divorced","other.attached","non.movers"
371254,933,"a15_19","f","eo_seo_Italian","official_lang","work.official_lang","no.married","single.detached.house","non.movers"
750904,933,"a10_14","m","onao_Canadian","official_lang","work.no.official_lang","no.married","single.detached.house","non.movers"
882680,933,"a50_54","f","ao_esao_Chinese","official_lang","work.official_lang","married","other.attached","non.movers"
909624,933,"a20_24","m","ao_esao_Chinese","official_lang","work.official_lang","no.married","other.attached","non.movers"
927835,933,"a70_74","f","eo_seo_Italian","official_lang","work.official_lang","divorced","other.attached","non.movers"
268841,933,"a15_19","m","eo_bio_English","official_lang","work.official_lang","no.married","other.attached","non.movers"
505529,933,"a70_74","f","onao_Canadian","official_lang","work.no.official_lang","widowed","other.attached","non.movers"
191175,933,"a40_44","f","ao","official_lang","work.no.official_lang","separated","other.attached","non.movers"
568459,933,"a60_64","m","eo_bio_Irish","official_lang","work.official_lang","married","other.attached","non.movers"
781608,933,"a15_19","m","ao_esao_Chinese","official_lang","work.no.official_lang","no.married","other.attached","non.movers"
587575,933,"a25_29","m","eo_oseo","official_lang","work.official_lang","living.common.law","other.attached","non.movers"
822763,933,"a60_64","m","eo_oseo","official_lang","work.no.official_lang","married","other.attached","non.movers"
117104,933,"a35_39","m","eo_oseo","official_lang","work.official_lang","married","other.attached","non.movers"
564420,933,"a65_69","f","ao_esao_Chinese","official_lang","work.no.official_lang","married","other.attached","non.movers"
808432,933,"a70_74","f","eo_oweo","official_lang","work.no.official_lang","married","other.attached","non.movers"
815995,933,"a40_44","m","eo_seo_Italian","official_lang","work.official_lang","divorced","other.attached","non.movers"
864491,933,"a20_24","f","ao_esao_Chinese","official_lang","work.no.official_lang","no.married","other.attached","non.movers"
269442,933,"a80_84","f","ao_esao_Chinese","official_lang","work.no.official_lang","married","other.attached","non.movers"
291187,933,"a45_49","m","ao_esao_Chinese","official_lang","work.no.official_lang","separated","single.detached.house","non.movers"
719001,933,"a40_44","m","eo_bio_Irish","official_lang","work.official_lang","married","other.attached","non.movers"
196434,933,"a45_49","m","eo_bio_Irish","official_lang","work.official_lang","separated","other.attached","non.movers"
773783,933,"a55_59","m","eo_oweo","official_lang","work.official_lang","divorced","other.attached","non.movers"
773783,933,"a55_59","m","eo_oweo","official_lang","work.official_lang","divorced","other.attached","non.movers"
343891,933,"a20_24","f","ao_esao_Chinese","official_lang","work.no.official_lang","no.married","other.attached","non.movers"
485662,933,"a65_69","f","eo_seo_Italian","official_lang","work.no.official_lang","divorced","other.attached","non.movers"
238575,933,"a25_29","m","ao_esao_Chinese","official_lang","work.official_lang","no.married","other.attached","non.movers"
179648,933,"a40_44","f","eo_bio_English","official_lang","work.official_lang","married","other.attached","non.movers"
536848,933,"a25_29","f","ao_esao_Chinese","official_lang","work.official_lang","separated","other.attached","nonmigrants.movers"
381621,933,"a45_49","m","lcsao","official_lang","work.official_lang","married","other.attached","non.movers"
652243,933,"a50_54","f","ao_esao_Chinese","official_lang","work.no.official_lang","divorced","other.attached","nonmigrants.movers"
530827,933,"a5_9","m","ao_esao_Filipino","official_lang","work.no.official_lang","no.married","other.attached","non.movers"
484327,933,"a10_14","m","ao_esao_Chinese","official_lang","work.no.official_lang","no.married","other.attached","non.movers"
311471,933,"a55_59","f","eo_bio_Irish","official_lang","work.no.official_lang","no.married","other.attached","non.movers"
868061,933,"a85_","m","onao_Canadian","official_lang","work.no.official_lang","married","other.attached","non.movers"
634296,933,"a20_24","f","ao_esao_Chinese","official_lang","work.no.official_lang","married","other.attached","nonmigrants.movers"
526581,933,"a15_19","m","ao_esao_Chinese","official_lang","work.official_lang","no.married","other.attached","non.movers"
91197,933,"a30_34","f","ao_esao_Chinese","official_lang","work.no.official_lang","married","other.attached","non.movers"
453375,933,"a5_9","m","ao_esao_Chinese","official_lang","work.no.official_lang","no.married","other.attached","non.movers"
365264,933,"a10_14","m","onao_Canadian","official_lang","work.no.official_lang","no.married","other.attached","non.movers"
924624,933,"a55_59","m","onao_Canadian","official_lang","work.official_lang","married","other.attached","non.movers"
218704,933,"a45_49","f","ao_esao_Chinese","official_lang","work.official_lang","separated","other.attached","non.movers"
633753,933,"a25_29","m","ao_esao_Chinese","official_lang","work.no.official_lang","no.married","single.detached.house","non.movers"
349569,933,"a25_29","f","eo_oseo","official_lang","work.official_lang","living.common.law","other.attached","non.movers"
268196,933,"a0_4","m","ao_esao_Chinese","official_lang","work.no.official_lang","no.married","single.detached.house","non.movers"
111609,933,"a60_64","f","eo_bio_English","official_lang","work.official_lang","married","other.attached","non.movers"
402041,933,"a60_64","m","eo_obio","official_lang","work.official_lang","living.common.law","other.attached","non.movers"
28577,933,"a30_34","f","ao_esao_Chinese","official_lang","work.official_lang","married","single.detached.house","non.movers"
170342,933,"a35_39","m","onao_Canadian","official_lang","work.official_lang","living.common.law","other.attached","non.movers"
363722,933,"a65_69","m","ao_sao_ei","official_lang","work.official_lang","married","other.attached","non.movers"
324060,933,"a45_49","m","ao_esao_Filipino","official_lang","work.official_lang","no.married","other.attached","non.movers"
232169,933,"a60_64","f","eo_bio_Irish","official_lang","work.official_lang","living.common.law","other.attached","non.movers"
64842,933,"a60_64","m","onao","official_lang","work.official_lang","married","single.detached.house","non.movers"
781691,933,"a60_64","f","onao","official_lang","work.official_lang","married","single.detached.house","non.movers"
415343,933,"a15_19","f","eo_seo_Spanish","official_lang","work.no.official_lang","no.married","other.attached","non.movers"
322558,933,"a45_49","f","ao_esao_Chinese","official_lang","work.official_lang","married","other.attached","non.movers"
599895,933,"a15_19","m","ao_esao_Chinese","official_lang","work.no.official_lang","no.married","other.attached","external.movers"
889793,933,"a65_69","f","ao_esao_Chinese","official_lang","work.official_lang","married","other.attached","non.movers"
588147,933,"a30_34","m","eo_bio_Irish","official_lang","work.official_lang","living.common.law","other.attached","non.movers"
648761,933,"a45_49","m","ao_esao_Chinese","official_lang","work.official_lang","married","other.attached","non.movers"
502360,933,"a50_54","m","ao_esao_Chinese","official_lang","work.official_lang","married","other.attached","non.movers"
698779,933,"a5_9","f","ao_sao_ei","official_lang","work.no.official_lang","no.married","single.detached.house","non.movers"
275632,933,"a0_4","m","ao_esao_Chinese","official_lang","work.no.official_lang","no.married","other.attached","non.movers"
147314,933,"a15_19","f","ao_esao_Filipino","official_lang","work.official_lang","no.married","other.attached","nonmigrants.movers"
371014,933,"a45_49","f","ao_oesao","official_lang","work.no.official_lang","married","other.attached","non.movers"
497154,933,"a40_44","f","ao_esao_Chinese","official_lang","work.official_lang","married","other.attached","non.movers"
757905,933,"a65_69","m","ao_esao_Chinese","official_lang","work.official_lang","married","other.attached","non.movers"
757575,933,"a50_54","m","ao_esao_Chinese","official_lang","work.no.official_lang","married","other.attached","external.movers"
315242,933,"a5_9","m","eo_eeo_Ukrainian","official_lang","work.no.official_lang","no.married","other.attached","non.movers"
820626,933,"a10_14","f","ao_esao_Chinese","official_lang","work.no.official_lang","no.married","other.attached","non.movers"
674188,933,"a10_14","f","onao_Canadian","official_lang","work.no.official_lang","no.married","other.attached","non.movers"
355677,933,"a55_59","f","ao_sao_ei","official_lang","work.official_lang","divorced","other.attached","non.movers"
377923,933,"a50_54","f","ao_esao_Chinese","official_lang","work.no.official_lang","separated","other.attached","non.movers"
85833,933,"a40_44","m","eo_eeo_Ukrainian","official_lang","work.official_lang","married","single.detached.house","non.movers"
848216,933,"a60_64","f","ao_sao_ei","official_lang","work.no.official_lang","married","single.detached.house","non.movers"
382657,933,"a50_54","m","ao_esao_Chinese","official_lang","work.official_lang","married","single.detached.house","non.movers"
68613,933,"a25_29","f","onao_Canadian","official_lang","work.official_lang","no.married","other.attached","non.movers"
824765,933,"a55_59","f","eo_weo_German","official_lang","work.official_lang","married","single.detached.house","non.movers"
380145,933,"a70_74","m","eo_weo_German","official_lang","work.no.official_lang","married","other.attached","non.movers"
73180,933,"a70_74","m","eo_oweo","official_lang","work.no.official_lang","married","single.detached.house","non.movers"
504266,933,"a50_54","m","lcsao","official_lang","work.official_lang","married","other.attached","non.movers"
389158,933,"a55_59","m","eo_seo_Italian","official_lang","work.official_lang","married","other.attached","external.movers"
486497,933,"a20_24","m","eo_seo_Italian","official_lang","work.official_lang","no.married","other.attached","external.movers"
486497,933,"a20_24","m","eo_seo_Italian","official_lang","work.official_lang","no.married","other.attached","external.movers"
807566,933,"a15_19","f","eo_oseo","official_lang","work.no.official_lang","no.married","other.attached","non.movers"
757690,933,"a75_79","f","eo_weo_German","official_lang","work.no.official_lang","widowed","other.attached","non.movers"
544279,933,"a60_64","f","eo_weo_German","official_lang","work.official_lang","separated","other.attached","non.movers"
247870,933,"a65_69","f","eo_bio_Irish","official_lang","work.no.official_lang","widowed","other.attached","non.movers"
674122,933,"a50_54","f","ao_esao_Chinese","official_lang","work.no.official_lang","married","single.detached.house","non.movers"
349959,933,"a70_74","f","eo_weo_German","official_lang","work.official_lang","widowed","other.attached","non.movers"
91411,933,"a85_","m","eo_obio","official_lang","work.no.official_lang","married","other.attached","non.movers"
308463,933,"a5_9","m","ao","official_lang","work.no.official_lang","no.married","other.attached","non.movers"
376219,933,"a25_29","f","ao_oesao","official_lang","work.official_lang","no.married","other.attached","non.movers"
527774,933,"a25_29","m","onao_Canadian","official_lang","work.official_lang","no.married","other.attached","non.movers"
255531,933,"a10_14","f","ao_esao_Chinese","official_lang","work.no.official_lang","no.married","single.detached.house","non.movers"
676452,933,"a80_84","f","eo_weo_Dutch","official_lang","work.no.official_lang","divorced","other.attached","non.movers"
478701,933,"a45_49","m","ao_esao_Chinese","official_lang","work.official_lang","married","other.attached","nonmigrants.movers"
849048,933,"a10_14","f","ao_esao_Chinese","official_lang","work.no.official_lang","no.married","single.detached.house","nonmigrants.movers"
286261,933,"a50_54","m","eo_seo_Spanish","official_lang","work.no.official_lang","living.common.law","other.attached","non.movers"
693044,933,"a55_59","m","eo_eeo_Ukrainian","official_lang","work.official_lang","married","single.detached.house","non.movers"
568447,933,"a75_79","m","eo_eeo_Ukrainian","official_lang","work.official_lang","married","other.attached","non.movers"
706639,933,"a45_49","f","ao_esao_Chinese","official_lang","work.official_lang","married","other.attached","non.movers"
902504,933,"a15_19","f","eo_eeo_Polish","official_lang","work.no.official_lang","no.married","other.attached","non.movers"
763326,933,"a80_84","f","eo_bio_English","official_lang","work.no.official_lang","divorced","other.attached","nonmigrants.movers"
296316,933,"a60_64","m","ao_sao_ei","official_lang","work.official_lang","married","other.attached","nonmigrants.movers"
20023,933,"a65_69","f","eo_bio_Irish","official_lang","work.no.official_lang","married","other.attached","non.movers"
273980,933,"a45_49","m","eo_obio","official_lang","work.official_lang","married","other.attached","non.movers"
564004,933,"a50_54","m","eo_seo_Italian","official_lang","work.official_lang","married","single.detached.house","non.movers"
75907,933,"a15_19","f","ao_esao_Chinese","official_lang","work.no.official_lang","no.married","other.attached","non.movers"
80625,933,"a25_29","m","ao_esao_Chinese","official_lang","work.official_lang","no.married","single.detached.house","non.movers"
460222,933,"a50_54","f","eo_eeo_Polish","official_lang","work.official_lang","married","other.attached","non.movers"
444169,933,"a60_64","f","eo_bio_Irish","official_lang","work.official_lang","separated","other.attached","non.movers"
699701,933,"a45_49","m","oo","official_lang","work.official_lang","living.common.law","other.attached","non.movers"
637769,933,"a70_74","m","eo_neo","official_lang","work.no.official_lang","divorced","other.attached","non.movers"
110155,933,"a20_24","m","ao_esao_Chinese","official_lang","work.official_lang","no.married","other.attached","non.movers"
350014,933,"a40_44","f","ao_sao_ei","official_lang","work.official_lang","married","other.attached","non.movers"
103329,933,"a60_64","m","onao_Canadian","official_lang","work.official_lang","living.common.law","other.attached","non.movers"
129818,933,"a30_34","f","lcsao","official_lang","work.official_lang","no.married","other.attached","non.movers"
881177,933,"a5_9","f","eo_seo_Italian","official_lang","work.no.official_lang","no.married","other.attached","non.movers"
93005,933,"a40_44","f","ao_esao_Chinese","official_lang","work.official_lang","divorced","other.attached","nonmigrants.movers"
359988,933,"a20_24","f","ao_esao_Chinese","official_lang","work.no.official_lang","no.married","other.attached","non.movers"
585478,933,"a15_19","m","ao_esao_Chinese","official_lang","work.no.official_lang","no.married","other.attached","non.movers"
776444,933,"a25_29","f","ao_esao_Chinese","official_lang","work.official_lang","married","other.attached","non.movers"
241080,933,"a55_59","m","eo_seo_Italian","official_lang","work.official_lang","no.married","single.detached.house","non.movers"
702430,933,"a55_59","f","onao_Canadian","official_lang","work.official_lang","married","other.attached","nonmigrants.movers"
629979,933,"a40_44","f","eo_obio","official_lang","work.no.official_lang","married","other.attached","non.movers"
492538,933,"a10_14","f","ao_esao_Chinese","official_lang","work.no.official_lang","no.married","single.detached.house","non.movers"
761619,933,"a85_","m","eo_seo_Italian","official_lang","work.no.official_lang","married","other.attached","non.movers"
212427,933,"a65_69","f","eo_neo","official_lang","work.official_lang","widowed","other.attached","non.movers"
161655,933,"a0_4","m","eo_oseo","official_lang","work.no.official_lang","no.married","single.detached.house","non.movers"
785996,933,"a60_64","m","ao_sao_ei","official_lang","work.official_lang","married","other.attached","nonmigrants.movers"
704773,933,"a25_29","m","ao_esao_Chinese","official_lang","work.official_lang","no.married","other.attached","non.movers"
285530,933,"a15_19","f","ao_esao_Chinese","official_lang","work.no.official_lang","no.married","other.attached","nonmigrants.movers"
824221,933,"a45_49","m","eo_oseo","official_lang","work.official_lang","married","other.attached","nonmigrants.movers"
182615,933,"a65_69","m","eo_neo","official_lang","work.official_lang","married","single.detached.house","non.movers"
28787,933,"a15_19","m","ao_esao_Chinese","official_lang","work.no.official_lang","no.married","other.attached","non.movers"
361005,933,"a25_29","m","ao_esao_Chinese","official_lang","work.official_lang","no.married","other.attached","non.movers"
44024,933,"a35_39","m","onao_Canadian","official_lang","work.official_lang","living.common.law","other.attached","external.movers"
809513,933,"a70_74","m","eo_bio_Scottish","official_lang","work.no.official_lang","widowed","other.attached","non.movers"
196977,933,"a50_54","m","ao_esao_Chinese","official_lang","work.official_lang","divorced","other.attached","nonmigrants.movers"
805687,933,"a30_34","m","ao_esao_Chinese","official_lang","work.no.official_lang","married","other.attached","non.movers"
329032,933,"a50_54","f","ao_esao_Chinese","no.official_lang","work.no.official_lang","married","other.attached","external.movers"
540316,933,"a50_54","m","ao_esao_Chinese","official_lang","work.official_lang","married","other.attached","non.movers"
513651,933,"a25_29","f","ao_esao_Chinese","official_lang","work.official_lang","no.married","single.detached.house","external.movers"
791037,933,"a40_44","f","eo_bio_English","official_lang","work.official_lang","married","other.attached","non.movers"
232637,933,"a60_64","m","onao_Canadian","official_lang","work.official_lang","divorced","other.attached","non.movers"
542582,933,"a80_84","m","eo_eeo_Ukrainian","official_lang","work.no.official_lang","married","other.attached","non.movers"
762989,933,"a25_29","m","onao_Canadian","official_lang","work.official_lang","no.married","other.attached","non.movers"
676319,933,"a40_44","m","ao_sao_ei","official_lang","work.official_lang","no.married","other.attached","non.movers"
481752,933,"a45_49","f","ao_esao_Chinese","official_lang","work.no.official_lang","married","other.attached","non.movers"
329891,933,"a10_14","f","ao_esao_Chinese","official_lang","work.no.official_lang","no.married","other.attached","non.movers"
201778,933,"a5_9","f","onao_Canadian","official_lang","work.no.official_lang","no.married","other.attached","non.movers"
499408,933,"a45_49","m","ao_esao_Chinese","official_lang","work.official_lang","married","other.attached","non.movers"
283349,933,"a15_19","f","ao_esao_Chinese","official_lang","work.no.official_lang","no.married","other.attached","non.movers"
123571,933,"a75_79","f","eo_weo_German","official_lang","work.no.official_lang","married","single.detached.house","non.movers"
590037,933,"a85_","f","eo_neo","official_lang","work.no.official_lang","widowed","other.attached","non.movers"
378957,933,"a15_19","m","ao_esao_Chinese","official_lang","work.no.official_lang","no.married","other.attached","non.movers"
309136,933,"a70_74","f","eo_oweo","official_lang","work.no.official_lang","married","other.attached","non.movers"
843351,933,"a20_24","f","ao_esao_Chinese","official_lang","work.official_lang","no.married","single.detached.house","non.movers"
140088,933,"a20_24","f","ao_esao_Chinese","official_lang","work.no.official_lang","no.married","other.attached","non.movers"
502231,933,"a40_44","f","ao_esao_Chinese","official_lang","work.official_lang","married","other.attached","non.movers"
728619,933,"a5_9","f","eo_seo_Italian","official_lang","work.no.official_lang","no.married","other.attached","nonmigrants.movers"
189474,933,"a20_24","f","ao_esao_Chinese","official_lang","work.official_lang","no.married","other.attached","non.movers"
597236,933,"a60_64","f","ao_esao_Chinese","official_lang","work.no.official_lang","married","other.attached","non.movers"
735082,933,"a60_64","m","ao_esao_Chinese","official_lang","work.official_lang","married","single.detached.house","non.movers"
657310,933,"a35_39","m","ao_esao_Chinese","official_lang","work.official_lang","married","other.attached","external.movers"
601534,933,"a40_44","m","eo_weo_German","official_lang","work.official_lang","living.common.law","other.attached","non.movers"
752880,933,"a40_44","m","ao_esao_Chinese","official_lang","work.official_lang","married","other.attached","nonmigrants.movers"
648286,933,"a50_54","f","eo_eeo_Ukrainian","official_lang","work.official_lang","divorced","other.attached","non.movers"
537359,933,"a80_84","m","ao_esao_Chinese","official_lang","work.no.official_lang","married","other.attached","non.movers"
840203,933,"a40_44","m","eo_bio_Scottish","official_lang","work.official_lang","married","other.attached","non.movers"
105774,933,"a45_49","m","oo","official_lang","work.official_lang","married","other.attached","non.movers"
690919,933,"a20_24","m","oo","official_lang","work.official_lang","no.married","other.attached","non.movers"
209607,933,"a0_4","f","ao_esao_Chinese","official_lang","work.no.official_lang","no.married","other.attached","non.movers"
551758,933,"a85_","f","eo_weo_German","official_lang","work.no.official_lang","married","other.attached","non.movers"
604349,933,"a65_69","m","eo_weo_German","official_lang","work.no.official_lang","widowed","other.attached","non.movers"
210872,933,"a10_14","f","ao_esao_Chinese","official_lang","work.no.official_lang","no.married","other.attached","external.movers"
197945,933,"a20_24","m","ao_esao_Chinese","official_lang","work.no.official_lang","no.married","other.attached","nonmigrants.movers"
145508,933,"a50_54","m","eo_bio_Scottish","official_lang","work.official_lang","married","other.attached","non.movers"
321490,933,"a30_34","m","ao_esao_Chinese","official_lang","work.official_lang","married","other.attached","non.movers"
175308,933,"a55_59","f","eo_bio_English","official_lang","work.official_lang","married","other.attached","non.movers"
2453,933,"a55_59","f","eo_oweo","official_lang","work.official_lang","married","other.attached","nonmigrants.movers"
335501,933,"a50_54","m","eo_eeo_Ukrainian","official_lang","work.official_lang","married","other.attached","non.movers"
775291,933,"a45_49","m","ao_esao_Chinese","official_lang","work.official_lang","no.married","other.attached","non.movers"
144790,933,"a10_14","f","ao_esao_Chinese","official_lang","work.no.official_lang","no.married","other.attached","non.movers"
463429,933,"a5_9","m","ao_esao_Chinese","official_lang","work.no.official_lang","no.married","single.detached.house","non.movers"
875331,933,"a45_49","f","eo_seo_Italian","official_lang","work.official_lang","married","other.attached","nonmigrants.movers"
486879,933,"a60_64","f","eo_bio_English","official_lang","work.official_lang","married","other.attached","non.movers"
887558,933,"a80_84","f","ao_esao_Chinese","official_lang","work.no.official_lang","divorced","other.attached","non.movers"
93723,933,"a85_","m","eo_eeo_Ukrainian","official_lang","work.no.official_lang","married","other.attached","non.movers"
218444,933,"a25_29","m","ao_esao_Chinese","official_lang","work.no.official_lang","no.married","other.attached","nonmigrants.movers"
827205,933,"a20_24","f","ao_esao_Chinese","official_lang","work.no.official_lang","no.married","other.attached","external.movers"
642691,933,"a75_79","f","ao_esao_Chinese","official_lang","work.no.official_lang","married","other.attached","external.movers"
37507,933,"a25_29","f","eo_bio_English","official_lang","work.official_lang","no.married","other.attached","non.movers"
365180,933,"a60_64","m","eo_bio_English","official_lang","work.official_lang","separated","other.attached","non.movers"
796338,933,"a10_14","f","oo","official_lang","work.no.official_lang","no.married","other.attached","non.movers"
33754,933,"a65_69","m","ao_esao_Chinese","official_lang","work.no.official_lang","married","other.attached","non.movers"
419986,933,"a40_44","m","eo_weo_German","official_lang","work.official_lang","living.common.law","single.detached.house","non.movers"
179577,933,"a40_44","m","ao_esao_Chinese","official_lang","work.official_lang","married","other.attached","non.movers"
478851,933,"a35_39","f","ao_esao_Chinese","official_lang","work.official_lang","no.married","other.attached","non.movers"
125398,933,"a25_29","f","ao_esao_Chinese","official_lang","work.official_lang","no.married","other.attached","non.movers"
905937,933,"a15_19","m","eo_seo_Italian","official_lang","work.official_lang","no.married","single.detached.house","non.movers"
175156,933,"a40_44","m","ao_esao_Chinese","official_lang","work.official_lang","married","other.attached","external.movers"
282813,933,"a60_64","m","ao_oesao","official_lang","work.no.official_lang","married","other.attached","non.movers"
425072,933,"a60_64","m","ao_esao_Chinese","official_lang","work.official_lang","married","single.detached.house","non.movers"
88233,933,"a20_24","m","eo_bio_English","official_lang","work.official_lang","no.married","other.attached","non.movers"
595256,933,"a35_39","f","eo_eeo_Polish","official_lang","work.official_lang","no.married","other.attached","non.movers"
497505,933,"a45_49","f","eo_weo_German","official_lang","work.official_lang","married","single.detached.house","non.movers"
91190,933,"a20_24","m","eo_bio_English","official_lang","work.official_lang","no.married","other.attached","non.movers"
449787,933,"a45_49","f","eo_weo_German","official_lang","work.official_lang","living.common.law","other.attached","non.movers"
846007,933,"a50_54","f","ao_esao_Chinese","official_lang","work.official_lang","married","other.attached","non.movers"
688673,933,"a45_49","f","eo_bio_English","official_lang","work.official_lang","married","single.detached.house","non.movers"
9977,933,"a55_59","m","ao","official_lang","work.official_lang","married","other.attached","non.movers"
816736,933,"a65_69","f","ao_sao_ei","official_lang","work.official_lang","married","other.attached","non.movers"
419951,933,"a30_34","m","ao","official_lang","work.official_lang","no.married","other.attached","non.movers"
87662,933,"a20_24","f","onao_Canadian","official_lang","work.official_lang","no.married","single.detached.house","non.movers"
723853,933,"a0_4","f","eo_oseo","official_lang","work.no.official_lang","no.married","other.attached","non.movers"
828932,933,"a10_14","m","ao_esao_Chinese","official_lang","work.no.official_lang","no.married","other.attached","non.movers"
820463,933,"a40_44","m","ao_esao_Chinese","official_lang","work.official_lang","married","other.attached","non.movers"
735170,933,"a0_4","m","ao_esao_Chinese","official_lang","work.no.official_lang","no.married","other.attached","non.movers"
722565,933,"a45_49","m","ao_esao_Chinese","official_lang","work.official_lang","married","other.attached","non.movers"
488172,933,"a40_44","f","eo_weo_German","official_lang","work.official_lang","married","other.attached","non.movers"
829973,933,"a80_84","f","ao_esao_Chinese","no.official_lang","work.no.official_lang","widowed","other.attached","non.movers"
244957,933,"a50_54","m","eo_oseo","official_lang","work.official_lang","married","other.attached","non.movers"
614565,933,"a10_14","f","naao","official_lang","work.no.official_lang","no.married","other.attached","non.movers"
648278,933,"a0_4","m","ao_esao_Chinese","official_lang","work.no.official_lang","no.married","other.attached","non.movers"
468115,933,"a55_59","f","eo_oweo","official_lang","work.no.official_lang","married","other.attached","nonmigrants.movers"
468115,933,"a55_59","f","eo_oweo","official_lang","work.no.official_lang","married","other.attached","nonmigrants.movers"
114796,933,"a15_19","f","naao","official_lang","work.no.official_lang","no.married","other.attached","external.movers"
356466,933,"a20_24","m","ao_oesao","official_lang","work.no.official_lang","no.married","other.attached","non.movers"
202539,933,"a40_44","m","onao","official_lang","work.official_lang","married","other.attached","non.movers"
791417,933,"a25_29","m","ao_esao_Chinese","official_lang","work.official_lang","no.married","other.attached","non.movers"
454803,933,"a20_24","f","ao_esao_Chinese","official_lang","work.no.official_lang","no.married","other.attached","non.movers"
578294,933,"a5_9","m","onao_Canadian","official_lang","work.no.official_lang","no.married","single.detached.house","non.movers"
512453,933,"a55_59","f","ao_esao_Chinese","official_lang","work.no.official_lang","living.common.law","other.attached","non.movers"
202934,933,"a45_49","f","ao_sao_ei","official_lang","work.official_lang","married","other.attached","non.movers"
573714,933,"a70_74","f","eo_eeo_Polish","official_lang","work.no.official_lang","married","other.attached","non.movers"
871165,933,"a25_29","f","onao_Canadian","official_lang","work.official_lang","living.common.law","other.attached","non.movers"
324073,933,"a55_59","f","ao_esao_Chinese","official_lang","work.no.official_lang","married","other.attached","non.movers"
690569,933,"a45_49","m","eo_weo_German","official_lang","work.official_lang","married","other.attached","non.movers"
720589,933,"a20_24","m","ao_esao_Chinese","official_lang","work.no.official_lang","no.married","single.detached.house","external.movers"
552645,933,"a60_64","m","ao_esao_Chinese","no.official_lang","work.no.official_lang","married","other.attached","non.movers"
451709,933,"a20_24","f","ao_sao_ei","official_lang","work.official_lang","no.married","other.attached","non.movers"
442148,933,"a25_29","f","ao_esao_Chinese","official_lang","work.no.official_lang","no.married","other.attached","nonmigrants.movers"
127607,933,"a55_59","f","eo_seo_Italian","official_lang","work.official_lang","no.married","other.attached","non.movers"
162856,933,"a20_24","f","ao_esao_Chinese","official_lang","work.official_lang","no.married","other.attached","external.movers"
854645,933,"a5_9","m","ao_esao_Chinese","official_lang","work.no.official_lang","no.married","other.attached","non.movers"
221073,933,"a35_39","m","naao","official_lang","work.official_lang","married","other.attached","non.movers"
577399,933,"a20_24","f","eo_obio","official_lang","work.official_lang","no.married","other.attached","non.movers"
427304,933,"a55_59","f","naao","official_lang","work.no.official_lang","no.married","other.attached","non.movers"
415585,933,"a15_19","m","ao_esao_Filipino","official_lang","work.official_lang","no.married","other.attached","external.movers"
880502,933,"a55_59","f","ao_esao_Chinese","official_lang","work.official_lang","married","other.attached","non.movers"
865512,933,"a5_9","m","eo_eeo_Ukrainian","official_lang","work.no.official_lang","no.married","other.attached","non.movers"
567278,933,"a50_54","f","eo_neo","official_lang","work.official_lang","married","other.attached","non.movers"
510561,933,"a35_39","f","eo_eeo_Hungarian","official_lang","work.official_lang","living.common.law","other.attached","non.movers"
790695,933,"a40_44","f","eo_neo","official_lang","work.no.official_lang","no.married","other.attached","non.movers"
315727,933,"a50_54","f","eo_obio","official_lang","work.official_lang","living.common.law","other.attached","non.movers"
212097,933,"a45_49","m","ao_esao_Chinese","official_lang","work.no.official_lang","married","other.attached","nonmigrants.movers"
564780,933,"a20_24","f","ao_esao_Chinese","official_lang","work.official_lang","no.married","other.attached","non.movers"
298221,933,"a70_74","f","eo_bio_Scottish","official_lang","work.no.official_lang","married","other.attached","non.movers"
916008,933,"a50_54","f","ao_esao_Chinese","official_lang","work.no.official_lang","married","other.attached","non.movers"
80541,933,"a45_49","f","ao_esao_Chinese","official_lang","work.official_lang","married","other.attached","non.movers"
416315,933,"a20_24","f","ao_esao_Chinese","official_lang","work.official_lang","no.married","other.attached","non.movers"
466405,933,"a20_24","f","ao_oesao","official_lang","work.official_lang","no.married","other.attached","non.movers"
51502,933,"a45_49","f","eo_eeo_Ukrainian","official_lang","work.official_lang","no.married","other.attached","non.movers"
235005,933,"a5_9","f","ao_esao_Chinese","no.official_lang","work.no.official_lang","no.married","single.detached.house","external.movers"
16978,933,"a10_14","m","ao_esao_Chinese","official_lang","work.no.official_lang","no.married","other.attached","non.movers"
668105,933,"a55_59","f","ao_esao_Chinese","official_lang","work.official_lang","married","other.attached","non.movers"
263044,933,"a20_24","f","onao_Canadian","official_lang","work.official_lang","married","other.attached","non.movers"
483895,933,"a45_49","f","ao_esao_Chinese","official_lang","work.official_lang","married","other.attached","non.movers"
572871,933,"a20_24","f","ao_esao_Chinese","official_lang","work.no.official_lang","no.married","other.attached","non.movers"
690598,933,"a65_69","f","eo_obio","official_lang","work.official_lang","married","other.attached","non.movers"
683686,933,"a5_9","f","ao_esao_Chinese","official_lang","work.no.official_lang","no.married","other.attached","external.movers"
438643,933,"a10_14","f","onao_Canadian","official_lang","work.no.official_lang","no.married","other.attached","non.movers"
714277,933,"a40_44","f","ao_oesao","official_lang","work.no.official_lang","married","other.attached","non.movers"
163015,933,"a40_44","m","eo_seo_Italian","official_lang","work.official_lang","married","single.detached.house","non.movers"
612209,933,"a30_34","f","ao_esao_Chinese","official_lang","work.official_lang","no.married","other.attached","external.movers"
168837,933,"a55_59","f","ao_esao_Chinese","official_lang","work.official_lang","married","other.attached","non.movers"
132326,933,"a5_9","m","eo_seo_Italian","official_lang","work.no.official_lang","no.married","other.attached","non.movers"
29516,933,"a15_19","f","ao_sao_ei","official_lang","work.no.official_lang","no.married","other.attached","non.movers"
209390,933,"a65_69","m","ao_esao_Chinese","official_lang","work.official_lang","married","other.attached","non.movers"
14111,933,"a50_54","f","ao_oesao","official_lang","work.official_lang","no.married","other.attached","non.movers"
750894,933,"a25_29","m","ao_esao_Chinese","official_lang","work.official_lang","no.married","other.attached","non.movers"
627869,933,"a75_79","f","eo_seo_Italian","official_lang","work.no.official_lang","married","other.attached","non.movers"
821970,933,"a5_9","m","onao_Canadian","official_lang","work.no.official_lang","no.married","other.attached","non.movers"
600259,933,"a75_79","f","ao_esao_Chinese","official_lang","work.no.official_lang","married","other.attached","non.movers"
581950,933,"a45_49","m","ao_esao_Chinese","official_lang","work.official_lang","married","other.attached","non.movers"
153000,933,"a45_49","f","eo_oeeo","official_lang","work.official_lang","married","single.detached.house","non.movers"
579577,933,"a85_","m","eo_eeo_Ukrainian","official_lang","work.no.official_lang","married","other.attached","non.movers"
854619,933,"a55_59","m","eo_weo_German","official_lang","work.official_lang","married","other.attached","non.movers"
700483,933,"a75_79","f","ao_esao_Chinese","official_lang","work.no.official_lang","divorced","other.attached","non.movers"
62849,933,"a50_54","m","onao_Canadian","official_lang","work.no.official_lang","no.married","other.attached","non.movers"
325533,933,"a10_14","f","ao_sao_ei","official_lang","work.no.official_lang","no.married","other.attached","non.movers"
186986,933,"a40_44","m","ao_esao_Chinese","official_lang","work.official_lang","married","other.attached","non.movers"
850897,933,"a5_9","f","naao","official_lang","work.no.official_lang","no.married","other.attached","non.movers"
534939,933,"a60_64","m","eo_eeo_Polish","official_lang","work.official_lang","married","other.attached","non.movers"
642193,933,"a70_74","f","eo_seo_Italian","official_lang","work.no.official_lang","married","other.attached","non.movers"
464681,933,"a40_44","f","eo_seo_Italian","official_lang","work.official_lang","divorced","other.attached","non.movers"
144223,933,"a25_29","f","ao_esao_Chinese","official_lang","work.official_lang","no.married","other.attached","external.movers"
420119,933,"a30_34","f","ao_esao_Chinese","official_lang","work.no.official_lang","married","other.attached","non.movers"
252020,933,"a15_19","f","eo_obio","official_lang","work.no.official_lang","no.married","other.attached","non.movers"
352465,933,"a35_39","m","eo_weo_German","official_lang","work.official_lang","living.common.law","other.attached","nonmigrants.movers"
787815,933,"a50_54","m","eo_eeo_Polish","official_lang","work.official_lang","married","other.attached","non.movers"
135870,933,"a20_24","f","ao_oesao","official_lang","work.official_lang","no.married","single.detached.house","non.movers"
679651,933,"a45_49","m","ao_esao_Chinese","official_lang","work.no.official_lang","married","other.attached","non.movers"
598774,933,"a5_9","m","ao_sao_ei","official_lang","work.no.official_lang","no.married","single.detached.house","nonmigrants.movers"
904343,933,"a25_29","f","ao_esao_Chinese","official_lang","work.official_lang","no.married","single.detached.house","non.movers"
521628,933,"a20_24","m","ao_sao_ei","official_lang","work.no.official_lang","no.married","single.detached.house","nonmigrants.movers"
79543,933,"a20_24","f","ao_esao_Chinese","official_lang","work.no.official_lang","no.married","other.attached","non.movers"
18957,933,"a45_49","m","eo_oweo","official_lang","work.official_lang","married","single.detached.house","non.movers"
884191,933,"a15_19","f","lcsao","official_lang","work.no.official_lang","no.married","other.attached","external.movers"
120905,933,"a15_19","m","eo_seo_Italian","official_lang","work.official_lang","no.married","other.attached","non.movers"
249398,933,"a20_24","m","onao_Canadian","official_lang","work.no.official_lang","no.married","other.attached","non.movers"
157225,933,"a45_49","m","ao_sao_ei","official_lang","work.official_lang","married","other.attached","non.movers"
165801,933,"a50_54","m","ao_esao_Chinese","official_lang","work.no.official_lang","married","other.attached","non.movers"
452412,933,"a5_9","f","ao_oesao","official_lang","work.no.official_lang","no.married","other.attached","non.movers"
891312,933,"a45_49","m","ao_esao_Filipino","no.official_lang","work.no.official_lang","married","other.attached","non.movers"
372154,933,"a50_54","m","onao_Canadian","official_lang","work.official_lang","no.married","other.attached","non.movers"
234350,933,"a55_59","f","eo_weo_German","official_lang","work.no.official_lang","married","other.attached","non.movers"
37674,933,"a35_39","f","ao_esao_Chinese","official_lang","work.official_lang","living.common.law","other.attached","non.movers"
652339,933,"a40_44","f","ao_esao_Chinese","official_lang","work.no.official_lang","married","other.attached","non.movers"
853426,933,"a30_34","m","onao_Canadian","official_lang","work.official_lang","living.common.law","other.attached","non.movers"
252506,933,"a20_24","m","onao_Canadian","official_lang","work.no.official_lang","no.married","other.attached","non.movers"
387598,933,"a70_74","m","eo_weo_German","official_lang","work.official_lang","married","other.attached","non.movers"
25138,933,"a70_74","f","eo_bio_Irish","official_lang","work.no.official_lang","married","other.attached","non.movers"
841199,933,"a25_29","m","ao_esao_Chinese","official_lang","work.official_lang","no.married","other.attached","non.movers"
462845,933,"a15_19","m","ao_esao_Chinese","official_lang","work.no.official_lang","no.married","other.attached","external.movers"
684619,933,"a55_59","f","eo_eeo_Polish","official_lang","work.official_lang","married","other.attached","non.movers"
185694,933,"a50_54","m","eo_oseo","official_lang","work.official_lang","no.married","other.attached","non.movers"
217658,933,"a20_24","f","naao","official_lang","work.official_lang","no.married","single.detached.house","non.movers"
752458,933,"a40_44","f","ao_oesao","official_lang","work.no.official_lang","married","other.attached","non.movers"
4001,933,"a75_79","m","eo_weo_German","official_lang","work.no.official_lang","married","other.attached","non.movers"
431203,933,"a15_19","f","ao_sao_ei","official_lang","work.no.official_lang","no.married","other.attached","non.movers"
532426,933,"a50_54","f","ao_esao_Chinese","official_lang","work.no.official_lang","married","other.attached","non.movers"
435845,933,"a10_14","m","ao_sao_ei","official_lang","work.no.official_lang","no.married","other.attached","non.movers"
119798,933,"a35_39","f","ao_esao_Chinese","official_lang","work.official_lang","married","other.attached","non.movers"
866029,933,"a55_59","m","onao","official_lang","work.official_lang","married","other.attached","non.movers"
200337,933,"a35_39","m","lcsao","official_lang","work.official_lang","living.common.law","other.attached","non.movers"
298895,933,"a10_14","f","ao_oesao","official_lang","work.no.official_lang","no.married","single.detached.house","non.movers"
33092,933,"a15_19","m","ao_esao_Chinese","official_lang","work.no.official_lang","no.married","other.attached","non.movers"
710595,933,"a65_69","f","ao_esao_Chinese","official_lang","work.no.official_lang","married","other.attached","external.movers"
548320,933,"a5_9","f","ao_oesao","official_lang","work.no.official_lang","no.married","other.attached","nonmigrants.movers"
300666,933,"a50_54","m","onao_Canadian","official_lang","work.official_lang","married","other.attached","non.movers"
353572,933,"a35_39","f","ao_esao_Filipino","official_lang","work.official_lang","married","other.attached","non.movers"
784129,933,"a60_64","f","eo_bio_Scottish","official_lang","work.official_lang","living.common.law","other.attached","non.movers"
870338,933,"a10_14","f","onao_Canadian","official_lang","work.no.official_lang","no.married","other.attached","non.movers"
873269,933,"a55_59","f","eo_weo_German","official_lang","work.official_lang","no.married","other.attached","non.movers"
729404,933,"a55_59","f","eo_bio_English","official_lang","work.official_lang","divorced","other.attached","non.movers"
707298,933,"a45_49","m","eo_seo_Spanish","official_lang","work.official_lang","living.common.law","other.attached","non.movers"
392718,933,"a55_59","m","eo_oseo","official_lang","work.official_lang","married","single.detached.house","non.movers"
132083,933,"a15_19","m","onao_Canadian","official_lang","work.official_lang","no.married","other.attached","non.movers"
410605,933,"a80_84","m","eo_neo","official_lang","work.no.official_lang","married","other.attached","non.movers"
244774,933,"a40_44","m","eo_eeo_Hungarian","official_lang","work.official_lang","married","other.attached","non.movers"
401315,933,"a15_19","f","ao_esao_Chinese","official_lang","work.no.official_lang","no.married","other.attached","non.movers"
109214,933,"a50_54","f","ao_esao_Chinese","official_lang","work.no.official_lang","married","single.detached.house","non.movers"
564822,933,"a55_59","f","ao_sao_ei","official_lang","work.official_lang","married","other.attached","non.movers"
201013,933,"a10_14","f","eo_oseo","official_lang","work.no.official_lang","no.married","other.attached","non.movers"
397658,933,"a5_9","f","eo_oseo","official_lang","work.no.official_lang","no.married","other.attached","non.movers"
517449,933,"a75_79","m","ao_sao_ei","official_lang","work.no.official_lang","married","other.attached","nonmigrants.movers"
859906,933,"a50_54","f","ao_esao_Chinese","official_lang","work.no.official_lang","married","other.attached","non.movers"
23712,933,"a30_34","f","naao","official_lang","work.no.official_lang","no.married","other.attached","non.movers"
543766,933,"a70_74","m","ao_esao_Chinese","official_lang","work.no.official_lang","no.married","other.attached","non.movers"
73638,933,"a25_29","m","ao_esao_Chinese","official_lang","work.official_lang","no.married","other.attached","non.movers"
248075,933,"a75_79","m","ao_esao_Chinese","official_lang","work.no.official_lang","married","other.attached","non.movers"
84933,933,"a15_19","f","oo","official_lang","work.official_lang","no.married","other.attached","non.movers"
870683,933,"a70_74","f","eo_bio_English","official_lang","work.no.official_lang","separated","other.attached","non.movers"
752370,933,"a50_54","f","ao_esao_Chinese","official_lang","work.official_lang","divorced","single.detached.house","non.movers"
134315,933,"a70_74","m","ao_esao_Chinese","official_lang","work.no.official_lang","married","single.detached.house","non.movers"
112606,933,"a60_64","f","ao_esao_Filipino","official_lang","work.no.official_lang","married","other.attached","external.movers"
86867,933,"a60_64","m","eo_oweo","official_lang","work.official_lang","married","other.attached","non.movers"
174866,933,"a10_14","f","ao_esao_Chinese","official_lang","work.no.official_lang","no.married","other.attached","non.movers"
856180,933,"a65_69","f","eo_bio_Irish","official_lang","work.official_lang","married","other.attached","non.movers"
302379,933,"a25_29","m","eo_weo_German","official_lang","work.official_lang","living.common.law","other.attached","non.movers"
193651,933,"a30_34","m","ao_esao_Chinese","official_lang","work.no.official_lang","married","other.attached","nonmigrants.movers"
196151,933,"a60_64","f","onao","official_lang","work.official_lang","living.common.law","other.attached","non.movers"
196151,933,"a60_64","f","onao","official_lang","work.official_lang","living.common.law","other.attached","non.movers"
132764,933,"a30_34","m","ao_esao_Chinese","official_lang","work.official_lang","married","other.attached","non.movers"
911637,933,"a25_29","f","ao_esao_Chinese","official_lang","work.no.official_lang","married","other.attached","non.movers"
428386,933,"a40_44","f","ao_esao_Filipino","official_lang","work.official_lang","married","single.detached.house","non.movers"
864884,933,"a40_44","m","ao_sao_ei","official_lang","work.official_lang","married","single.detached.house","nonmigrants.movers"
825905,933,"a5_9","f","ao_esao_Chinese","official_lang","work.no.official_lang","no.married","other.attached","non.movers"
496102,933,"a50_54","f","ao_esao_Chinese","official_lang","work.no.official_lang","married","other.attached","external.movers"
263777,933,"a10_14","f","ao_sao_ei","official_lang","work.no.official_lang","no.married","other.attached","non.movers"
461225,933,"a30_34","m","ao_esao_Chinese","official_lang","work.official_lang","married","other.attached","non.movers"
310192,933,"a5_9","m","ao_sao_ei","official_lang","work.no.official_lang","no.married","other.attached","non.movers"
547405,933,"a65_69","m","ao_esao_Chinese","no.official_lang","work.no.official_lang","married","other.attached","non.movers"
900550,933,"a25_29","f","ao_esao_Chinese","official_lang","work.official_lang","married","other.attached","non.movers"
606127,933,"a55_59","m","onao_Canadian","official_lang","work.official_lang","divorced","other.attached","non.movers"
34663,933,"a30_34","f","onao_Canadian","official_lang","work.official_lang","married","other.attached","non.movers"
313773,933,"a20_24","m","eo_bio_English","official_lang","work.official_lang","no.married","other.attached","non.movers"
760433,933,"a65_69","m","ao_esao_Chinese","official_lang","work.no.official_lang","married","other.attached","non.movers"
782775,933,"a50_54","f","eo_seo_Italian","official_lang","work.official_lang","separated","other.attached","nonmigrants.movers"
260133,933,"a35_39","f","ao_esao_Chinese","official_lang","work.no.official_lang","married","other.attached","non.movers"
176199,933,"a50_54","f","eo_oseo","official_lang","work.official_lang","married","other.attached","non.movers"
75953,933,"a85_","m","eo_weo_German","official_lang","work.no.official_lang","married","other.attached","non.movers"
302776,933,"a25_29","f","lcsao","official_lang","work.no.official_lang","no.married","other.attached","non.movers"
843130,933,"a65_69","f","eo_weo_Dutch","official_lang","work.official_lang","married","other.attached","non.movers"
347977,933,"a0_4","f","ao_esao_Chinese","official_lang","work.no.official_lang","no.married","other.attached","non.movers"
377027,933,"a30_34","m","ao_sao_ei","official_lang","work.official_lang","no.married","other.attached","non.movers"
561241,933,"a45_49","m","onao","official_lang","work.official_lang","married","single.detached.house","non.movers"
186258,933,"a25_29","f","ao_esao_Chinese","official_lang","work.official_lang","no.married","other.attached","non.movers"
238675,933,"a50_54","f","eo_eeo_Ukrainian","official_lang","work.official_lang","married","other.attached","non.movers"
760678,933,"a80_84","f","ao_esao_Chinese","no.official_lang","work.no.official_lang","married","other.attached","non.movers"
291524,933,"a75_79","f","ao_esao_Chinese","official_lang","work.no.official_lang","no.married","other.attached","non.movers"
651656,933,"a70_74","m","naao","official_lang","work.no.official_lang","widowed","other.attached","non.movers"
847081,933,"a50_54","m","ao_esao_Chinese","official_lang","work.no.official_lang","married","other.attached","external.movers"
578501,933,"a45_49","m","eo_bio_English","official_lang","work.official_lang","married","other.attached","non.movers"
600895,933,"a40_44","m","ao_esao_Filipino","official_lang","work.official_lang","married","other.attached","non.movers"
631346,933,"a55_59","m","ao_sao_ei","official_lang","work.no.official_lang","married","other.attached","non.movers"
