PPSORT,CMA,AGE,SEX,RACE
806409,933,a35_39,m,eo_bio_English
704305,933,a5_9,m,onao
327676,933,a65_69,f,ao_sao_ei
230828,933,a50_54,f,ao_sao_ei
6829,933,a45_49,m,ao
915112,933,a30_34,f,ao_esao_Chinese
62057,933,a20_24,m,ao_esao_Filipino
31318,933,a35_39,m,ao_esao_Chinese
907903,933,a10_14,f,ao_esao_Chinese
458899,933,a10_14,m,eo_seo_Portuguese
506308,933,a75_79,m,eo_oseo
171064,933,a55_59,f,ao_esao_Chinese
363071,933,a35_39,m,ao_esao_Chinese
681859,933,a60_64,f,eo_obio
928299,933,a50_54,m,eo_weo_Dutch
230359,933,a65_69,f,ao_esao_Filipino
482092,933,a55_59,m,ao_oesao
331934,933,a20_24,f,ao_esao_Chinese
556197,933,a15_19,f,lcsao
712552,933,a45_49,f,ao_sao_ei
683770,933,a60_64,f,eo_obio
9674,933,a45_49,f,ao_esao_Chinese
74027,933,a20_24,f,ao_esao_Chinese
738456,933,a80_84,m,eo_weo_Dutch
141615,933,a0_4,f,ao_sao_ei
920530,933,a70_74,m,ao_esao_Chinese
822929,933,a60_64,f,ao_esao_Chinese
472143,933,a65_69,f,ao_wcameo
246826,933,a5_9,f,eo_oseo
369522,933,a70_74,m,ao_esao_Chinese
210361,933,a65_69,m,eo_eeo_Polish
573679,933,a25_29,f,eo_weo_Dutch
839272,933,a5_9,m,onao_Canadian
24571,933,a25_29,m,ao_sao_ei
829387,933,a50_54,f,ao_esao_Chinese
425103,933,a20_24,m,ao_sao_ei
32793,933,a85_,f,eo_seo_Portuguese
115073,933,a20_24,m,ao_sao_ei
404896,933,a5_9,f,ao_oesao
275657,933,a80_84,m,ao_esao_Chinese
824120,933,a45_49,m,onao_Canadian
409441,933,a40_44,f,ao_sao_ei
87356,933,a25_29,f,ao_sao_ei
526022,933,a15_19,m,ao_sao_ei
144997,933,a55_59,m,eo_oeeo
170432,933,a10_14,f,ao_oesao
28838,933,a45_49,m,eo_weo_German
246713,933,a70_74,m,onao_Canadian
861743,933,a55_59,m,ao_sao_ei
582505,933,a25_29,m,ao_esao_Chinese
260528,933,a45_49,m,eo_eeo_Russian
459101,933,a70_74,f,eo_bio_English
326437,933,a65_69,m,ao_oesao
526347,933,a0_4,m,ao_esao_Chinese
340930,933,a40_44,f,ao_sao_ei
466047,933,a65_69,f,ao_esao_Chinese
617027,933,a70_74,m,eo_seo_Greek
598899,933,a5_9,m,ao_wcameo
855731,933,a25_29,m,ao_esao_Chinese
874772,933,a45_49,f,ao_wcameo
889117,933,a0_4,f,eo_bio_English
54844,933,a75_79,m,eo_eeo_Hungarian
707426,933,a20_24,f,onao_Canadian
880167,933,a25_29,m,eo_bio_Irish
57872,933,a15_19,f,ao_sao_ei
66617,933,a70_74,f,ao_esao_Chinese
579836,933,a45_49,m,eo_eeo_Russian
502592,933,a20_24,m,ao_esao_Chinese
641465,933,a25_29,m,ao_esao_Chinese
65486,933,a40_44,m,onao_Canadian
764298,933,a45_49,m,ao_esao_Chinese
918507,933,a45_49,f,eo_bio_English
911196,933,a35_39,f,ao_sao_ei
736135,933,a35_39,f,eo_bio_Scottish
342819,933,a50_54,m,ao_esao_Chinese
643323,933,a40_44,m,eo_bio_English
76650,933,a85_,m,ao_esao_Chinese
929814,933,a35_39,m,ao_oesao
278832,933,a10_14,f,eo_seo_Portuguese
158020,933,a55_59,f,eo_weo_Dutch
713544,933,a5_9,m,ao_esao_Chinese
121623,933,a0_4,f,ao_oesao
256221,933,a55_59,f,ao_esao_Chinese
796338,933,a10_14,f,oo
297223,933,a45_49,f,ao_esao_Chinese
930105,933,a40_44,m,ao_oesao
26312,933,a25_29,f,eo_oseo
600975,933,a45_49,f,ao_sao_ei
26627,933,a50_54,m,eo_bio_Scottish
483326,933,a40_44,f,ao_esao_Chinese
158426,933,a55_59,f,eo_obio
822306,933,a85_,f,ao_esao_Chinese
893463,933,a45_49,m,ao_sao_ei
680252,933,a70_74,m,ao_sao_ei
367552,933,a50_54,f,eo_bio_English
746120,933,a40_44,f,ao_esao_Chinese
355822,933,a55_59,f,ao_esao_Chinese
369835,933,a10_14,m,ao_esao_Filipino
489979,933,a40_44,f,ao_esao_Chinese
390736,933,a0_4,f,ao_sao_ei
393864,933,a60_64,f,ao_esao_Chinese
463,933,a20_24,m,ao_wcameo
21305,933,a30_34,m,ao_esao_Chinese
54774,933,a55_59,f,ao_esao_Chinese
158566,933,a30_34,m,ao_osao
677706,933,a0_4,m,ao_wcameo
266019,933,a30_34,f,ao_sao_ei
837881,933,a0_4,m,ao_sao_ei
682246,933,a10_14,f,ao_esao_Filipino
20182,933,a75_79,f,ao_sao_ei
7697,933,a65_69,f,ao_esao_Chinese
298133,933,a65_69,f,eo_bio_Scottish
596533,933,a20_24,f,ao_oesao
67917,933,a25_29,f,eo_weo_Dutch
706795,933,a75_79,m,ao_wcameo
905742,933,a45_49,f,eo_weo_German
594885,933,a50_54,m,ao_esao_Chinese
862890,933,a55_59,f,eo_seo_Italian
786468,933,a45_49,m,ao_esao_Chinese
853700,933,a65_69,m,ao_sao_ei
691463,933,a45_49,m,ao_osao
428430,933,a10_14,m,ao_sao_ei
668063,933,a35_39,f,lcsao
190127,933,a70_74,f,ao_osao
464218,933,a50_54,m,ao_esao_Chinese
293088,933,a60_64,f,ao_esao_Filipino
592073,933,a40_44,f,eo_seo_Italian
25569,933,a0_4,m,onao_Canadian
756288,933,a5_9,m,ao_esao_Filipino
846668,933,a0_4,m,onao_Canadian
806565,933,a50_54,f,ao_esao_Chinese
147548,933,a40_44,f,eo_weo_Dutch
705483,933,a50_54,m,ao_sao_ei
762126,933,a20_24,m,ao_esao_Chinese
732915,933,a20_24,f,lcsao
819161,933,a10_14,m,ao_wcameo
301218,933,a45_49,f,ao_osao
863930,933,a0_4,f,ao_esao_Chinese
393993,933,a40_44,f,eo_bio_English
25767,933,a40_44,f,ao_esao_Chinese
208138,933,a35_39,m,ao_wcameo
57935,933,a10_14,f,ao_esao_Filipino
236797,933,a25_29,f,ao_wcameo
41086,933,a75_79,m,eo_obio
202147,933,a50_54,m,eo_eeo_Polish
727074,933,a10_14,f,ao_oesao
27611,933,a20_24,f,ao_esao_Chinese
760665,933,a45_49,f,ao_esao_Chinese
443864,933,a40_44,m,eo_oseo
245031,933,a20_24,m,eo_bio_English
566123,933,a65_69,f,onao_Canadian
135946,933,a25_29,m,onao_Canadian
689682,933,a15_19,m,ao_esao_Chinese
501093,933,a60_64,m,ao_sao_ei
175624,933,a50_54,m,ao_esao_Chinese
88412,933,a35_39,f,onao_Canadian
12867,933,a55_59,m,eo_eeo_Ukrainian
379623,933,a40_44,f,ao_sao_ei
93002,933,a55_59,m,ao_wcameo
330315,933,a5_9,f,ao_wcameo
834892,933,a70_74,f,onao_Canadian
293562,933,a60_64,f,ao_esao_Chinese
512687,933,a25_29,m,eo_seo_Italian
526851,933,a65_69,m,ao_sao_ei
376219,933,a25_29,f,ao_oesao
332319,933,a30_34,f,ao_esao_Filipino
670148,933,a40_44,f,lcsao
863692,933,a65_69,m,eo_eeo_Polish
899665,933,a25_29,f,ao_esao_Chinese
551975,933,a50_54,f,ao_esao_Chinese
229574,933,a70_74,f,eo_bio_English
22821,933,a55_59,f,ao_wcameo
633135,933,a45_49,f,ao_esao_Chinese
340427,933,a15_19,m,ao_osao
852942,933,a20_24,m,eo_bio_English
580922,933,a80_84,f,ao_esao_Chinese
805464,933,a35_39,f,ao_esao_Chinese
139113,933,a45_49,f,eo_bio_English
632928,933,a10_14,m,ao_esao_Chinese
496251,933,a55_59,m,ao_sao_ei
219923,933,a25_29,f,ao_oesao
15070,933,a80_84,m,ao_wcameo
258371,933,a25_29,m,ao_sao_ei
917980,933,a50_54,m,eo_bio_English
610622,933,a45_49,f,eo_eeo_Ukrainian
818398,933,a15_19,m,ao_oesao
659764,933,a25_29,f,lcsao
859142,933,a25_29,m,ao_esao_Chinese
152523,933,a15_19,m,ao_oesao
89868,933,a50_54,m,ao_sao_ei
734559,933,a0_4,f,onao_Canadian
911428,933,a85_,m,eo_bio_English
524563,933,a25_29,m,eo_fo
694151,933,a10_14,f,eo_oseo
240096,933,a45_49,f,ao_sao_ei
587026,933,a25_29,m,ao_esao_Chinese
590596,933,a45_49,m,eo_seo_Italian
887941,933,a65_69,f,ao_esao_Chinese
237985,933,a25_29,f,onao_Canadian
460413,933,a40_44,m,ao_esao_Chinese
433705,933,a60_64,f,ao_esao_Chinese
496727,933,a20_24,m,ao_esao_Chinese
765137,933,a25_29,m,eo_bio_English
624455,933,a30_34,f,ao_wcameo
458061,933,a30_34,m,onao_Canadian
422535,933,a20_24,m,ao_esao_Chinese
500736,933,a20_24,m,onao_Canadian
771557,933,a80_84,f,eo_bio_English
893740,933,a80_84,f,eo_bio_English
45904,933,a0_4,f,ao
310680,933,a50_54,m,ao_esao_Filipino
854815,933,a50_54,f,ao_esao_Chinese
15501,933,a45_49,f,ao_esao_Filipino
431373,933,a40_44,f,ao
738107,933,a35_39,m,ao_esao_Filipino
269569,933,a30_34,f,eo_oseo
750990,933,a15_19,f,ao_esao_Chinese
715234,933,a35_39,f,ao_esao_Chinese
824891,933,a75_79,m,ao_esao_Filipino
702009,933,a50_54,m,ao_sao_ei
129502,933,a20_24,m,ao_sao_ei
478726,933,a35_39,f,lcsao
882134,933,a55_59,m,ao_sao_ei
287542,933,a55_59,f,ao_sao_ei
523650,933,a20_24,m,eo_bio_English
920899,933,a65_69,m,eo_bio_English
158007,933,a40_44,f,ao_esao_Chinese
430636,933,a35_39,f,ao_esao_Filipino
308346,933,a80_84,f,eo_bio_English
194205,933,a45_49,f,eo_oeeo
403233,933,a50_54,f,ao
601602,933,a40_44,m,eo_bio_English
252506,933,a20_24,m,onao_Canadian
402136,933,a50_54,f,ao_esao_Chinese
866390,933,a20_24,f,onao_Canadian
735110,933,a25_29,f,ao_esao_Filipino
242325,933,a50_54,m,eo_bio_English
320990,933,a15_19,m,onao_Canadian
852529,933,a55_59,m,eo_bio_Irish
851244,933,a45_49,f,ao_oesao
788055,933,a55_59,f,ao_oesao
159092,933,a0_4,f,ao_esao_Chinese
262119,933,a40_44,m,ao_sao_ei
128449,933,a60_64,f,eo_weo_Dutch
40295,933,a55_59,m,eo_seo_Italian
283852,933,a55_59,f,ao_sao_ei
809286,933,a60_64,m,ao_esao_Filipino
580306,933,a20_24,f,ao_esao_Chinese
717415,933,a5_9,f,ao_sao_ei
34449,933,a55_59,m,ao_sao_ei
733270,933,a10_14,m,ao_esao_Chinese
280063,933,a40_44,f,eo_bio_English
682796,933,a40_44,m,ao_sao_ei
426482,933,a20_24,m,ao_esao_Chinese
270330,933,a20_24,f,ao_sao_ei
721253,933,a25_29,f,ao_esao_Chinese
469677,933,a70_74,f,ao_esao_Chinese
395118,933,a15_19,m,eo_seo_Spanish
897433,933,a30_34,f,ao_esao_Chinese
356128,933,a20_24,m,eo_bio_English
266688,933,a15_19,m,ao_sao_ei
346531,933,a40_44,f,ao_esao_Chinese
408216,933,a75_79,f,ao_esao_Chinese
580306,933,a20_24,f,ao_esao_Chinese
475875,933,a60_64,f,ao_esao_Filipino
315515,933,a20_24,f,ao_wcameo
697433,933,a25_29,m,eo_weo_German
566902,933,a50_54,m,ao_sao_ei
186389,933,a45_49,m,eo_bio_English
376805,933,a25_29,m,eo_bio_Irish
208582,933,a20_24,m,ao_esao_Chinese
706795,933,a75_79,m,ao_wcameo
628931,933,a80_84,f,eo_oeeo
239804,933,a50_54,m,eo_fo
753681,933,a35_39,m,ao_sao_ei
569735,933,a45_49,f,eo_eeo_Russian
630036,933,a20_24,m,ao_esao_Chinese
146294,933,a15_19,m,ao_esao_Chinese
500458,933,a25_29,f,ao_esao_Filipino
616238,933,a35_39,m,onao_Canadian
483399,933,a15_19,f,onao_Canadian
268117,933,a30_34,m,ao_esao_Chinese
341897,933,a55_59,f,ao_esao_Chinese
78685,933,a5_9,f,onao_Canadian
603118,933,a45_49,m,ao_oesao
473523,933,a55_59,m,onao_Canadian
585239,933,a25_29,m,ao_esao_Chinese
815272,933,a50_54,m,eo_weo_German
365363,933,a65_69,f,ao_esao_Chinese
581702,933,a55_59,f,ao_wcameo
89991,933,a60_64,m,eo_eeo_Ukrainian
271137,933,a60_64,m,ao_esao_Filipino
780901,933,a35_39,f,eo_eeo_Polish
808432,933,a70_74,f,eo_oweo
768799,933,a25_29,m,ao
821020,933,a50_54,f,ao_esao_Chinese
911712,933,a45_49,f,eo_weo_Dutch
679068,933,a35_39,m,eo_bio_English
546949,933,a40_44,f,eo_eeo_Russian
2377,933,a65_69,f,ao_esao_Filipino
19985,933,a60_64,m,ao_esao_Chinese
649115,933,a40_44,m,ao_esao_Chinese
878121,933,a30_34,m,lcsao
16639,933,a55_59,f,ao_esao_Chinese
137988,933,a65_69,f,ao_oesao
46842,933,a60_64,f,ao_esao_Chinese
900597,933,a80_84,f,ao_esao_Chinese
275988,933,a65_69,f,eo_bio_English
776182,933,a15_19,f,eo_oeeo
249488,933,a10_14,m,onao_Canadian
15420,933,a65_69,m,eo_seo_Portuguese
468115,933,a55_59,f,eo_oweo
870012,933,a55_59,m,ao_esao_Chinese
105296,933,a75_79,f,ao_esao_Chinese
274346,933,a25_29,f,eo_eeo_Ukrainian
337064,933,a35_39,m,ao_esao_Chinese
621749,933,a10_14,m,ao_sao_ei
411489,933,a20_24,f,eo_oeeo
411667,933,a15_19,f,ao_sao_ei
123986,933,a65_69,f,ao_esao_Chinese
810944,933,a60_64,m,eo_bio_English
43375,933,a55_59,m,ao_esao_Filipino
786567,933,a35_39,f,ao_esao_Filipino
845506,933,a45_49,f,ao_osao
523928,933,a25_29,m,ao_esao_Chinese
575378,933,a40_44,m,onao_Canadian
600939,933,a20_24,f,onao_Canadian
10627,933,a55_59,f,ao_esao_Chinese
238909,933,a10_14,f,eo_bio_English
336411,933,a35_39,m,ao
354419,933,a10_14,m,ao_osao
28377,933,a60_64,f,ao_esao_Filipino
333054,933,a0_4,m,ao_esao_Chinese
916953,933,a50_54,m,onao_Canadian
615306,933,a20_24,f,ao_esao_Chinese
568747,933,a45_49,m,eo_obio
916755,933,a20_24,f,eo_oeeo
786926,933,a30_34,f,eo_obio
922205,933,a35_39,m,eo_eeo_Ukrainian
604335,933,a40_44,m,onao_Canadian
307867,933,a0_4,m,ao_esao_Chinese
699249,933,a55_59,m,eo_weo_German
872393,933,a55_59,f,ao_osao
860583,933,a35_39,f,ao_sao_ei
592926,933,a25_29,f,ao_esao_Chinese
680347,933,a15_19,m,onao_Canadian
716581,933,a80_84,m,eo_neo
175015,933,a40_44,m,ao_oesao
556388,933,a40_44,f,ao_esao_Chinese
22888,933,a50_54,f,eo_seo_Italian
163747,933,a25_29,m,ao_esao_Chinese
838308,933,a0_4,m,ao_osao
240210,933,a30_34,m,ao_esao_Chinese
9216,933,a25_29,m,ao_esao_Chinese
466803,933,a60_64,m,ao_esao_Chinese
912521,933,a40_44,f,ao_esao_Filipino
500622,933,a20_24,f,eo_weo_German
757245,933,a30_34,m,ao_esao_Chinese
709477,933,a50_54,m,ao_esao_Chinese
115647,933,a50_54,f,ao_oesao
704831,933,a20_24,f,ao_sao_ei
38634,933,a50_54,f,eo_neo
192174,933,a35_39,m,lcsao
203239,933,a45_49,f,onao_Canadian
737538,933,a10_14,m,ao_wcameo
921297,933,a85_,f,ao_esao_Filipino
609266,933,a50_54,m,ao_wcameo
573437,933,a30_34,m,ao_osao
387727,933,a20_24,f,ao_esao_Chinese
723957,933,a45_49,m,ao_sao_ei
648146,933,a25_29,m,ao_oesao
257375,933,a80_84,f,eo_bio_Irish
345050,933,a15_19,f,ao_esao_Chinese
892420,933,a15_19,m,ao_esao_Chinese
564601,933,a30_34,m,ao_sao_ei
387041,933,a15_19,m,ao_esao_Chinese
636731,933,a55_59,f,ao_esao_Chinese
145586,933,a0_4,f,ao_oesao
646601,933,a55_59,m,ao_sao_ei
916328,933,a45_49,m,ao_esao_Chinese
177571,933,a55_59,f,ao_esao_Chinese
510490,933,a15_19,m,ao_sao_ei
625301,933,a10_14,m,ao_esao_Chinese
525466,933,a30_34,m,ao_oesao
342472,933,a0_4,m,onao_Canadian
108776,933,a75_79,m,ao_sao_ei
642825,933,a60_64,f,eo_bio_English
411199,933,a45_49,m,onao_Canadian
111671,933,a50_54,f,ao_esao_Chinese
355797,933,a50_54,m,ao_esao_Filipino
430332,933,a75_79,f,ao_sao_ei
685621,933,a45_49,f,ao_esao_Chinese
100299,933,a60_64,f,eo_bio_English
589366,933,a10_14,f,ao_osao
490699,933,a10_14,m,ao_esao_Filipino
242257,933,a10_14,f,ao_esao_Chinese
577682,933,a20_24,f,ao_sao_ei
616628,933,a45_49,f,eo_eeo_Polish
71085,933,a40_44,f,ao_esao_Filipino
43353,933,a30_34,f,ao_osao
541503,933,a30_34,m,ao_sao_ei
267330,933,a50_54,f,ao_esao_Chinese
545172,933,a70_74,m,ao_sao_ei
214135,933,a15_19,f,eo_seo_Italian
40892,933,a20_24,m,ao_sao_ei
410475,933,a70_74,m,eo_fo
767713,933,a50_54,m,ao_esao_Chinese
841154,933,a55_59,f,ao_sao_ei
46727,933,a55_59,m,onao_Canadian
436577,933,a35_39,m,ao_esao_Chinese
558176,933,a10_14,f,ao_sao_ei
227983,933,a20_24,f,ao_esao_Chinese
782775,933,a50_54,f,eo_seo_Italian
758618,933,a35_39,f,ao_wcameo
518645,933,a30_34,m,ao_esao_Chinese
471905,933,a45_49,f,ao_esao_Chinese
319537,933,a35_39,f,ao_sao_ei
848774,933,a10_14,f,onao_Canadian
81731,933,a70_74,f,eo_seo_Italian
878536,933,a75_79,m,eo_seo_Italian
117016,933,a15_19,f,ao_esao_Chinese
293853,933,a80_84,f,eo_weo_German
257444,933,a15_19,f,ao_esao_Filipino
479044,933,a80_84,f,onao
868180,933,a25_29,m,ao_wcameo
858259,933,a55_59,f,eo_eeo_Polish
447087,933,a40_44,f,eo_oeeo
368951,933,a40_44,f,ao_osao
598485,933,a30_34,f,ao_esao_Filipino
429822,933,a20_24,f,ao_sao_ei
914800,933,a55_59,f,ao_esao_Filipino
577001,933,a15_19,f,ao_sao_ei
160621,933,a35_39,m,ao_esao_Chinese
140131,933,a40_44,f,ao_osao
340723,933,a70_74,f,ao_wcameo
482300,933,a35_39,f,ao_esao_Chinese
922737,933,a45_49,f,onao_Canadian
782565,933,a70_74,f,eo_oseo
483769,933,a15_19,m,ao_esao_Chinese
377440,933,a20_24,m,ao_wcameo
550063,933,a25_29,f,lcsao
799960,933,a75_79,f,eo_bio_English
832050,933,a45_49,m,ao_osao
394558,933,a50_54,f,ao_esao_Chinese
773631,933,a50_54,f,ao_esao_Chinese
606050,933,a5_9,m,ao_osao
301619,933,a40_44,m,ao_wcameo
410354,933,a55_59,f,ao_esao_Filipino
606236,933,a55_59,m,ao_sao_ei
757020,933,a5_9,m,ao_sao_ei
600592,933,a60_64,f,oo
578122,933,a15_19,f,ao_osao
828479,933,a40_44,m,onao_Canadian
58256,933,a30_34,f,ao_sao_ei
380693,933,a50_54,f,eo_seo_Italian
379100,933,a55_59,f,eo_bio_English
552195,933,a40_44,m,ao_esao_Chinese
220001,933,a35_39,m,eo_bio_English
92656,933,a30_34,m,ao_esao_Chinese
709103,933,a55_59,f,eo_neo
771369,933,a10_14,m,ao_esao_Chinese
407119,933,a40_44,f,ao_oesao
377466,933,a10_14,f,ao_oesao
883148,933,a55_59,m,naao
190239,933,a45_49,f,ao_esao_Chinese
544273,933,a50_54,f,ao_esao_Chinese
696375,933,a45_49,m,onao_Canadian
167952,933,a30_34,m,eo_bio_Irish
411332,933,a30_34,f,ao_sao_ei
792257,933,a70_74,m,eo_bio_English
229436,933,a15_19,f,eo_seo_Italian
275366,933,a40_44,m,ao_esao_Filipino
920673,933,a25_29,m,ao_oesao
872619,933,a20_24,m,eo_bio_English
881893,933,a5_9,m,ao_esao_Filipino
410953,933,a40_44,f,ao_sao_ei
534646,933,a25_29,f,onao_Canadian
892141,933,a30_34,m,eo_bio_Irish
838321,933,a45_49,m,ao_sao_ei
248013,933,a5_9,m,ao_esao_Filipino
306902,933,a15_19,f,ao_sao_ei
711371,933,a25_29,f,ao_esao_Filipino
721139,933,a35_39,f,ao_oesao
455007,933,a30_34,m,ao_esao_Filipino
746588,933,a15_19,m,ao_esao_Filipino
816956,933,a40_44,m,eo_seo_Italian
24342,933,a25_29,f,ao_sao_ei
211815,933,a50_54,m,ao_esao_Chinese
196425,933,a65_69,f,eo_bio_English
358297,933,a55_59,f,ao_wcameo
300198,933,a65_69,m,eo_bio_Scottish
730205,933,a55_59,m,eo_fo
759387,933,a45_49,m,ao_osao
421540,933,a25_29,f,ao_esao_Filipino
91930,933,a80_84,f,eo_fo
853531,933,a20_24,f,ao_esao_Chinese
44154,933,a10_14,f,ao_oesao
355605,933,a20_24,m,ao_osao
676368,933,a60_64,f,ao_oesao
850500,933,a60_64,f,ao_esao_Chinese
526182,933,a80_84,m,ao_sao_ei
695609,933,a70_74,m,ao_esao_Chinese
327463,933,a10_14,m,eo_oeeo
619519,933,a35_39,f,eo_weo_Dutch
864292,933,a20_24,f,ao_osao
228952,933,a50_54,f,ao_esao_Chinese
196092,933,a50_54,m,ao_oesao
69127,933,a60_64,m,onao_Canadian
870998,933,a85_,m,ao_esao_Chinese
147157,933,a35_39,f,eo_eeo_Ukrainian
492919,933,a45_49,m,eo_bio_English
215123,933,a40_44,m,eo_seo_Greek
358369,933,a35_39,f,eo_bio_English
354637,933,a40_44,f,ao_esao_Filipino
85639,933,a55_59,m,ao_esao_Chinese
630024,933,a25_29,f,ao_oesao
114018,933,a15_19,m,ao_esao_Chinese
664072,933,a30_34,f,ao_oesao
58621,933,a60_64,f,onao_Canadian
10368,933,a40_44,m,eo_obio
79001,933,a40_44,f,eo_oeeo
638738,933,a60_64,f,eo_oeeo
359543,933,a5_9,f,ao_esao_Chinese
793798,933,a35_39,f,ao_esao_Chinese
465662,933,a55_59,f,ao_wcameo
335515,933,a30_34,m,ao_osao
182754,933,a20_24,m,ao_esao_Chinese
508410,933,a20_24,m,ao_oesao
530794,933,a45_49,f,ao_esao_Chinese
2102,933,a55_59,m,ao_esao_Chinese
853459,933,a25_29,m,ao_osao
603562,933,a35_39,m,ao_esao_Chinese
331028,933,a25_29,m,ao_esao_Chinese
271353,933,a80_84,f,ao_sao_ei
846123,933,a50_54,f,ao_esao_Chinese
72529,933,a85_,m,eo_bio_Scottish
669108,933,a30_34,m,ao_esao_Filipino
126387,933,a35_39,f,onao_Canadian
581116,933,a65_69,m,eo_bio_English
695532,933,a75_79,m,eo_seo_Portuguese
831452,933,a65_69,m,eo_oseo
253127,933,a0_4,m,ao_esao_Chinese
20817,933,a5_9,f,ao_oesao
452146,933,a50_54,m,ao_esao_Chinese
89983,933,a55_59,f,ao_esao_Chinese
737711,933,a60_64,f,ao_oesao
487561,933,a65_69,m,ao_esao_Chinese
425432,933,a45_49,m,eo_weo_German
305728,933,a85_,f,ao_esao_Filipino
619693,933,a55_59,f,ao_esao_Chinese
22008,933,a55_59,m,ao_oesao
41780,933,a15_19,f,eo_bio_English
606832,933,a25_29,f,ao_esao_Filipino
40180,933,a55_59,m,eo_bio_Scottish
564493,933,a15_19,f,ao
782905,933,a80_84,f,eo_bio_Irish
900776,933,a75_79,m,ao_esao_Chinese
885726,933,a45_49,f,ao_esao_Chinese
573918,933,a65_69,m,eo_bio_English
496145,933,a40_44,m,onao_Canadian
677606,933,a40_44,f,ao_oesao
352716,933,a30_34,f,ao_esao_Chinese
80165,933,a55_59,f,ao_esao_Filipino
123776,933,a10_14,m,ao_sao_ei
652470,933,a30_34,f,ao_esao_Chinese
862696,933,a10_14,f,ao_oesao
241930,933,a10_14,m,eo_bio_Scottish
446710,933,a20_24,m,ao_esao_Filipino
70177,933,a60_64,f,ao_esao_Chinese
588356,933,a45_49,m,ao_oesao
525031,933,a30_34,m,ao_esao_Chinese
295395,933,a45_49,f,ao_sao_ei
800178,933,a20_24,f,eo_oeeo
228566,933,a65_69,m,eo_obio
881376,933,a35_39,f,ao_esao_Chinese
652838,933,a10_14,f,ao_esao_Chinese
91890,933,a15_19,m,ao_esao_Chinese
13561,933,a35_39,f,ao_esao_Chinese
261297,933,a35_39,f,ao_esao_Chinese
640238,933,a85_,f,eo_bio_English
194959,933,a45_49,f,ao_esao_Chinese
830121,933,a65_69,f,eo_eeo_Hungarian
562713,933,a80_84,m,ao_esao_Chinese
170894,933,a10_14,m,ao_sao_ei
745343,933,a25_29,m,ao_esao_Chinese
362875,933,a40_44,m,eo_eeo_Russian
164113,933,a50_54,f,ao_esao_Chinese
567450,933,a50_54,m,eo_weo_Dutch
334704,933,a20_24,f,ao_sao_ei
833484,933,a35_39,m,ao_esao_Chinese
315357,933,a25_29,f,ao_osao
374906,933,a75_79,f,eo_weo_German
339634,933,a80_84,m,eo_bio_English
905994,933,a5_9,m,ao_sao_ei
744559,933,a75_79,m,eo_obio
436845,933,a50_54,f,ao_esao_Chinese
315555,933,a35_39,m,ao_esao_Chinese
254517,933,a35_39,m,onao_Canadian
635164,933,a25_29,m,ao_esao_Chinese
756146,933,a15_19,m,ao_sao_ei
155157,933,a45_49,m,ao_sao_ei
652879,933,a70_74,m,ao_sao_ei
887266,933,a50_54,m,eo_seo_Italian
61321,933,a45_49,f,ao_esao_Chinese
22873,933,a60_64,f,eo_bio_English
607605,933,a50_54,f,ao_esao_Chinese
573642,933,a45_49,f,onao_Canadian
791609,933,a65_69,m,ao_osao
521438,933,a15_19,f,ao_esao_Chinese
501637,933,a30_34,f,ao_esao_Chinese
490718,933,a55_59,f,eo_eeo_Russian
620432,933,a30_34,f,ao_oesao
673931,933,a60_64,m,eo_eeo_Hungarian
9250,933,a40_44,f,ao_sao_ei
748999,933,a40_44,m,ao_esao_Chinese
801023,933,a15_19,f,ao_sao_ei
809209,933,a45_49,m,ao_esao_Chinese
189586,933,a40_44,m,ao_esao_Chinese
10012,933,a35_39,f,ao_wcameo
17185,933,a50_54,f,ao_esao_Chinese
657825,933,a25_29,f,ao_sao_ei
342438,933,a25_29,f,eo_oseo
633587,933,a65_69,f,eo_seo_Italian
81854,933,a40_44,f,ao_esao_Filipino
878536,933,a75_79,m,eo_seo_Italian
544035,933,a55_59,m,ao_sao_ei
789160,933,a10_14,m,oo
152107,933,a45_49,f,ao_sao_ei
116948,933,a35_39,f,ao_esao_Filipino
19787,933,a20_24,f,ao_esao_Chinese
115280,933,a50_54,f,eo_bio_English
792052,933,a50_54,m,ao_sao_ei
622874,933,a45_49,f,ao_esao_Chinese
638790,933,a70_74,m,ao_wcameo
437565,933,a45_49,f,ao_esao_Chinese
887174,933,a65_69,m,ao_esao_Filipino
29353,933,a65_69,f,onao_Canadian
882867,933,a50_54,f,ao_esao_Chinese
245558,933,a40_44,f,ao_sao_ei
682514,933,a40_44,f,eo_oseo
341245,933,a30_34,m,ao
446819,933,a60_64,m,ao_oesao
184435,933,a10_14,m,ao_sao_ei
544697,933,a50_54,f,ao_esao_Chinese
564576,933,a70_74,f,eo_eeo_Ukrainian
52398,933,a15_19,m,ao_esao_Filipino
577860,933,a60_64,m,lcsao
232867,933,a20_24,m,eo_seo_Portuguese
366035,933,a65_69,f,eo_obio
442182,933,a65_69,f,ao_esao_Chinese
352456,933,a85_,f,eo_eeo_Ukrainian
35005,933,a5_9,f,ao
843696,933,a45_49,m,ao_esao_Filipino
662220,933,a70_74,f,eo_oeeo
172149,933,a20_24,m,onao_Canadian
555775,933,a15_19,m,eo_oseo
582231,933,a35_39,m,ao_sao_ei
591577,933,a80_84,m,eo_bio_English
837842,933,a45_49,m,eo_eeo_Ukrainian
853580,933,a45_49,m,ao_esao_Filipino
75500,933,a20_24,f,ao_esao_Chinese
893074,933,a20_24,m,eo_bio_English
111798,933,a45_49,m,ao_esao_Chinese
884626,933,a25_29,f,ao_esao_Chinese
852325,933,a65_69,f,ao_sao_ei
722560,933,a80_84,f,naao
759116,933,a25_29,f,ao_oesao
96339,933,a10_14,f,naao
332633,933,a45_49,m,ao_esao_Chinese
758551,933,a0_4,f,onao_Canadian
158309,933,a25_29,f,ao_esao_Chinese
599966,933,a80_84,f,ao_esao_Chinese
313044,933,a65_69,f,ao_esao_Chinese
107389,933,a50_54,f,eo_seo_Portuguese
114075,933,a50_54,f,ao_esao_Filipino
106198,933,a25_29,f,ao_esao_Chinese
10782,933,a65_69,m,eo_neo
210745,933,a15_19,m,eo_bio_English
406731,933,a50_54,m,eo_oseo
252862,933,a30_34,m,ao_sao_ei
689206,933,a65_69,f,eo_bio_Irish
661039,933,a50_54,m,eo_seo_Italian
616977,933,a50_54,m,ao_sao_ei
576025,933,a15_19,m,ao_esao_Filipino
458022,933,a15_19,f,eo_seo_Italian
672947,933,a35_39,m,onao_Canadian
788456,933,a45_49,m,ao_esao_Chinese
243210,933,a20_24,f,ao_esao_Chinese
923560,933,a5_9,f,ao_esao_Chinese
109069,933,a15_19,m,eo_oeeo
553590,933,a60_64,m,ao_sao_ei
840056,933,a45_49,f,ao_esao_Chinese
322820,933,a35_39,f,eo_seo_Italian
301374,933,a50_54,f,ao_esao_Filipino
556813,933,a45_49,m,ao_esao_Chinese
68805,933,a40_44,f,ao
188350,933,a40_44,f,ao_sao_ei
547070,933,a20_24,f,ao_esao_Chinese
63655,933,a20_24,m,ao_wcameo
637893,933,a5_9,f,ao_osao
400832,933,a30_34,m,ao_esao_Filipino
336280,933,a60_64,m,ao_sao_ei
647676,933,a10_14,m,ao_esao_Filipino
490034,933,a60_64,m,ao_wcameo
262371,933,a5_9,m,ao_sao_ei
445157,933,a65_69,f,ao_esao_Chinese
914452,933,a55_59,m,onao_Canadian
89471,933,a30_34,m,eo_oeeo
183249,933,a40_44,m,eo_neo
695814,933,a85_,f,eo_weo_German
205833,933,a25_29,f,onao_Canadian
657322,933,a85_,m,eo_seo_Italian
600220,933,a15_19,f,ao_oesao
238062,933,a50_54,f,ao_oesao
478660,933,a55_59,f,onao_Canadian
695692,933,a50_54,m,eo_eeo_Ukrainian
412615,933,a65_69,m,eo_oseo
44685,933,a30_34,f,ao_esao_Chinese
437525,933,a25_29,f,onao_Canadian
487913,933,a25_29,f,lcsao
326863,933,a75_79,f,ao_sao_ei
666302,933,a65_69,m,ao_oesao
201082,933,a30_34,m,ao_esao_Chinese
64220,933,a15_19,f,ao_esao_Chinese
154371,933,a5_9,m,eo_bio_Scottish
423616,933,a20_24,f,ao_sao_ei
154507,933,a35_39,f,ao_esao_Filipino
423396,933,a30_34,m,ao_sao_ei
195486,933,a20_24,f,ao_esao_Chinese
694395,933,a60_64,f,eo_eeo_Polish
839972,933,a75_79,m,eo_bio_Scottish
822372,933,a10_14,m,ao_esao_Filipino
515258,933,a70_74,m,ao_osao
3160,933,a80_84,f,eo_bio_Scottish
64820,933,a10_14,f,ao_sao_ei
340568,933,a55_59,f,ao_esao_Chinese
595122,933,a40_44,m,eo_weo_German
924887,933,a35_39,m,ao_oesao
573133,933,a60_64,f,ao_esao_Chinese
143805,933,a50_54,f,ao_esao_Chinese
243722,933,a60_64,f,ao_esao_Chinese
71931,933,a40_44,f,ao_sao_ei
646396,933,a10_14,m,ao_esao_Chinese
4939,933,a35_39,f,ao_esao_Chinese
814528,933,a45_49,m,eo_bio_English
357068,933,a30_34,m,ao_esao_Chinese
371254,933,a15_19,f,eo_seo_Italian
629978,933,a45_49,f,ao_esao_Chinese
774940,933,a55_59,m,ao_esao_Filipino
463339,933,a20_24,m,ao_esao_Chinese
866784,933,a10_14,m,onao_Canadian
865189,933,a50_54,m,onao_Canadian
832346,933,a50_54,f,ao_esao_Chinese
13546,933,a0_4,f,ao_sao_ei
539540,933,a80_84,f,ao_sao_ei
79092,933,a55_59,f,eo_bio_English
909371,933,a20_24,m,onao_Canadian
773785,933,a25_29,f,eo_eeo_Polish
309724,933,a50_54,f,eo_eeo_Hungarian
191496,933,a70_74,f,eo_bio_Irish
681898,933,a85_,f,ao_esao_Chinese
489498,933,a15_19,f,ao_esao_Chinese
352895,933,a60_64,f,eo_bio_Scottish
785326,933,a15_19,m,ao_sao_ei
407450,933,a35_39,f,ao_esao_Chinese
594719,933,a40_44,m,ao_esao_Chinese
255242,933,a30_34,f,ao_sao_ei
683365,933,a15_19,m,onao_Canadian
405909,933,a50_54,m,ao_esao_Chinese
244310,933,a35_39,m,ao_oesao
456941,933,a45_49,f,ao_oesao
190654,933,a65_69,f,ao_sao_ei
306826,933,a80_84,m,eo_bio_English
416715,933,a45_49,f,ao_esao_Chinese
17935,933,a10_14,f,onao_Canadian
823709,933,a35_39,f,ao_wcameo
914713,933,a35_39,m,ao_esao_Chinese
775497,933,a10_14,f,ao_sao_ei
245469,933,a20_24,m,eo_bio_English
561826,933,a20_24,m,oo
88918,933,a65_69,m,ao_esao_Chinese
859420,933,a50_54,f,ao_esao_Chinese
185975,933,a10_14,m,ao_esao_Chinese
667135,933,a20_24,f,ao_sao_ei
805374,933,a60_64,m,ao_wcameo
108686,933,a40_44,f,eo_oweo
7795,933,a5_9,m,ao
204044,933,a55_59,f,ao_sao_ei
348401,933,a0_4,m,ao_sao_ei
703015,933,a70_74,m,eo_oeeo
31902,933,a0_4,f,ao_esao_Chinese
192061,933,a45_49,m,ao_wcameo
162186,933,a75_79,m,ao_esao_Chinese
693472,933,a45_49,f,eo_eeo_Polish
815040,933,a10_14,f,ao_esao_Chinese
79643,933,a55_59,f,ao_oesao
570251,933,a0_4,m,onao_Canadian
297421,933,a30_34,f,eo_eeo_Ukrainian
724352,933,a35_39,m,ao_sao_ei
245327,933,a40_44,m,onao_Canadian
96522,933,a40_44,f,ao_esao_Chinese
436278,933,a70_74,f,ao_esao_Chinese
462412,933,a45_49,m,ao_esao_Chinese
459445,933,a20_24,f,ao_wcameo
925870,933,a0_4,f,onao_Canadian
563583,933,a45_49,f,ao
420604,933,a60_64,f,ao_esao_Chinese
104619,933,a50_54,f,ao_oesao
337982,933,a40_44,m,eo_fo
119182,933,a60_64,f,ao_sao_ei
688673,933,a45_49,f,eo_bio_English
256744,933,a65_69,m,ao_esao_Chinese
811768,933,a50_54,f,ao_sao_ei
138011,933,a55_59,f,ao_oesao
161705,933,a25_29,f,ao_esao_Chinese
321329,933,a45_49,f,ao_esao_Chinese
858433,933,a55_59,f,ao_esao_Chinese
835212,933,a80_84,m,onao_Canadian
709870,933,a10_14,f,ao_oesao
117730,933,a0_4,f,ao_esao_Chinese
2997,933,a45_49,m,eo_bio_English
196414,933,a20_24,f,naao
526854,933,a50_54,f,onao_Canadian
143024,933,a55_59,m,eo_weo_Dutch
834352,933,a35_39,f,ao_esao_Chinese
871335,933,a55_59,f,eo_eeo_Russian
234287,933,a80_84,f,eo_eeo_Hungarian
855393,933,a55_59,f,ao_esao_Chinese
678530,933,a45_49,f,ao_esao_Chinese
451735,933,a35_39,f,onao_Canadian
680313,933,a35_39,f,ao_esao_Chinese
682090,933,a10_14,m,eo_bio_Scottish
79658,933,a5_9,f,ao_sao_ei
730676,933,a65_69,f,ao_oesao
112921,933,a10_14,f,ao_esao_Chinese
726707,933,a20_24,f,ao_esao_Chinese
31287,933,a30_34,f,ao_esao_Chinese
202626,933,a35_39,m,ao_oesao
453727,933,a45_49,f,onao_Canadian
322228,933,a15_19,m,ao_oesao
581561,933,a45_49,m,ao_esao_Chinese
506710,933,a15_19,f,onao_Canadian
449413,933,a5_9,m,eo_bio_English
416851,933,a50_54,m,ao_esao_Chinese
751013,933,a50_54,f,ao_esao_Chinese
169965,933,a65_69,f,ao_sao_ei
188921,933,a20_24,m,ao_sao_ei
36319,933,a50_54,m,ao_esao_Chinese
851998,933,a20_24,m,ao_esao_Chinese
627534,933,a40_44,m,ao_wcameo
151768,933,a55_59,f,eo_eeo_Russian
22216,933,a70_74,m,ao_sao_ei
794999,933,a60_64,m,eo_bio_Scottish
398230,933,a20_24,f,ao_esao_Chinese
878054,933,a55_59,m,ao_esao_Chinese
